CostID,BranchID,CostDate,CostCategory,CostAmount,Description
1,1,2024-01-01,Rent,121194.73,Rent expense for January 2024
2,1,2024-01-01,Electricity,58430.88,Electricity expense for January 2024
3,1,2024-01-01,Salaries,511018.27,Salaries expense for January 2024
4,1,2024-01-01,Maintenance,18852.82,Maintenance expense for January 2024
5,1,2024-01-01,Delivery,38597.04,Delivery expense for January 2024
6,1,2024-01-01,Cleaning,10771.91,Cleaning expense for January 2024
7,1,2024-01-01,Repairs,29387.68,Repairs expense for January 2024
8,1,2024-01-01,Miscellaneous,15324.33,Miscellaneous expense for January 2024
9,1,2024-02-01,Rent,91442.21,Rent expense for February 2024
10,1,2024-02-01,Electricity,49147.35,Electricity expense for February 2024
11,1,2024-02-01,Salaries,591625.84,Salaries expense for February 2024
12,1,2024-02-01,Maintenance,7081.39,Maintenance expense for February 2024
13,1,2024-02-01,Delivery,48840.49,Delivery expense for February 2024
14,1,2024-02-01,Cleaning,9889.77,Cleaning expense for February 2024
15,1,2024-02-01,Repairs,25904.11,Repairs expense for February 2024
16,1,2024-02-01,Miscellaneous,12152.26,Miscellaneous expense for February 2024
17,1,2024-03-01,Rent,70486.88,Rent expense for March 2024
18,1,2024-03-01,Electricity,33642.63,Electricity expense for March 2024
19,1,2024-03-01,Salaries,371344.49,Salaries expense for March 2024
20,1,2024-03-01,Maintenance,12328.1,Maintenance expense for March 2024
21,1,2024-03-01,Delivery,48644.1,Delivery expense for March 2024
22,1,2024-03-01,Cleaning,8211.14,Cleaning expense for March 2024
23,1,2024-03-01,Repairs,14918.13,Repairs expense for March 2024
24,1,2024-03-01,Miscellaneous,15431.3,Miscellaneous expense for March 2024
25,1,2024-04-01,rent,181507.96,Rent expense for April 2024
26,1,2024-04-01,Electricity,48468.92,Electricity expense for April 2024
27,1,2024-04-01,Salaries,425391.29,Salaries expense for April 2024
28,1,2024-04-01,Maintenance,16484.52,Maintenance expense for April 2024
29,1,2024-04-01,Delivery,36522.41,Delivery expense for April 2024
30,1,2024-04-01,Cleaning,9466.41,Cleaning expense for April 2024
31,1,2024-04-01,Repairs,4316.36,Repairs expense for April 2024
32,1,2024-04-01,Miscellaneous,4546.64,Miscellaneous expense for April 2024
33,1,2024-05-01,Rent,185832.44,Rent expense for May 2024
34,1,2024-05-01,Electricity,57832.95,Electricity expense for May 2024
35,1,2024-05-01,Salaries,305448.5,Salaries expense for May 2024
36,1,2024-05-01,Maintenance,17446.07,Maintenance expense for May 2024
37,1,2024-05-01,Delivery,37324.96,Delivery expense for May 2024
38,1,2024-05-01,Cleaning,9699.59,Cleaning expense for May 2024
39,1,2024-05-01,Repairs,13224.78,Repairs expense for May 2024
40,1,2024-05-01,Miscellaneous,13195.33,Miscellaneous expense for May 2024
41,1,2024-06-01,Rent,91896.7,Rent expense for June 2024
42,1,2024-06-01,Electricity,56230.56,Electricity expense for June 2024
43,1,2024-06-01,SALARIES,318336.69,Salaries expense for June 2024
44,1,2024-06-01,Maintenance,21557.72,Maintenance expense for June 2024
45,1,2024-06-01,Delivery,30362.7,Delivery expense for June 2024
46,1,2024-06-01,Cleaning,10859.01,Cleaning expense for June 2024
47,1,2024-06-01,Repairs,30852.19,Repairs expense for June 2024
48,1,2024-06-01,Miscellaneous,13171.88,Miscellaneous expense for June 2024
49,1,2024-07-01,Rent,168464.96,Rent expense for July 2024
50,1,2024-07-01,Electricity,43647.03,Electricity expense for July 2024
51,1,2024-07-01,Salaries,588962.29,Salaries expense for July 2024
52,1,2024-07-01,Maintenance,25860.01,Maintenance expense for July 2024
53,1,2024-07-01,delivery,41905.69,Delivery expense for July 2024
54,1,2024-07-01,Cleaning,10757.1,Cleaning expense for July 2024
55,1,2024-07-01,Repairs,32626.26,Repairs expense for July 2024
56,1,2024-07-01,Miscellaneous,5694.34,Miscellaneous expense for July 2024
57,1,2024-08-01,Rent,158735.31,Rent expense for August 2024
58,1,2024-08-01,Electricity,53623.8,Electricity expense for August 2024
59,1,2024-08-01,Salaries,462349.46,Salaries expense for August 2024
60,1,2024-08-01,Maintenance,7337.15,Maintenance expense for August 2024
61,1,2024-08-01,Delivery,28833.73,Delivery expense for August 2024
62,1,2024-08-01,Cleaning,9393.85,Cleaning expense for August 2024
63,1,2024-08-01,Repairs,7617.46,Repairs expense for August 2024
64,1,2024-08-01,Miscellaneous,5151.32,Miscellaneous expense for August 2024
65,1,2024-09-01,Rent,161588.26,Rent expense for September 2024
66,1,2024-09-01,Electricity,43315.58,Electricity expense for September 2024
67,1,2024-09-01,Salaries,367364.68,Salaries expense for September 2024
68,1,2024-09-01,Maintenance,9352.48,Maintenance expense for September 2024
69,1,2024-09-01,Delivery,29074.17,Delivery expense for September 2024
70,1,2024-09-01,Cleaning,8349.19,Cleaning expense for September 2024
71,1,2024-09-01,Repairs,32014.33,Repairs expense for September 2024
72,1,2024-09-01,Miscellaneous,13836.81,Miscellaneous expense for September 2024
73,1,2024-10-01,Rent,198349.78,Rent expense for October 2024
74,1,2024-10-01,Electricity,32313.94,Electricity expense for October 2024
75,1,2024-10-01,Salaries,586837.04,Salaries expense for October 2024
76,1,2024-10-01,Maintenance,14003.8,Maintenance expense for October 2024
77,1,2024-10-01,Delivery,49414.72,Delivery expense for October 2024
78,1,2024-10-01,Cleaning,4479.02,Cleaning expense for October 2024
79,1,2024-10-01,Repairs,12249.49,Repairs expense for October 2024
80,1,2024-10-01,Miscellaneous,11236.8,Miscellaneous expense for October 2024
81,1,2024-11-01,Rent,130356.12,Rent expense for November 2024
82,1,2024-11-01,Electricity,52903.4,Electricity expense for November 2024
83,1,2024-11-01,Salaries,406098.13,Salaries expense for November 2024
84,1,2024-11-01,Maintenance,10676.54,Maintenance expense for November 2024
85,1,2024-11-01,Delivery,19064.64,Delivery expense for November 2024
86,1,2024-11-01,Cleaning,6190.66,Cleaning expense for November 2024
87,1,2024-11-01,Repairs,20628.31,Repairs expense for November 2024
88,1,2024-11-01,Miscellaneous,4170.29,Miscellaneous expense for November 2024
89,1,2024-12-01,Rent,78432.81,Rent expense for December 2024
90,1,2024-12-01,Electricity,42917.99,Electricity expense for December 2024
91,1,2024-12-01,Salaries,440487.8,Salaries expense for December 2024
92,1,2024-12-01,Maintenance,11675.82,Maintenance expense for December 2024
93,1,2024-12-01,Delivery,19457.95,Delivery expense for December 2024
94,1,2024-12-01,Cleaning,5222.02,Cleaning expense for December 2024
95,1,2024-12-01,Repairs,20245.33,Repairs expense for December 2024
96,1,2024-12-01,miscellaneous,2276.35,Miscellaneous expense for December 2024
97,1,2025-01-01,Rent,185613.14,Rent expense for January 2025
98,1,2025-01-01,Electricity,44466.32,Electricity expense for January 2025
99,1,2025-01-01,Salaries,339640.29,Salaries expense for January 2025
100,1,2025-01-01,Maintenance,25340.03,Maintenance expense for January 2025
101,1,2025-01-01,Delivery,26577.31,Delivery expense for January 2025
102,1,2025-01-01,Cleaning,11235.43,Cleaning expense for January 2025
103,1,2025-01-01,Repairs,15594.44,Repairs expense for January 2025
104,1,2025-01-01,Miscellaneous,14120.51,Miscellaneous expense for January 2025
105,1,2025-02-01,Rent,212526.54,Rent expense for February 2025
106,1,2025-02-01,Electricity,43727.76,Electricity expense for February 2025
107,1,2025-02-01,Salaries,353886.44,Salaries expense for February 2025
108,1,2025-02-01,Maintenance,21280.61,Maintenance expense for February 2025
109,1,2025-02-01,Delivery,47001.18,Delivery expense for February 2025
110,1,2025-02-01,Cleaning,8098.57,Cleaning expense for February 2025
111,1,2025-02-01,Repairs,16748.26,Repairs expense for February 2025
112,1,2025-02-01,Miscellaneous,15389.37,Miscellaneous expense for February 2025
113,1,2025-03-01,Rent,189850.48,Rent expense for March 2025
114,1,2025-03-01,Electricity,36955.69,Electricity expense for March 2025
115,1,2025-03-01,Salaries,564628.48,Salaries expense for March 2025
116,1,2025-03-01,Maintenance,12720.63,Maintenance expense for March 2025
117,1,2025-03-01,Delivery,41563.57,Delivery expense for March 2025
118,1,2025-03-01,Cleaning,8462.99,Cleaning expense for March 2025
119,1,2025-03-01,Repairs,19552.25,Repairs expense for March 2025
120,1,2025-03-01,Miscellaneous,12092.8,Miscellaneous expense for March 2025
121,1,2025-04-01,Rent,78693.5,Rent expense for April 2025
122,1,2025-04-01,Electricity,39731.41,Electricity expense for April 2025
123,1,2025-04-01,Salaries,532266.09,Salaries expense for April 2025
124,1,2025-04-01,Maintenance,11244.53,Maintenance expense for April 2025
125,1,2025-04-01,Delivery,29765.58,Delivery expense for April 2025
126,1,2025-04-01,Cleaning,4869.63,Cleaning expense for April 2025
127,1,2025-04-01,Repairs,5410.35,Repairs expense for April 2025
128,1,2025-04-01,Miscellaneous,8967.3,Miscellaneous expense for April 2025
129,1,2025-05-01,Rent,93037.4,Rent expense for May 2025
130,1,2025-05-01,Electricity,29548.83,Electricity expense for May 2025
131,1,2025-05-01,Salaries,455813.41,Salaries expense for May 2025
132,1,2025-05-01,maintenance,12418.54,Maintenance expense for May 2025
133,1,2025-05-01,Delivery,29223.27,Delivery expense for May 2025
134,1,2025-05-01,Cleaning,12988.36,Cleaning expense for May 2025
135,1,2025-05-01,Repairs,16888.08,Repairs expense for May 2025
136,1,2025-05-01,Miscellaneous,16204.33,Miscellaneous expense for May 2025
137,1,2025-06-01,Rent,149540.0,Rent expense for June 2025
138,1,2025-06-01,Electricity,55030.84,Electricity expense for June 2025
139,1,2025-06-01,Salaries,524080.43,Salaries expense for June 2025
140,1,2025-06-01,Maintenance,17567.33,Maintenance expense for June 2025
141,1,2025-06-01,Delivery,27759.66,Delivery expense for June 2025
142,1,2025-06-01,Cleaning,10360.86,Cleaning expense for June 2025
143,1,2025-06-01,Repairs,8502.12,Repairs expense for June 2025
144,1,2025-06-01,Miscellaneous,9445.21,Miscellaneous expense for June 2025
145,1,2025-07-01,Rent,72546.81,Rent expense for July 2025
146,1,2025-07-01,Electricity,33966.86,Electricity expense for July 2025
147,1,2025-07-01,Salaries,377328.85,Salaries expense for July 2025
148,1,2025-07-01,Maintenance,21445.86,Maintenance expense for July 2025
149,1,2025-07-01,Delivery,31542.62,Delivery expense for July 2025
150,1,2025-07-01,Cleaning,11289.29,Cleaning expense for July 2025
151,1,2025-07-01,Repairs,3134.04,Repairs expense for July 2025
152,1,2025-07-01,Miscellaneous,5239.33,Miscellaneous expense for July 2025
153,1,2025-08-01,Rent,145029.27,Rent expense for August 2025
154,1,2025-08-01,Electricity,51837.97,Electricity expense for August 2025
155,1,2025-08-01,Salaries,606059.25,Salaries expense for August 2025
156,1,2025-08-01,Maintenance,20973.74,Maintenance expense for August 2025
157,1,2025-08-01,Delivery,21837.74,Delivery expense for August 2025
158,1,2025-08-01,Cleaning,4676.55,Cleaning expense for August 2025
159,1,2025-08-01,Repairs,26006.7,Repairs expense for August 2025
160,1,2025-08-01,Miscellaneous,3276.83,Miscellaneous expense for August 2025
161,1,2025-09-01,Rent,155745.7,Rent expense for September 2025
162,1,2025-09-01,Electricity,43339.35,Electricity expense for September 2025
163,1,2025-09-01,Salaries,397815.65,Salaries expense for September 2025
164,1,2025-09-01,Maintenance,16195.57,Maintenance expense for September 2025
165,1,2025-09-01,Delivery,31217.93,Delivery expense for September 2025
166,1,2025-09-01,Cleaning,7423.71,Cleaning expense for September 2025
167,1,2025-09-01,Repairs,34388.55,Repairs expense for September 2025
168,1,2025-09-01,Miscellaneous,11896.86,Miscellaneous expense for September 2025
169,1,2025-10-01,Rent,111910.24,Rent expense for October 2025
170,1,2025-10-01,Electricity,60571.36,Electricity expense for October 2025
171,1,2025-10-01,Salaries,382419.17,Salaries expense for October 2025
172,1,2025-10-01,Maintenance,22643.36,Maintenance expense for October 2025
173,1,2025-10-01,Delivery,44066.27,Delivery expense for October 2025
174,1,2025-10-01,Cleaning,11040.88,Cleaning expense for October 2025
175,1,2025-10-01,Repairs,17100.4,Repairs expense for October 2025
176,1,2025-10-01,Miscellaneous,6384.58,Miscellaneous expense for October 2025
177,1,2025-11-01,Rent,140410.34,Rent expense for November 2025
178,1,2025-11-01,Electricity,53845.4,Electricity expense for November 2025
179,1,2025-11-01,Salaries,445087.95,Salaries expense for November 2025
180,1,2025-11-01,Maintenance,12182.7,Maintenance expense for November 2025
181,1,2025-11-01,Delivery,14159.97,Delivery expense for November 2025
182,1,2025-11-01,Cleaning,10827.74,Cleaning expense for November 2025
183,1,2025-11-01,Repairs,20143.97,Repairs expense for November 2025
184,1,2025-11-01,Miscellaneous,13151.13,Miscellaneous expense for November 2025
185,1,2025-12-01,Rent,108627.1,Rent expense for December 2025
186,1,2025-12-01,Electricity,35903.32,Electricity expense for December 2025
187,1,2025-12-01,Salaries,513118.11,Salaries expense for December 2025
188,1,2025-12-01,Maintenance,24088.24,Maintenance expense for December 2025
189,1,2025-12-01,Delivery,38027.82,Delivery expense for December 2025
190,1,2025-12-01,Cleaning,7224.03,Cleaning expense for December 2025
191,1,2025-12-01,Repairs,26234.36,Repairs expense for December 2025
192,1,2025-12-01,Miscellaneous,12346.27,Miscellaneous expense for December 2025
193,1,2026-01-01,Rent,135989.71,Rent expense for January 2026
194,1,2026-01-01,Electricity,29028.09,Electricity expense for January 2026
195,1,2026-01-01,Salaries,466482.28,Salaries expense for January 2026
196,1,2026-01-01,Maintenance,24540.03,Maintenance expense for January 2026
197,1,2026-01-01,Delivery,19239.83,Delivery expense for January 2026
198,1,2026-01-01,Cleaning,9845.76,Cleaning expense for January 2026
199,1,2026-01-01,Repairs,8494.53,Repairs expense for January 2026
200,1,2026-01-01,Miscellaneous,12588.91,Miscellaneous expense for January 2026
201,1,2026-02-01,Rent,141626.46,Rent expense for February 2026
202,1,2026-02-01,Electricity,24310.86,Electricity expense for February 2026
203,1,2026-02-01,Salaries,321380.95,Salaries expense for February 2026
204,1,2026-02-01,Maintenance,21541.65,Maintenance expense for February 2026
205,1,2026-02-01,Delivery,44090.7,Delivery expense for February 2026
206,1,2026-02-01,Cleaning,7048.08,Cleaning expense for February 2026
207,1,2026-02-01,Repairs,7080.22,Repairs expense for February 2026
208,1,2026-02-01,Miscellaneous,14247.53,Miscellaneous expense for February 2026
209,1,2026-03-01,Rent,90799.96,Rent expense for March 2026
210,1,2026-03-01,Electricity,41948.37,Electricity expense for March 2026
211,1,2026-03-01,Salaries,482247.11,Salaries expense for March 2026
212,1,2026-03-01,Maintenance,18610.32,Maintenance expense for March 2026
213,1,2026-03-01,Delivery,37530.26,Delivery expense for March 2026
214,1,2026-03-01,Cleaning,4403.89,Cleaning expense for March 2026
215,1,2026-03-01,Repairs,20620.32,Repairs expense for March 2026
216,1,2026-03-01,Miscellaneous,8550.92,Miscellaneous expense for March 2026
217,1,2026-04-01,Rent,200270.03,Rent expense for April 2026
218,1,2026-04-01,Electricity,42990.05,Electricity expense for April 2026
219,1,2026-04-01,Salaries,354415.83,Salaries expense for April 2026
220,1,2026-04-01,Maintenance,13009.46,Maintenance expense for April 2026
221,1,2026-04-01,Delivery,25789.53,Delivery expense for April 2026
222,1,2026-04-01,Cleaning,7014.4,Cleaning expense for April 2026
223,1,2026-04-01,Repairs,9303.24,Repairs expense for April 2026
224,1,2026-04-01,Miscellaneous,7192.05,Miscellaneous expense for April 2026
225,1,2026-05-01,Rent,178319.8,Rent expense for May 2026
226,1,2026-05-01,Electricity,35204.3,Electricity expense for May 2026
227,1,2026-05-01,Salaries,510936.31,Salaries expense for May 2026
228,1,2026-05-01,Maintenance,16752.43,Maintenance expense for May 2026
229,1,2026-05-01,Delivery,37062.94,Delivery expense for May 2026
230,1,2026-05-01,Cleaning,9407.92,Cleaning expense for May 2026
231,1,2026-05-01,Repairs,11436.62,Repairs expense for May 2026
232,1,2026-05-01,Miscellaneous,6360.55,Miscellaneous expense for May 2026
233,1,2026-06-01,Rent,163995.97,Rent expense for June 2026
234,1,2026-06-01,Electricity,57994.55,Electricity expense for June 2026
235,1,2026-06-01,Salaries,350025.03,Salaries expense for June 2026
236,1,2026-06-01,Maintenance,16748.85,Maintenance expense for June 2026
237,1,2026-06-01,Delivery,51665.86,Delivery expense for June 2026
238,1,2026-06-01,Cleaning,7175.71,Cleaning expense for June 2026
239,1,2026-06-01,Repairs,4463.13,Repairs expense for June 2026
240,1,2026-06-01,Miscellaneous,8003.5,Miscellaneous expense for June 2026
241,1,2026-07-01,Rent,108721.79,Rent expense for July 2026
242,1,2026-07-01,Electricity,31736.83,Electricity expense for July 2026
243,1,2026-07-01,Salaries,446262.91,Salaries expense for July 2026
244,1,2026-07-01,Maintenance,-20281.25,Maintenance expense for July 2026
245,1,2026-07-01,Delivery,22074.5,Delivery expense for July 2026
246,1,2026-07-01,Cleaning,11638.6,Cleaning expense for July 2026
247,1,2026-07-01,Repairs,25376.28,Repairs expense for July 2026
248,1,2026-07-01,Miscellaneous,13391.0,Miscellaneous expense for July 2026
249,1,2026-08-01,Rent,73119.77,Rent expense for August 2026
250,1,2026-08-01,Electricity,50837.4,Electricity expense for August 2026
251,1,2026-08-01,Salaries,312060.83,Salaries expense for August 2026
252,1,2026-08-01,Maintenance,14640.0,Maintenance expense for August 2026
253,1,2026-08-01,Delivery,41911.73,Delivery expense for August 2026
254,1,2026-08-01,Cleaning,9661.73,Cleaning expense for August 2026
255,1,2026-08-01,Repairs,24920.62,Repairs expense for August 2026
256,1,2026-08-01,Miscellaneous,3031.02,Miscellaneous expense for August 2026
257,2,2024-01-01,Rent,163789.81,Rent expense for January 2024
258,2,2024-01-01,Electricity,114930.83,Electricity expense for January 2024
259,2,2024-01-01,Salaries,1105532.75,Salaries expense for January 2024
260,2,2024-01-01,Maintenance,29841.82,Maintenance expense for January 2024
261,2,2024-01-01,Delivery,43354.13,Delivery expense for January 2024
262,2,2024-01-01,Cleaning,8592.03,Cleaning expense for January 2024
263,2,2024-01-01,Repairs,17589.46,Repairs expense for January 2024
264,2,2024-01-01,Miscellaneous,16961.9,Miscellaneous expense for January 2024
265,2,2024-02-01,Rent,357330.24,Rent expense for February 2024
266,2,2024-02-01,Electricity,112480.19,Electricity expense for February 2024
267,2,2024-02-01,Salaries,1142212.38,Salaries expense for February 2024
268,2,2024-02-01,Maintenance,13248.89,Maintenance expense for February 2024
269,2,2024-02-01,Delivery,25320.7,Delivery expense for February 2024
270,2,2024-02-01,Cleaning,17768.03,Cleaning expense for February 2024
271,2,2024-02-01,Repairs,46604.08,Repairs expense for February 2024
272,2,2024-02-01,Miscellaneous,3996.25,Miscellaneous expense for February 2024
273,2,2024-03-01,Rent,282401.63,Rent expense for March 2024
274,2,2024-03-01,Electricity,80962.45,Electricity expense for March 2024
275,2,2024-03-01,Salaries,629643.48,Salaries expense for March 2024
276,2,2024-03-01,MAINTENANCE,37122.6,Maintenance expense for March 2024
277,2,2024-03-01,Delivery,30270.46,Delivery expense for March 2024
278,2,2024-03-01,Cleaning,23380.93,Cleaning expense for March 2024
279,2,2024-03-01,Repairs,24081.34,Repairs expense for March 2024
280,2,2024-03-01,Miscellaneous,23562.09,Miscellaneous expense for March 2024
281,2,2024-04-01,Rent,196905.42,Rent expense for April 2024
282,2,2024-04-01,Electricity,112144.02,Electricity expense for April 2024
283,2,2024-04-01,Salaries,960651.97,Salaries expense for April 2024
284,2,2024-04-01,Maintenance,39752.44,Maintenance expense for April 2024
285,2,2024-04-01,Delivery,91632.75,Delivery expense for April 2024
286,2,2024-04-01,Cleaning,22826.44,Cleaning expense for April 2024
287,2,2024-04-01,Repairs,19109.03,Repairs expense for April 2024
288,2,2024-04-01,Miscellaneous,12818.45,Miscellaneous expense for April 2024
289,2,2024-05-01,Rent,142237.05,Rent expense for May 2024
290,2,2024-05-01,Electricity,98020.03,Electricity expense for May 2024
291,2,2024-05-01,Salaries,1044579.12,Salaries expense for May 2024
292,2,2024-05-01,Maintenance,47593.11,Maintenance expense for May 2024
293,2,2024-05-01,Delivery,41775.53,Delivery expense for May 2024
294,2,2024-05-01,Cleaning,20712.8,Cleaning expense for May 2024
295,2,2024-05-01,Repairs,38397.38,Repairs expense for May 2024
296,2,2024-05-01,Miscellaneous,30535.06,Miscellaneous expense for May 2024
297,2,2024-06-01,Rent,385747.51,Rent expense for June 2024
298,2,2024-06-01,Electricity,113553.9,Electricity expense for June 2024
299,2,2024-06-01,Salaries,1124802.15,Salaries expense for June 2024
300,2,2024-06-01,Maintenance,46301.78,Maintenance expense for June 2024
301,2,2024-06-01,Delivery,64821.0,Delivery expense for June 2024
302,2,2024-06-01,Cleaning,19872.1,Cleaning expense for June 2024
303,2,2024-06-01,Repairs,55119.43,Repairs expense for June 2024
304,2,2024-06-01,Miscellaneous,18244.55,Miscellaneous expense for June 2024
305,2,2024-07-01,Rent,239712.88,Rent expense for July 2024
306,2,2024-07-01,Electricity,66049.29,Electricity expense for July 2024
307,2,2024-07-01,Salaries,700474.81,Salaries expense for July 2024
308,2,2024-07-01,Maintenance,28763.27,Maintenance expense for July 2024
309,2,2024-07-01,Delivery,45179.45,Delivery expense for July 2024
310,2,2024-07-01,Cleaning,18965.63,Cleaning expense for July 2024
311,2,2024-07-01,Repairs,49416.87,Repairs expense for July 2024
312,2,2024-07-01,Miscellaneous,-12966.69,Miscellaneous expense for July 2024
313,2,2024-08-01,Rent,211226.15,Rent expense for August 2024
314,2,2024-08-01,Electricity,90482.25,Electricity expense for August 2024
315,2,2024-08-01,Salaries,905295.8,Salaries expense for August 2024
316,2,2024-08-01,maintenance,16214.3,Maintenance expense for August 2024
317,2,2024-08-01,Delivery,25365.31,Delivery expense for August 2024
318,2,2024-08-01,Cleaning,10146.13,Cleaning expense for August 2024
319,2,2024-08-01,Repairs,8481.75,Repairs expense for August 2024
320,2,2024-08-01,Miscellaneous,13134.43,Miscellaneous expense for August 2024
321,2,2024-09-01,Rent,302900.46,Rent expense for September 2024
322,2,2024-09-01,Electricity,115824.21,Electricity expense for September 2024
323,2,2024-09-01,Salaries,1063255.12,Salaries expense for September 2024
324,2,2024-09-01,Maintenance,48565.3,Maintenance expense for September 2024
325,2,2024-09-01,Delivery,47411.85,Delivery expense for September 2024
326,2,2024-09-01,Cleaning,21779.27,Cleaning expense for September 2024
327,2,2024-09-01,Repairs,22215.81,Repairs expense for September 2024
328,2,2024-09-01,Miscellaneous,10192.17,Miscellaneous expense for September 2024
329,2,2024-10-01,Rent,273714.65,Rent expense for October 2024
330,2,2024-10-01,Electricity,105612.44,Electricity expense for October 2024
331,2,2024-10-01,Salaries,643181.13,Salaries expense for October 2024
332,2,2024-10-01,Maintenance,22656.25,Maintenance expense for October 2024
333,2,2024-10-01,Delivery,98880.22,Delivery expense for October 2024
334,2,2024-10-01,Cleaning,19161.57,Cleaning expense for October 2024
335,2,2024-10-01,Repairs,15575.31,Repairs expense for October 2024
336,2,2024-10-01,Miscellaneous,13722.81,Miscellaneous expense for October 2024
337,2,2024-11-01,Rent,399616.14,Rent expense for November 2024
338,2,2024-11-01,Electricity,54307.71,Electricity expense for November 2024
339,2,2024-11-01,Salaries,1126886.87,Salaries expense for November 2024
340,2,2024-11-01,Maintenance,47689.84,Maintenance expense for November 2024
341,2,2024-11-01,Delivery,87345.55,Delivery expense for November 2024
342,2,2024-11-01,Cleaning,13315.8,Cleaning expense for November 2024
343,2,2024-11-01,Repairs,19414.18,Repairs expense for November 2024
344,2,2024-11-01,Miscellaneous,27254.94,Miscellaneous expense for November 2024
345,2,2024-12-01,Rent,279056.24,Rent expense for December 2024
346,2,2024-12-01,Electricity,73472.6,Electricity expense for December 2024
347,2,2024-12-01,Salaries,981444.39,Salaries expense for December 2024
348,2,2024-12-01,Maintenance,48484.45,Maintenance expense for December 2024
349,2,2024-12-01,Delivery,81628.86,Delivery expense for December 2024
350,2,2024-12-01,Cleaning,14509.76,Cleaning expense for December 2024
351,2,2024-12-01,Repairs,7170.35,Repairs expense for December 2024
352,2,2024-12-01,Miscellaneous,15503.64,Miscellaneous expense for December 2024
353,2,2025-01-01,RENT,249060.29,Rent expense for January 2025
354,2,2025-01-01,Electricity,103007.96,Electricity expense for January 2025
355,2,2025-01-01,Salaries,859642.88,Salaries expense for January 2025
356,2,2025-01-01,Maintenance,24902.44,Maintenance expense for January 2025
357,2,2025-01-01,Delivery,29400.17,Delivery expense for January 2025
358,2,2025-01-01,Cleaning,16641.94,Cleaning expense for January 2025
359,2,2025-01-01,Repairs,35357.62,Repairs expense for January 2025
360,2,2025-01-01,Miscellaneous,22530.59,Miscellaneous expense for January 2025
361,2,2025-02-01,Rent,267147.95,Rent expense for February 2025
362,2,2025-02-01,Electricity,61226.78,Electricity expense for February 2025
363,2,2025-02-01,Salaries,855120.7,Salaries expense for February 2025
364,2,2025-02-01,Maintenance,16588.51,Maintenance expense for February 2025
365,2,2025-02-01,DELIVERY,54381.79,Delivery expense for February 2025
366,2,2025-02-01,Cleaning,10251.05,Cleaning expense for February 2025
367,2,2025-02-01,Repairs,62655.08,Repairs expense for February 2025
368,2,2025-02-01,Miscellaneous,8710.12,Miscellaneous expense for February 2025
369,2,2025-03-01,Rent,377488.67,Rent expense for March 2025
370,2,2025-03-01,Electricity,95215.68,Electricity expense for March 2025
371,2,2025-03-01,Salaries,614950.66,Salaries expense for March 2025
372,2,2025-03-01,Maintenance,14875.09,Maintenance expense for March 2025
373,2,2025-03-01,Delivery,37257.84,Delivery expense for March 2025
374,2,2025-03-01,Cleaning,19779.39,Cleaning expense for March 2025
375,2,2025-03-01,Repairs,18230.91,Repairs expense for March 2025
376,2,2025-03-01,Miscellaneous,23755.27,Miscellaneous expense for March 2025
377,2,2025-04-01,Rent,307536.45,Rent expense for April 2025
378,2,2025-04-01,Electricity,106432.05,Electricity expense for April 2025
379,2,2025-04-01,Salaries,999495.91,Salaries expense for April 2025
380,2,2025-04-01,Maintenance,32550.08,Maintenance expense for April 2025
381,2,2025-04-01,Delivery,48544.28,Delivery expense for April 2025
382,2,2025-04-01,Cleaning,19387.66,Cleaning expense for April 2025
383,2,2025-04-01,Repairs,50506.18,Repairs expense for April 2025
384,2,2025-04-01,Miscellaneous,28260.12,Miscellaneous expense for April 2025
385,2,2025-05-01,Rent,378176.85,Rent expense for May 2025
386,2,2025-05-01,Electricity,106326.66,Electricity expense for May 2025
387,2,2025-05-01,Salaries,954390.77,Salaries expense for May 2025
388,2,2025-05-01,maintenance,41457.56,Maintenance expense for May 2025
389,2,2025-05-01,Delivery,65894.43,Delivery expense for May 2025
390,2,2025-05-01,Cleaning,8791.57,Cleaning expense for May 2025
391,2,2025-05-01,Repairs,16169.06,Repairs expense for May 2025
392,2,2025-05-01,Miscellaneous,31392.94,Miscellaneous expense for May 2025
393,2,2025-06-01,Rent,289693.43,Rent expense for June 2025
394,2,2025-06-01,Electricity,83028.12,Electricity expense for June 2025
395,2,2025-06-01,Salaries,1110587.92,Salaries expense for June 2025
396,2,2025-06-01,Maintenance,34550.91,Maintenance expense for June 2025
397,2,2025-06-01,Delivery,49972.47,Delivery expense for June 2025
398,2,2025-06-01,Cleaning,16745.43,Cleaning expense for June 2025
399,2,2025-06-01,Repairs,12814.24,Repairs expense for June 2025
400,2,2025-06-01,Miscellaneous,7720.2,Miscellaneous expense for June 2025
401,2,2025-07-01,Rent,203214.81,Rent expense for July 2025
402,2,2025-07-01,Electricity,44970.62,Electricity expense for July 2025
403,2,2025-07-01,Salaries,757466.07,Salaries expense for July 2025
404,2,2025-07-01,Maintenance,38617.64,Maintenance expense for July 2025
405,2,2025-07-01,Delivery,68754.47,Delivery expense for July 2025
406,2,2025-07-01,Cleaning,24551.18,Cleaning expense for July 2025
407,2,2025-07-01,Repairs,5924.4,Repairs expense for July 2025
408,2,2025-07-01,Miscellaneous,26620.37,Miscellaneous expense for July 2025
409,2,2025-08-01,Rent,233855.57,Rent expense for August 2025
410,2,2025-08-01,Electricity,41766.55,Electricity expense for August 2025
411,2,2025-08-01,Salaries,605167.97,Salaries expense for August 2025
412,2,2025-08-01,Maintenance,49640.74,Maintenance expense for August 2025
413,2,2025-08-01,Delivery,75723.86,Delivery expense for August 2025
414,2,2025-08-01,Cleaning,21376.01,Cleaning expense for August 2025
415,2,2025-08-01,Repairs,46649.02,Repairs expense for August 2025
416,2,2025-08-01,Miscellaneous,24732.36,Miscellaneous expense for August 2025
417,2,2025-09-01,Rent,278373.95,Rent expense for September 2025
418,2,2025-09-01,Electricity,115650.52,Electricity expense for September 2025
419,2,2025-09-01,Salaries,990473.83,Salaries expense for September 2025
420,2,2025-09-01,Maintenance,35049.04,Maintenance expense for September 2025
421,2,2025-09-01,Delivery,33612.75,Delivery expense for September 2025
422,2,2025-09-01,Cleaning,12752.39,Cleaning expense for September 2025
423,2,2025-09-01,Repairs,26378.44,Repairs expense for September 2025
424,2,2025-09-01,Miscellaneous,12905.64,Miscellaneous expense for September 2025
425,2,2025-10-01,Rent,340335.97,Rent expense for October 2025
426,2,2025-10-01,Electricity,48522.53,Electricity expense for October 2025
427,2,2025-10-01,Salaries,917227.74,Salaries expense for October 2025
428,2,2025-10-01,Maintenance,41963.64,Maintenance expense for October 2025
429,2,2025-10-01,Delivery,98225.68,Delivery expense for October 2025
430,2,2025-10-01,Cleaning,9828.21,Cleaning expense for October 2025
431,2,2025-10-01,Repairs,44031.94,Repairs expense for October 2025
432,2,2025-10-01,Miscellaneous,32727.64,Miscellaneous expense for October 2025
433,2,2025-11-01,Rent,217464.05,Rent expense for November 2025
434,2,2025-11-01,Electricity,113844.79,Electricity expense for November 2025
435,2,2025-11-01,Salaries,892501.09,Salaries expense for November 2025
436,2,2025-11-01,Maintenance,34598.96,Maintenance expense for November 2025
437,2,2025-11-01,Delivery,62821.58,Delivery expense for November 2025
438,2,2025-11-01,Cleaning,23111.5,Cleaning expense for November 2025
439,2,2025-11-01,Repairs,14453.35,Repairs expense for November 2025
440,2,2025-11-01,Miscellaneous,5068.88,Miscellaneous expense for November 2025
441,2,2025-12-01,Rent,285948.45,Rent expense for December 2025
442,2,2025-12-01,Electricity,112460.79,Electricity expense for December 2025
443,2,2025-12-01,Salaries,834093.16,Salaries expense for December 2025
444,2,2025-12-01,Maintenance,47549.9,Maintenance expense for December 2025
445,2,2025-12-01,Delivery,26810.71,Delivery expense for December 2025
446,2,2025-12-01,Cleaning,9429.54,Cleaning expense for December 2025
447,2,2025-12-01,Repairs,49763.4,Repairs expense for December 2025
448,2,2025-12-01,Miscellaneous,27374.57,Miscellaneous expense for December 2025
449,2,2026-01-01,Rent,151318.18,Rent expense for January 2026
450,2,2026-01-01,Electricity,89387.74,Electricity expense for January 2026
451,2,2026-01-01,Salaries,670044.24,Salaries expense for January 2026
452,2,2026-01-01,Maintenance,20943.1,Maintenance expense for January 2026
453,2,2026-01-01,Delivery,64855.52,Delivery expense for January 2026
454,2,2026-01-01,Cleaning,24368.41,Cleaning expense for January 2026
455,2,2026-01-01,Repairs,31659.44,Repairs expense for January 2026
456,2,2026-01-01,Miscellaneous,24113.02,Miscellaneous expense for January 2026
457,2,2026-02-01,Rent,135353.33,Rent expense for February 2026
458,2,2026-02-01,Electricity,97286.77,Electricity expense for February 2026
459,2,2026-02-01,Salaries,976358.62,Salaries expense for February 2026
460,2,2026-02-01,Maintenance,41376.61,Maintenance expense for February 2026
461,2,2026-02-01,Delivery,70365.85,Delivery expense for February 2026
462,2,2026-02-01,cleaning,10546.47,Cleaning expense for February 2026
463,2,2026-02-01,Repairs,62471.03,Repairs expense for February 2026
464,2,2026-02-01,Miscellaneous,6250.85,Miscellaneous expense for February 2026
465,2,2026-03-01,Rent,233780.69,Rent expense for March 2026
466,2,2026-03-01,Electricity,98822.61,Electricity expense for March 2026
467,2,2026-03-01,Salaries,930111.63,Salaries expense for March 2026
468,2,2026-03-01,Maintenance,28097.81,Maintenance expense for March 2026
469,2,2026-03-01,Delivery,81965.47,Delivery expense for March 2026
470,2,2026-03-01,Cleaning,19606.54,Cleaning expense for March 2026
471,2,2026-03-01,Repairs,43905.92,Repairs expense for March 2026
472,2,2026-03-01,Miscellaneous,15292.58,Miscellaneous expense for March 2026
473,2,2026-04-01,Rent,249753.82,Rent expense for April 2026
474,2,2026-04-01,Electricity,48258.79,Electricity expense for April 2026
475,2,2026-04-01,Salaries,879044.73,Salaries expense for April 2026
476,2,2026-04-01,Maintenance,31816.4,Maintenance expense for April 2026
477,2,2026-04-01,Delivery,58145.02,Delivery expense for April 2026
478,2,2026-04-01,Cleaning,12198.6,Cleaning expense for April 2026
479,2,2026-04-01,Repairs,42118.05,Repairs expense for April 2026
480,2,2026-04-01,Miscellaneous,7847.5,Miscellaneous expense for April 2026
481,2,2026-05-01,Rent,306104.13,Rent expense for May 2026
482,2,2026-05-01,Electricity,49842.41,Electricity expense for May 2026
483,2,2026-05-01,Salaries,783959.14,Salaries expense for May 2026
484,2,2026-05-01,Maintenance,16746.21,Maintenance expense for May 2026
485,2,2026-05-01,Delivery,98952.19,Delivery expense for May 2026
486,2,2026-05-01,Cleaning,17147.66,Cleaning expense for May 2026
487,2,2026-05-01,Repairs,14604.68,Repairs expense for May 2026
488,2,2026-05-01,Miscellaneous,26674.69,Miscellaneous expense for May 2026
489,2,2026-06-01,Rent,296248.27,Rent expense for June 2026
490,2,2026-06-01,Electricity,102122.51,Electricity expense for June 2026
491,2,2026-06-01,Salaries,676121.04,Salaries expense for June 2026
492,2,2026-06-01,Maintenance,39325.8,Maintenance expense for June 2026
493,2,2026-06-01,Delivery,58537.35,Delivery expense for June 2026
494,2,2026-06-01,Cleaning,16609.46,Cleaning expense for June 2026
495,2,2026-06-01,Repairs,36594.25,Repairs expense for June 2026
496,2,2026-06-01,Miscellaneous,24777.59,Miscellaneous expense for June 2026
497,2,2026-07-01,Rent,196997.74,Rent expense for July 2026
498,2,2026-07-01,Electricity,76787.41,Electricity expense for July 2026
499,2,2026-07-01,Salaries,914953.01,Salaries expense for July 2026
500,2,2026-07-01,Maintenance,27810.69,Maintenance expense for July 2026
501,2,2026-07-01,Delivery,27942.46,Delivery expense for July 2026
502,2,2026-07-01,Cleaning,8305.7,Cleaning expense for July 2026
503,2,2026-07-01,Repairs,54302.53,Repairs expense for July 2026
504,2,2026-07-01,Miscellaneous,8524.74,Miscellaneous expense for July 2026
505,2,2026-08-01,Rent,242050.86,Rent expense for August 2026
506,2,2026-08-01,Electricity,97684.78,Electricity expense for August 2026
507,2,2026-08-01,Salaries,1005355.06,Salaries expense for August 2026
508,2,2026-08-01,Maintenance,36171.97,Maintenance expense for August 2026
509,2,2026-08-01,Delivery,73330.55,Delivery expense for August 2026
510,2,2026-08-01,Cleaning,10920.34,Cleaning expense for August 2026
511,2,2026-08-01,Repairs,12231.19,Repairs expense for August 2026
512,2,2026-08-01,Miscellaneous,9853.21,Miscellaneous expense for August 2026
513,3,2024-01-01,Rent,114305.88,Rent expense for January 2024
514,3,2024-01-01,Electricity,66656.64,Electricity expense for January 2024
515,3,2024-01-01,Salaries,518811.73,Salaries expense for January 2024
516,3,2024-01-01,Maintenance,14289.68,Maintenance expense for January 2024
517,3,2024-01-01,Delivery,16823.79,Delivery expense for January 2024
518,3,2024-01-01,Cleaning,14194.85,Cleaning expense for January 2024
519,3,2024-01-01,Repairs,13454.17,Repairs expense for January 2024
520,3,2024-01-01,Miscellaneous,17050.63,Miscellaneous expense for January 2024
521,3,2024-02-01,Rent,140405.27,Rent expense for February 2024
522,3,2024-02-01,Electricity,-33779.09,Electricity expense for February 2024
523,3,2024-02-01,Salaries,486582.49,Salaries expense for February 2024
524,3,2024-02-01,Maintenance,19252.52,Maintenance expense for February 2024
525,3,2024-02-01,Delivery,18217.63,Delivery expense for February 2024
526,3,2024-02-01,Cleaning,6625.08,Cleaning expense for February 2024
527,3,2024-02-01,Repairs,31744.68,Repairs expense for February 2024
528,3,2024-02-01,Miscellaneous,10369.33,Miscellaneous expense for February 2024
529,3,2024-03-01,Rent,229618.6,Rent expense for March 2024
530,3,2024-03-01,Electricity,30062.09,Electricity expense for March 2024
531,3,2024-03-01,Salaries,389440.19,Salaries expense for March 2024
532,3,2024-03-01,Maintenance,23402.52,Maintenance expense for March 2024
533,3,2024-03-01,Delivery,30284.29,Delivery expense for March 2024
534,3,2024-03-01,Cleaning,6116.4,Cleaning expense for March 2024
535,3,2024-03-01,Repairs,31166.83,Repairs expense for March 2024
536,3,2024-03-01,Miscellaneous,11512.43,Miscellaneous expense for March 2024
537,3,2024-04-01,Rent,175194.4,Rent expense for April 2024
538,3,2024-04-01,Electricity,54111.74,Electricity expense for April 2024
539,3,2024-04-01,Salaries,670606.28,Salaries expense for April 2024
540,3,2024-04-01,Maintenance,11716.93,Maintenance expense for April 2024
541,3,2024-04-01,Delivery,36014.73,Delivery expense for April 2024
542,3,2024-04-01,Cleaning,14572.75,Cleaning expense for April 2024
543,3,2024-04-01,Repairs,36287.94,Repairs expense for April 2024
544,3,2024-04-01,Miscellaneous,7570.99,Miscellaneous expense for April 2024
545,3,2024-05-01,Rent,143953.11,Rent expense for May 2024
546,3,2024-05-01,Electricity,65810.96,Electricity expense for May 2024
547,3,2024-05-01,Salaries,434742.68,Salaries expense for May 2024
548,3,2024-05-01,Maintenance,14233.99,Maintenance expense for May 2024
549,3,2024-05-01,Delivery,19091.59,Delivery expense for May 2024
550,3,2024-05-01,Cleaning,11590.74,Cleaning expense for May 2024
551,3,2024-05-01,Repairs,8419.6,Repairs expense for May 2024
552,3,2024-05-01,Miscellaneous,10301.19,Miscellaneous expense for May 2024
553,3,2024-06-01,Rent,114543.55,Rent expense for June 2024
554,3,2024-06-01,Electricity,65385.97,Electricity expense for June 2024
555,3,2024-06-01,Salaries,609874.38,Salaries expense for June 2024
556,3,2024-06-01,Maintenance,10088.87,Maintenance expense for June 2024
557,3,2024-06-01,Delivery,58821.96,Delivery expense for June 2024
558,3,2024-06-01,Cleaning,7542.39,Cleaning expense for June 2024
559,3,2024-06-01,Repairs,32555.77,Repairs expense for June 2024
560,3,2024-06-01,Miscellaneous,12836.93,Miscellaneous expense for June 2024
561,3,2024-07-01,Rent,131196.26,Rent expense for July 2024
562,3,2024-07-01,Electricity,64790.65,Electricity expense for July 2024
563,3,2024-07-01,Salaries,393152.94,Salaries expense for July 2024
564,3,2024-07-01,Maintenance,26474.96,Maintenance expense for July 2024
565,3,2024-07-01,Delivery,16524.6,Delivery expense for July 2024
566,3,2024-07-01,Cleaning,9247.26,Cleaning expense for July 2024
567,3,2024-07-01,Repairs,17320.35,Repairs expense for July 2024
568,3,2024-07-01,Miscellaneous,4301.32,Miscellaneous expense for July 2024
569,3,2024-08-01,Rent,243392.44,Rent expense for August 2024
570,3,2024-08-01,Electricity,65453.14,Electricity expense for August 2024
571,3,2024-08-01,Salaries,522363.56,Salaries expense for August 2024
572,3,2024-08-01,Maintenance,17439.79,Maintenance expense for August 2024
573,3,2024-08-01,Delivery,57587.94,Delivery expense for August 2024
574,3,2024-08-01,Cleaning,15872.84,Cleaning expense for August 2024
575,3,2024-08-01,Repairs,34955.64,Repairs expense for August 2024
576,3,2024-08-01,Miscellaneous,9320.99,Miscellaneous expense for August 2024
577,3,2024-09-01,Rent,210494.78,Rent expense for September 2024
578,3,2024-09-01,Electricity,36029.28,Electricity expense for September 2024
579,3,2024-09-01,Salaries,384241.9,Salaries expense for September 2024
580,3,2024-09-01,Maintenance,10721.86,Maintenance expense for September 2024
581,3,2024-09-01,Delivery,44713.08,Delivery expense for September 2024
582,3,2024-09-01,Cleaning,11610.96,Cleaning expense for September 2024
583,3,2024-09-01,Repairs,7733.5,Repairs expense for September 2024
584,3,2024-09-01,Miscellaneous,13758.66,Miscellaneous expense for September 2024
585,3,2024-10-01,Rent,163992.19,Rent expense for October 2024
586,3,2024-10-01,Electricity,33325.29,Electricity expense for October 2024
587,3,2024-10-01,Salaries,439996.36,Salaries expense for October 2024
588,3,2024-10-01,Maintenance,11195.17,Maintenance expense for October 2024
589,3,2024-10-01,Delivery,47168.87,Delivery expense for October 2024
590,3,2024-10-01,Cleaning,10948.26,Cleaning expense for October 2024
591,3,2024-10-01,Repairs,38771.0,Repairs expense for October 2024
592,3,2024-10-01,Miscellaneous,16904.68,Miscellaneous expense for October 2024
593,3,2024-11-01,Rent,146154.54,Rent expense for November 2024
594,3,2024-11-01,Electricity,68335.0,Electricity expense for November 2024
595,3,2024-11-01,Salaries,489035.79,Salaries expense for November 2024
596,3,2024-11-01,Maintenance,24860.47,Maintenance expense for November 2024
597,3,2024-11-01,Delivery,24322.11,Delivery expense for November 2024
598,3,2024-11-01,Cleaning,7656.46,Cleaning expense for November 2024
599,3,2024-11-01,Repairs,9477.43,Repairs expense for November 2024
600,3,2024-11-01,Miscellaneous,8135.26,Miscellaneous expense for November 2024
601,3,2024-12-01,Rent,153388.94,Rent expense for December 2024
602,3,2024-12-01,Electricity,38801.0,Electricity expense for December 2024
603,3,2024-12-01,Salaries,510108.77,Salaries expense for December 2024
604,3,2024-12-01,Maintenance,23915.84,Maintenance expense for December 2024
605,3,2024-12-01,Delivery,46119.72,Delivery expense for December 2024
606,3,2024-12-01,Cleaning,10599.39,Cleaning expense for December 2024
607,3,2024-12-01,Repairs,7297.26,Repairs expense for December 2024
608,3,2024-12-01,Miscellaneous,9271.85,Miscellaneous expense for December 2024
609,3,2025-01-01,Rent,158227.93,Rent expense for January 2025
610,3,2025-01-01,Electricity,66456.41,Electricity expense for January 2025
611,3,2025-01-01,Salaries,447112.94,Salaries expense for January 2025
612,3,2025-01-01,Maintenance,14602.74,Maintenance expense for January 2025
613,3,2025-01-01,Delivery,-19555.81,Delivery expense for January 2025
614,3,2025-01-01,Cleaning,15124.82,Cleaning expense for January 2025
615,3,2025-01-01,Repairs,9239.73,Repairs expense for January 2025
616,3,2025-01-01,Miscellaneous,16925.38,Miscellaneous expense for January 2025
617,3,2025-02-01,Rent,105246.14,Rent expense for February 2025
618,3,2025-02-01,Electricity,36736.47,Electricity expense for February 2025
619,3,2025-02-01,Salaries,680351.79,Salaries expense for February 2025
620,3,2025-02-01,Maintenance,27501.16,Maintenance expense for February 2025
621,3,2025-02-01,Delivery,26153.7,Delivery expense for February 2025
622,3,2025-02-01,Cleaning,10339.65,Cleaning expense for February 2025
623,3,2025-02-01,Repairs,37873.96,Repairs expense for February 2025
624,3,2025-02-01,Miscellaneous,5093.74,Miscellaneous expense for February 2025
625,3,2025-03-01,Rent,257456.35,Rent expense for March 2025
626,3,2025-03-01,Electricity,27005.18,Electricity expense for March 2025
627,3,2025-03-01,Salaries,555717.92,Salaries expense for March 2025
628,3,2025-03-01,Maintenance,28169.79,Maintenance expense for March 2025
629,3,2025-03-01,Delivery,36424.84,Delivery expense for March 2025
630,3,2025-03-01,Cleaning,13109.7,Cleaning expense for March 2025
631,3,2025-03-01,Repairs,22937.28,Repairs expense for March 2025
632,3,2025-03-01,Miscellaneous,6102.75,Miscellaneous expense for March 2025
633,3,2025-04-01,Rent,158493.69,Rent expense for April 2025
634,3,2025-04-01,Electricity,52110.85,Electricity expense for April 2025
635,3,2025-04-01,Salaries,451567.99,Salaries expense for April 2025
636,3,2025-04-01,Maintenance,9478.89,Maintenance expense for April 2025
637,3,2025-04-01,Delivery,32269.27,Delivery expense for April 2025
638,3,2025-04-01,Cleaning,8871.26,Cleaning expense for April 2025
639,3,2025-04-01,Repairs,13577.6,Repairs expense for April 2025
640,3,2025-04-01,Miscellaneous,15576.63,Miscellaneous expense for April 2025
641,3,2025-05-01,Rent,244802.9,Rent expense for May 2025
642,3,2025-05-01,Electricity,59645.09,Electricity expense for May 2025
643,3,2025-05-01,Salaries,635221.84,Salaries expense for May 2025
644,3,2025-05-01,Maintenance,11645.32,Maintenance expense for May 2025
645,3,2025-05-01,Delivery,53663.26,Delivery expense for May 2025
646,3,2025-05-01,Cleaning,6223.51,Cleaning expense for May 2025
647,3,2025-05-01,Repairs,13162.78,Repairs expense for May 2025
648,3,2025-05-01,Miscellaneous,17618.86,Miscellaneous expense for May 2025
649,3,2025-06-01,Rent,185639.67,Rent expense for June 2025
650,3,2025-06-01,electricity,48601.25,Electricity expense for June 2025
651,3,2025-06-01,Salaries,725353.4,Salaries expense for June 2025
652,3,2025-06-01,Maintenance,21889.22,Maintenance expense for June 2025
653,3,2025-06-01,Delivery,47712.17,Delivery expense for June 2025
654,3,2025-06-01,Cleaning,11383.17,Cleaning expense for June 2025
655,3,2025-06-01,Repairs,25649.36,Repairs expense for June 2025
656,3,2025-06-01,Miscellaneous,11416.99,Miscellaneous expense for June 2025
657,3,2025-07-01,Rent,121947.25,Rent expense for July 2025
658,3,2025-07-01,Electricity,48870.2,Electricity expense for July 2025
659,3,2025-07-01,Salaries,515694.48,Salaries expense for July 2025
660,3,2025-07-01,Maintenance,20191.88,Maintenance expense for July 2025
661,3,2025-07-01,Delivery,37422.53,Delivery expense for July 2025
662,3,2025-07-01,Cleaning,6399.32,Cleaning expense for July 2025
663,3,2025-07-01,Repairs,18150.03,Repairs expense for July 2025
664,3,2025-07-01,Miscellaneous,19066.84,Miscellaneous expense for July 2025
665,3,2025-08-01,Rent,197933.32,Rent expense for August 2025
666,3,2025-08-01,Electricity,32450.11,Electricity expense for August 2025
667,3,2025-08-01,Salaries,725511.59,Salaries expense for August 2025
668,3,2025-08-01,Maintenance,15185.97,Maintenance expense for August 2025
669,3,2025-08-01,Delivery,57545.65,Delivery expense for August 2025
670,3,2025-08-01,Cleaning,9165.82,Cleaning expense for August 2025
671,3,2025-08-01,Repairs,14089.56,Repairs expense for August 2025
672,3,2025-08-01,Miscellaneous,14503.6,Miscellaneous expense for August 2025
673,3,2025-09-01,Rent,123658.05,Rent expense for September 2025
674,3,2025-09-01,Electricity,52667.2,Electricity expense for September 2025
675,3,2025-09-01,Salaries,643522.24,Salaries expense for September 2025
676,3,2025-09-01,Maintenance,18023.0,Maintenance expense for September 2025
677,3,2025-09-01,Delivery,47066.89,Delivery expense for September 2025
678,3,2025-09-01,Cleaning,8085.29,Cleaning expense for September 2025
679,3,2025-09-01,Repairs,17794.4,Repairs expense for September 2025
680,3,2025-09-01,Miscellaneous,17789.64,Miscellaneous expense for September 2025
681,3,2025-10-01,Rent,261743.57,Rent expense for October 2025
682,3,2025-10-01,Electricity,28010.28,Electricity expense for October 2025
683,3,2025-10-01,Salaries,653877.63,Salaries expense for October 2025
684,3,2025-10-01,Maintenance,21963.12,Maintenance expense for October 2025
685,3,2025-10-01,Delivery,48252.41,Delivery expense for October 2025
686,3,2025-10-01,Cleaning,7482.41,Cleaning expense for October 2025
687,3,2025-10-01,Repairs,22514.32,Repairs expense for October 2025
688,3,2025-10-01,Miscellaneous,9349.8,Miscellaneous expense for October 2025
689,3,2025-11-01,Rent,229883.17,Rent expense for November 2025
690,3,2025-11-01,Electricity,58855.4,Electricity expense for November 2025
691,3,2025-11-01,Salaries,567988.87,Salaries expense for November 2025
692,3,2025-11-01,Maintenance,12131.4,Maintenance expense for November 2025
693,3,2025-11-01,Delivery,31538.65,Delivery expense for November 2025
694,3,2025-11-01,Cleaning,8798.22,Cleaning expense for November 2025
695,3,2025-11-01,Repairs,35373.95,Repairs expense for November 2025
696,3,2025-11-01,Miscellaneous,3758.59,Miscellaneous expense for November 2025
697,3,2025-12-01,Rent,117368.68,Rent expense for December 2025
698,3,2025-12-01,Electricity,53946.03,Electricity expense for December 2025
699,3,2025-12-01,Salaries,411769.61,Salaries expense for December 2025
700,3,2025-12-01,Maintenance,11678.41,Maintenance expense for December 2025
701,3,2025-12-01,Delivery,16700.96,Delivery expense for December 2025
702,3,2025-12-01,Cleaning,11253.16,Cleaning expense for December 2025
703,3,2025-12-01,Repairs,36450.8,Repairs expense for December 2025
704,3,2025-12-01,Miscellaneous,15587.96,Miscellaneous expense for December 2025
705,3,2026-01-01,Rent,261565.27,Rent expense for January 2026
706,3,2026-01-01,Electricity,29490.73,Electricity expense for January 2026
707,3,2026-01-01,Salaries,640109.57,Salaries expense for January 2026
708,3,2026-01-01,Maintenance,24068.49,Maintenance expense for January 2026
709,3,2026-01-01,Delivery,25561.15,Delivery expense for January 2026
710,3,2026-01-01,Cleaning,13128.14,Cleaning expense for January 2026
711,3,2026-01-01,Repairs,4691.25,Repairs expense for January 2026
712,3,2026-01-01,Miscellaneous,16230.0,Miscellaneous expense for January 2026
713,3,2026-02-01,Rent,233426.67,Rent expense for February 2026
714,3,2026-02-01,Electricity,60361.39,Electricity expense for February 2026
715,3,2026-02-01,Salaries,469336.59,Salaries expense for February 2026
716,3,2026-02-01,Maintenance,29738.84,Maintenance expense for February 2026
717,3,2026-02-01,Delivery,23852.16,Delivery expense for February 2026
718,3,2026-02-01,Cleaning,11250.43,Cleaning expense for February 2026
719,3,2026-02-01,Repairs,40829.51,Repairs expense for February 2026
720,3,2026-02-01,Miscellaneous,6932.62,Miscellaneous expense for February 2026
721,3,2026-03-01,Rent,171621.02,Rent expense for March 2026
722,3,2026-03-01,Electricity,39213.58,Electricity expense for March 2026
723,3,2026-03-01,Salaries,575757.63,Salaries expense for March 2026
724,3,2026-03-01,Maintenance,27425.71,Maintenance expense for March 2026
725,3,2026-03-01,Delivery,45495.11,Delivery expense for March 2026
726,3,2026-03-01,Cleaning,7935.63,Cleaning expense for March 2026
727,3,2026-03-01,Repairs,29483.75,Repairs expense for March 2026
728,3,2026-03-01,Miscellaneous,17201.75,Miscellaneous expense for March 2026
729,3,2026-04-01,Rent,258723.31,Rent expense for April 2026
730,3,2026-04-01,Electricity,53831.67,Electricity expense for April 2026
731,3,2026-04-01,Salaries,449549.1,Salaries expense for April 2026
732,3,2026-04-01,Maintenance,9903.19,Maintenance expense for April 2026
733,3,2026-04-01,Delivery,25918.36,Delivery expense for April 2026
734,3,2026-04-01,Cleaning,15493.23,Cleaning expense for April 2026
735,3,2026-04-01,Repairs,39932.76,Repairs expense for April 2026
736,3,2026-04-01,Miscellaneous,11567.38,Miscellaneous expense for April 2026
737,3,2026-05-01,Rent,236692.02,Rent expense for May 2026
738,3,2026-05-01,Electricity,57055.12,Electricity expense for May 2026
739,3,2026-05-01,Salaries,721068.63,Salaries expense for May 2026
740,3,2026-05-01,Maintenance,31001.52,Maintenance expense for May 2026
741,3,2026-05-01,Delivery,61169.56,Delivery expense for May 2026
742,3,2026-05-01,Cleaning,14556.05,Cleaning expense for May 2026
743,3,2026-05-01,Repairs,39239.18,Repairs expense for May 2026
744,3,2026-05-01,Miscellaneous,20433.17,Miscellaneous expense for May 2026
745,3,2026-06-01,Rent,260658.82,Rent expense for June 2026
746,3,2026-06-01,Electricity,51680.96,Electricity expense for June 2026
747,3,2026-06-01,Salaries,529535.81,Salaries expense for June 2026
748,3,2026-06-01,Maintenance,20833.01,Maintenance expense for June 2026
749,3,2026-06-01,delivery,51623.24,Delivery expense for June 2026
750,3,2026-06-01,Cleaning,14515.95,Cleaning expense for June 2026
751,3,2026-06-01,Repairs,28029.39,Repairs expense for June 2026
752,3,2026-06-01,Miscellaneous,18386.33,Miscellaneous expense for June 2026
753,3,2026-07-01,Rent,212044.61,Rent expense for July 2026
754,3,2026-07-01,Electricity,73026.61,Electricity expense for July 2026
755,3,2026-07-01,Salaries,683158.05,Salaries expense for July 2026
756,3,2026-07-01,Maintenance,28953.12,Maintenance expense for July 2026
757,3,2026-07-01,Delivery,23545.46,Delivery expense for July 2026
758,3,2026-07-01,Cleaning,8645.64,Cleaning expense for July 2026
759,3,2026-07-01,Repairs,4599.16,Repairs expense for July 2026
760,3,2026-07-01,Miscellaneous,12796.4,Miscellaneous expense for July 2026
761,3,2026-08-01,Rent,108249.89,Rent expense for August 2026
762,3,2026-08-01,Electricity,31673.22,Electricity expense for August 2026
763,3,2026-08-01,Salaries,655746.79,Salaries expense for August 2026
764,3,2026-08-01,Maintenance,31193.1,Maintenance expense for August 2026
765,3,2026-08-01,Delivery,21462.69,Delivery expense for August 2026
766,3,2026-08-01,Cleaning,9945.75,Cleaning expense for August 2026
767,3,2026-08-01,Repairs,15472.22,Repairs expense for August 2026
768,3,2026-08-01,Miscellaneous,17694.58,Miscellaneous expense for August 2026
769,4,2024-01-01,Rent,151804.11,Rent expense for January 2024
770,4,2024-01-01,Electricity,38373.93,Electricity expense for January 2024
771,4,2024-01-01,Salaries,746535.31,Salaries expense for January 2024
772,4,2024-01-01,Maintenance,28349.4,Maintenance expense for January 2024
773,4,2024-01-01,Delivery,33830.18,Delivery expense for January 2024
774,4,2024-01-01,Cleaning,5809.01,Cleaning expense for January 2024
775,4,2024-01-01,Repairs,25420.81,Repairs expense for January 2024
776,4,2024-01-01,Miscellaneous,14775.85,Miscellaneous expense for January 2024
777,4,2024-02-01,Rent,124024.86,Rent expense for February 2024
778,4,2024-02-01,Electricity,57759.95,Electricity expense for February 2024
779,4,2024-02-01,Salaries,620836.41,Salaries expense for February 2024
780,4,2024-02-01,Maintenance,9624.67,Maintenance expense for February 2024
781,4,2024-02-01,Delivery,28614.94,Delivery expense for February 2024
782,4,2024-02-01,Cleaning,15553.81,Cleaning expense for February 2024
783,4,2024-02-01,Repairs,14565.11,Repairs expense for February 2024
784,4,2024-02-01,Miscellaneous,11755.63,Miscellaneous expense for February 2024
785,4,2024-03-01,Rent,248290.58,Rent expense for March 2024
786,4,2024-03-01,Electricity,42226.29,Electricity expense for March 2024
787,4,2024-03-01,Salaries,643258.5,Salaries expense for March 2024
788,4,2024-03-01,Maintenance,23777.52,Maintenance expense for March 2024
789,4,2024-03-01,Delivery,35763.34,Delivery expense for March 2024
790,4,2024-03-01,Cleaning,15294.13,Cleaning expense for March 2024
791,4,2024-03-01,Repairs,39263.52,Repairs expense for March 2024
792,4,2024-03-01,Miscellaneous,20630.21,Miscellaneous expense for March 2024
793,4,2024-04-01,Rent,271625.13,Rent expense for April 2024
794,4,2024-04-01,Electricity,76673.32,Electricity expense for April 2024
795,4,2024-04-01,Salaries,465914.11,Salaries expense for April 2024
796,4,2024-04-01,Maintenance,20729.54,Maintenance expense for April 2024
797,4,2024-04-01,Delivery,45200.2,Delivery expense for April 2024
798,4,2024-04-01,Cleaning,16329.98,Cleaning expense for April 2024
799,4,2024-04-01,Repairs,4319.76,Repairs expense for April 2024
800,4,2024-04-01,Miscellaneous,4046.41,Miscellaneous expense for April 2024
801,4,2024-05-01,Rent,111938.7,Rent expense for May 2024
802,4,2024-05-01,Electricity,76884.09,Electricity expense for May 2024
803,4,2024-05-01,Salaries,647107.2,Salaries expense for May 2024
804,4,2024-05-01,Maintenance,11327.07,Maintenance expense for May 2024
805,4,2024-05-01,Delivery,21342.29,Delivery expense for May 2024
806,4,2024-05-01,Cleaning,15332.69,Cleaning expense for May 2024
807,4,2024-05-01,Repairs,24198.54,Repairs expense for May 2024
808,4,2024-05-01,Miscellaneous,20749.04,Miscellaneous expense for May 2024
809,4,2024-06-01,Rent,264016.99,Rent expense for June 2024
810,4,2024-06-01,Electricity,38972.75,Electricity expense for June 2024
811,4,2024-06-01,Salaries,524248.27,Salaries expense for June 2024
812,4,2024-06-01,Maintenance,19784.98,Maintenance expense for June 2024
813,4,2024-06-01,Delivery,67225.18,Delivery expense for June 2024
814,4,2024-06-01,Cleaning,14230.23,Cleaning expense for June 2024
815,4,2024-06-01,Repairs,6883.14,Repairs expense for June 2024
816,4,2024-06-01,Miscellaneous,7841.74,Miscellaneous expense for June 2024
817,4,2024-07-01,Rent,123328.34,Rent expense for July 2024
818,4,2024-07-01,Electricity,63234.63,Electricity expense for July 2024
819,4,2024-07-01,Salaries,438374.64,Salaries expense for July 2024
820,4,2024-07-01,Maintenance,11008.08,Maintenance expense for July 2024
821,4,2024-07-01,Delivery,59004.49,Delivery expense for July 2024
822,4,2024-07-01,Cleaning,11646.23,Cleaning expense for July 2024
823,4,2024-07-01,Repairs,19057.18,Repairs expense for July 2024
824,4,2024-07-01,Miscellaneous,3728.32,Miscellaneous expense for July 2024
825,4,2024-08-01,Rent,122095.7,Rent expense for August 2024
826,4,2024-08-01,Electricity,42630.85,Electricity expense for August 2024
827,4,2024-08-01,Salaries,763468.89,Salaries expense for August 2024
828,4,2024-08-01,Maintenance,14413.18,Maintenance expense for August 2024
829,4,2024-08-01,Delivery,42648.52,Delivery expense for August 2024
830,4,2024-08-01,Cleaning,14424.41,Cleaning expense for August 2024
831,4,2024-08-01,Repairs,5016.68,Repairs expense for August 2024
832,4,2024-08-01,Miscellaneous,9328.65,Miscellaneous expense for August 2024
833,4,2024-09-01,Rent,243977.4,Rent expense for September 2024
834,4,2024-09-01,Electricity,46604.02,Electricity expense for September 2024
835,4,2024-09-01,Salaries,641906.91,Salaries expense for September 2024
836,4,2024-09-01,Maintenance,30977.59,Maintenance expense for September 2024
837,4,2024-09-01,Delivery,28987.48,Delivery expense for September 2024
838,4,2024-09-01,Cleaning,13399.88,Cleaning expense for September 2024
839,4,2024-09-01,Repairs,5332.37,Repairs expense for September 2024
840,4,2024-09-01,Miscellaneous,10997.75,Miscellaneous expense for September 2024
841,4,2024-10-01,Rent,270012.1,Rent expense for October 2024
842,4,2024-10-01,Electricity,41492.11,Electricity expense for October 2024
843,4,2024-10-01,Salaries,579495.72,Salaries expense for October 2024
844,4,2024-10-01,Maintenance,26512.55,Maintenance expense for October 2024
845,4,2024-10-01,Delivery,50717.8,Delivery expense for October 2024
846,4,2024-10-01,Cleaning,15669.5,Cleaning expense for October 2024
847,4,2024-10-01,Repairs,19986.12,Repairs expense for October 2024
848,4,2024-10-01,Miscellaneous,21825.71,Miscellaneous expense for October 2024
849,4,2024-11-01,Rent,167410.4,Rent expense for November 2024
850,4,2024-11-01,Electricity,55758.16,Electricity expense for November 2024
851,4,2024-11-01,Salaries,788310.19,Salaries expense for November 2024
852,4,2024-11-01,Maintenance,10720.99,Maintenance expense for November 2024
853,4,2024-11-01,Delivery,36087.89,Delivery expense for November 2024
854,4,2024-11-01,Cleaning,10897.84,Cleaning expense for November 2024
855,4,2024-11-01,Repairs,13087.4,Repairs expense for November 2024
856,4,2024-11-01,Miscellaneous,9608.99,Miscellaneous expense for November 2024
857,4,2024-12-01,Rent,101757.96,Rent expense for December 2024
858,4,2024-12-01,Electricity,28944.49,Electricity expense for December 2024
859,4,2024-12-01,Salaries,765985.13,Salaries expense for December 2024
860,4,2024-12-01,Maintenance,33495.02,Maintenance expense for December 2024
861,4,2024-12-01,Delivery,64771.86,Delivery expense for December 2024
862,4,2024-12-01,Cleaning,11343.37,Cleaning expense for December 2024
863,4,2024-12-01,Repairs,37776.15,Repairs expense for December 2024
864,4,2024-12-01,Miscellaneous,13266.18,Miscellaneous expense for December 2024
865,4,2025-01-01,Rent,254071.25,Rent expense for January 2025
866,4,2025-01-01,Electricity,32384.79,Electricity expense for January 2025
867,4,2025-01-01,Salaries,749516.78,Salaries expense for January 2025
868,4,2025-01-01,Maintenance,10587.85,Maintenance expense for January 2025
869,4,2025-01-01,Delivery,39301.39,Delivery expense for January 2025
870,4,2025-01-01,Cleaning,7575.9,Cleaning expense for January 2025
871,4,2025-01-01,Repairs,39944.95,Repairs expense for January 2025
872,4,2025-01-01,Miscellaneous,5718.5,Miscellaneous expense for January 2025
873,4,2025-02-01,Rent,199947.18,Rent expense for February 2025
874,4,2025-02-01,Electricity,39706.72,Electricity expense for February 2025
875,4,2025-02-01,Salaries,727660.51,Salaries expense for February 2025
876,4,2025-02-01,Maintenance,33424.81,Maintenance expense for February 2025
877,4,2025-02-01,Delivery,55175.96,Delivery expense for February 2025
878,4,2025-02-01,Cleaning,12114.94,Cleaning expense for February 2025
879,4,2025-02-01,Repairs,12615.21,Repairs expense for February 2025
880,4,2025-02-01,Miscellaneous,8488.05,Miscellaneous expense for February 2025
881,4,2025-03-01,Rent,127664.5,Rent expense for March 2025
882,4,2025-03-01,Electricity,34671.22,Electricity expense for March 2025
883,4,2025-03-01,Salaries,709455.65,Salaries expense for March 2025
884,4,2025-03-01,Maintenance,24577.98,Maintenance expense for March 2025
885,4,2025-03-01,Delivery,17299.37,Delivery expense for March 2025
886,4,2025-03-01,Cleaning,14034.07,Cleaning expense for March 2025
887,4,2025-03-01,Repairs,43065.31,Repairs expense for March 2025
888,4,2025-03-01,Miscellaneous,6381.62,Miscellaneous expense for March 2025
889,4,2025-04-01,Rent,183628.41,Rent expense for April 2025
890,4,2025-04-01,Electricity,49799.0,Electricity expense for April 2025
891,4,2025-04-01,Salaries,414468.6,Salaries expense for April 2025
892,4,2025-04-01,Maintenance,30310.36,Maintenance expense for April 2025
893,4,2025-04-01,Delivery,61487.98,Delivery expense for April 2025
894,4,2025-04-01,Cleaning,14530.94,Cleaning expense for April 2025
895,4,2025-04-01,Repairs,39074.98,Repairs expense for April 2025
896,4,2025-04-01,Miscellaneous,3208.63,Miscellaneous expense for April 2025
897,4,2025-05-01,Rent,233837.65,Rent expense for May 2025
898,4,2025-05-01,Electricity,57780.32,Electricity expense for May 2025
899,4,2025-05-01,Salaries,-401501.89,Salaries expense for May 2025
900,4,2025-05-01,maintenance,12039.52,Maintenance expense for May 2025
901,4,2025-05-01,Delivery,64731.31,Delivery expense for May 2025
902,4,2025-05-01,Cleaning,8531.08,Cleaning expense for May 2025
903,4,2025-05-01,Repairs,5500.74,Repairs expense for May 2025
904,4,2025-05-01,Miscellaneous,9934.79,Miscellaneous expense for May 2025
905,4,2025-06-01,Rent,191974.12,Rent expense for June 2025
906,4,2025-06-01,Electricity,48657.57,Electricity expense for June 2025
907,4,2025-06-01,Salaries,604027.12,Salaries expense for June 2025
908,4,2025-06-01,Maintenance,16575.03,Maintenance expense for June 2025
909,4,2025-06-01,Delivery,22425.72,Delivery expense for June 2025
910,4,2025-06-01,Cleaning,5994.32,Cleaning expense for June 2025
911,4,2025-06-01,Repairs,30903.23,Repairs expense for June 2025
912,4,2025-06-01,Miscellaneous,5390.29,Miscellaneous expense for June 2025
913,4,2025-07-01,Rent,102848.9,Rent expense for July 2025
914,4,2025-07-01,Electricity,75832.78,Electricity expense for July 2025
915,4,2025-07-01,Salaries,600897.49,Salaries expense for July 2025
916,4,2025-07-01,Maintenance,10019.64,Maintenance expense for July 2025
917,4,2025-07-01,Delivery,24338.61,Delivery expense for July 2025
918,4,2025-07-01,Cleaning,14508.61,Cleaning expense for July 2025
919,4,2025-07-01,Repairs,38910.98,Repairs expense for July 2025
920,4,2025-07-01,Miscellaneous,12893.97,Miscellaneous expense for July 2025
921,4,2025-08-01,Rent,138523.59,Rent expense for August 2025
922,4,2025-08-01,Electricity,-30755.24,Electricity expense for August 2025
923,4,2025-08-01,Salaries,689727.35,Salaries expense for August 2025
924,4,2025-08-01,Maintenance,27806.21,Maintenance expense for August 2025
925,4,2025-08-01,Delivery,50896.02,Delivery expense for August 2025
926,4,2025-08-01,Cleaning,16870.05,Cleaning expense for August 2025
927,4,2025-08-01,Repairs,22273.99,Repairs expense for August 2025
928,4,2025-08-01,Miscellaneous,19349.51,Miscellaneous expense for August 2025
929,4,2025-09-01,Rent,187924.72,Rent expense for September 2025
930,4,2025-09-01,Electricity,78295.88,Electricity expense for September 2025
931,4,2025-09-01,Salaries,701710.67,Salaries expense for September 2025
932,4,2025-09-01,Maintenance,33676.13,Maintenance expense for September 2025
933,4,2025-09-01,Delivery,34138.96,Delivery expense for September 2025
934,4,2025-09-01,Cleaning,14678.48,Cleaning expense for September 2025
935,4,2025-09-01,Repairs,16575.82,Repairs expense for September 2025
936,4,2025-09-01,Miscellaneous,13745.53,Miscellaneous expense for September 2025
937,4,2025-10-01,Rent,167480.24,Rent expense for October 2025
938,4,2025-10-01,Electricity,36898.6,Electricity expense for October 2025
939,4,2025-10-01,Salaries,695719.63,Salaries expense for October 2025
940,4,2025-10-01,Maintenance,33196.54,Maintenance expense for October 2025
941,4,2025-10-01,Delivery,41261.57,Delivery expense for October 2025
942,4,2025-10-01,Cleaning,16488.85,Cleaning expense for October 2025
943,4,2025-10-01,Repairs,35884.42,Repairs expense for October 2025
944,4,2025-10-01,Miscellaneous,4846.06,Miscellaneous expense for October 2025
945,4,2025-11-01,Rent,159606.88,Rent expense for November 2025
946,4,2025-11-01,Electricity,61327.31,Electricity expense for November 2025
947,4,2025-11-01,Salaries,663980.79,Salaries expense for November 2025
948,4,2025-11-01,Maintenance,30140.89,Maintenance expense for November 2025
949,4,2025-11-01,Delivery,19926.65,Delivery expense for November 2025
950,4,2025-11-01,Cleaning,6992.44,Cleaning expense for November 2025
951,4,2025-11-01,Repairs,41008.97,Repairs expense for November 2025
952,4,2025-11-01,Miscellaneous,11595.45,Miscellaneous expense for November 2025
953,4,2025-12-01,Rent,144327.39,Rent expense for December 2025
954,4,2025-12-01,Electricity,55364.42,Electricity expense for December 2025
955,4,2025-12-01,Salaries,589474.97,Salaries expense for December 2025
956,4,2025-12-01,Maintenance,27961.13,Maintenance expense for December 2025
957,4,2025-12-01,Delivery,32725.72,Delivery expense for December 2025
958,4,2025-12-01,Cleaning,14223.6,Cleaning expense for December 2025
959,4,2025-12-01,Repairs,16726.77,Repairs expense for December 2025
960,4,2025-12-01,Miscellaneous,6523.89,Miscellaneous expense for December 2025
961,4,2026-01-01,Rent,270728.58,Rent expense for January 2026
962,4,2026-01-01,Electricity,58729.3,Electricity expense for January 2026
963,4,2026-01-01,Salaries,450337.45,Salaries expense for January 2026
964,4,2026-01-01,Maintenance,32407.32,Maintenance expense for January 2026
965,4,2026-01-01,Delivery,30777.24,Delivery expense for January 2026
966,4,2026-01-01,Cleaning,9786.16,Cleaning expense for January 2026
967,4,2026-01-01,Repairs,43783.44,Repairs expense for January 2026
968,4,2026-01-01,Miscellaneous,13415.47,Miscellaneous expense for January 2026
969,4,2026-02-01,Rent,99257.14,Rent expense for February 2026
970,4,2026-02-01,Electricity,57191.88,Electricity expense for February 2026
971,4,2026-02-01,Salaries,474161.51,Salaries expense for February 2026
972,4,2026-02-01,Maintenance,14312.28,Maintenance expense for February 2026
973,4,2026-02-01,Delivery,49555.06,Delivery expense for February 2026
974,4,2026-02-01,Cleaning,9013.07,Cleaning expense for February 2026
975,4,2026-02-01,Repairs,24567.21,Repairs expense for February 2026
976,4,2026-02-01,Miscellaneous,2707.99,Miscellaneous expense for February 2026
977,4,2026-03-01,Rent,234524.08,Rent expense for March 2026
978,4,2026-03-01,Electricity,46053.04,Electricity expense for March 2026
979,4,2026-03-01,Salaries,634533.32,Salaries expense for March 2026
980,4,2026-03-01,Maintenance,17256.38,Maintenance expense for March 2026
981,4,2026-03-01,Delivery,55806.35,Delivery expense for March 2026
982,4,2026-03-01,Cleaning,6804.16,Cleaning expense for March 2026
983,4,2026-03-01,Repairs,33898.33,Repairs expense for March 2026
984,4,2026-03-01,Miscellaneous,12026.76,Miscellaneous expense for March 2026
985,4,2026-04-01,Rent,250098.1,Rent expense for April 2026
986,4,2026-04-01,Electricity,51390.79,Electricity expense for April 2026
987,4,2026-04-01,Salaries,526683.64,Salaries expense for April 2026
988,4,2026-04-01,Maintenance,17819.2,Maintenance expense for April 2026
989,4,2026-04-01,Delivery,32333.91,Delivery expense for April 2026
990,4,2026-04-01,Cleaning,9846.9,Cleaning expense for April 2026
991,4,2026-04-01,Repairs,20258.52,Repairs expense for April 2026
992,4,2026-04-01,Miscellaneous,18660.56,Miscellaneous expense for April 2026
993,4,2026-05-01,Rent,105360.14,Rent expense for May 2026
994,4,2026-05-01,Electricity,79106.66,Electricity expense for May 2026
995,4,2026-05-01,Salaries,707731.42,Salaries expense for May 2026
996,4,2026-05-01,Maintenance,22049.06,Maintenance expense for May 2026
997,4,2026-05-01,Delivery,21172.99,Delivery expense for May 2026
998,4,2026-05-01,Cleaning,13280.39,Cleaning expense for May 2026
999,4,2026-05-01,Repairs,-14974.49,Repairs expense for May 2026
1000,4,2026-05-01,Miscellaneous,4369.25,Miscellaneous expense for May 2026
1001,4,2026-06-01,Rent,163196.49,Rent expense for June 2026
1002,4,2026-06-01,Electricity,72345.24,Electricity expense for June 2026
1003,4,2026-06-01,Salaries,555051.96,Salaries expense for June 2026
1004,4,2026-06-01,Maintenance,15583.55,Maintenance expense for June 2026
1005,4,2026-06-01,Delivery,31791.68,Delivery expense for June 2026
1006,4,2026-06-01,Cleaning,5873.09,Cleaning expense for June 2026
1007,4,2026-06-01,Repairs,19623.81,Repairs expense for June 2026
1008,4,2026-06-01,Miscellaneous,15595.27,Miscellaneous expense for June 2026
1009,4,2026-07-01,Rent,212110.84,Rent expense for July 2026
1010,4,2026-07-01,Electricity,66232.54,Electricity expense for July 2026
1011,4,2026-07-01,Salaries,755996.1,Salaries expense for July 2026
1012,4,2026-07-01,Maintenance,11838.88,Maintenance expense for July 2026
1013,4,2026-07-01,Delivery,56888.18,Delivery expense for July 2026
1014,4,2026-07-01,Cleaning,15772.5,Cleaning expense for July 2026
1015,4,2026-07-01,Repairs,42901.81,Repairs expense for July 2026
1016,4,2026-07-01,Miscellaneous,15664.47,Miscellaneous expense for July 2026
1017,4,2026-08-01,Rent,209070.38,Rent expense for August 2026
1018,4,2026-08-01,Electricity,70639.1,Electricity expense for August 2026
1019,4,2026-08-01,Salaries,607745.04,Salaries expense for August 2026
1020,4,2026-08-01,Maintenance,17902.88,Maintenance expense for August 2026
1021,4,2026-08-01,Delivery,20442.38,Delivery expense for August 2026
1022,4,2026-08-01,Cleaning,16519.2,Cleaning expense for August 2026
1023,4,2026-08-01,Repairs,32522.98,Repairs expense for August 2026
1024,4,2026-08-01,Miscellaneous,20826.77,Miscellaneous expense for August 2026
1025,5,2024-01-01,Rent,225893.18,Rent expense for January 2024
1026,5,2024-01-01,Electricity,57993.21,Electricity expense for January 2024
1027,5,2024-01-01,Salaries,387652.97,Salaries expense for January 2024
1028,5,2024-01-01,Maintenance,28532.13,Maintenance expense for January 2024
1029,5,2024-01-01,Delivery,58913.09,Delivery expense for January 2024
1030,5,2024-01-01,Cleaning,8017.8,Cleaning expense for January 2024
1031,5,2024-01-01,Repairs,37287.56,Repairs expense for January 2024
1032,5,2024-01-01,Miscellaneous,15914.66,Miscellaneous expense for January 2024
1033,5,2024-02-01,Rent,140934.45,Rent expense for February 2024
1034,5,2024-02-01,Electricity,62013.84,Electricity expense for February 2024
1035,5,2024-02-01,Salaries,554329.91,Salaries expense for February 2024
1036,5,2024-02-01,Maintenance,10114.02,Maintenance expense for February 2024
1037,5,2024-02-01,Delivery,49285.56,Delivery expense for February 2024
1038,5,2024-02-01,Cleaning,5715.6,Cleaning expense for February 2024
1039,5,2024-02-01,Repairs,9382.54,Repairs expense for February 2024
1040,5,2024-02-01,Miscellaneous,15097.39,Miscellaneous expense for February 2024
1041,5,2024-03-01,Rent,102991.78,Rent expense for March 2024
1042,5,2024-03-01,Electricity,76071.15,Electricity expense for March 2024
1043,5,2024-03-01,Salaries,750051.49,Salaries expense for March 2024
1044,5,2024-03-01,Maintenance,20602.72,Maintenance expense for March 2024
1045,5,2024-03-01,Delivery,59394.58,Delivery expense for March 2024
1046,5,2024-03-01,Cleaning,11576.5,Cleaning expense for March 2024
1047,5,2024-03-01,Repairs,28973.84,Repairs expense for March 2024
1048,5,2024-03-01,Miscellaneous,19353.88,Miscellaneous expense for March 2024
1049,5,2024-04-01,Rent,248217.21,Rent expense for April 2024
1050,5,2024-04-01,Electricity,57457.36,Electricity expense for April 2024
1051,5,2024-04-01,Salaries,740364.85,Salaries expense for April 2024
1052,5,2024-04-01,Maintenance,23658.44,Maintenance expense for April 2024
1053,5,2024-04-01,Delivery,30554.86,Delivery expense for April 2024
1054,5,2024-04-01,Cleaning,7189.25,Cleaning expense for April 2024
1055,5,2024-04-01,Repairs,3639.38,Repairs expense for April 2024
1056,5,2024-04-01,Miscellaneous,4004.24,Miscellaneous expense for April 2024
1057,5,2024-05-01,Rent,198966.12,Rent expense for May 2024
1058,5,2024-05-01,Electricity,57647.15,Electricity expense for May 2024
1059,5,2024-05-01,Salaries,740075.05,Salaries expense for May 2024
1060,5,2024-05-01,Maintenance,28001.46,Maintenance expense for May 2024
1061,5,2024-05-01,Delivery,64202.58,Delivery expense for May 2024
1062,5,2024-05-01,Cleaning,8972.11,Cleaning expense for May 2024
1063,5,2024-05-01,Repairs,26641.4,Repairs expense for May 2024
1064,5,2024-05-01,Miscellaneous,2483.32,Miscellaneous expense for May 2024
1065,5,2024-06-01,Rent,270645.66,Rent expense for June 2024
1066,5,2024-06-01,Electricity,28231.69,Electricity expense for June 2024
1067,5,2024-06-01,Salaries,400460.77,Salaries expense for June 2024
1068,5,2024-06-01,Maintenance,13306.79,Maintenance expense for June 2024
1069,5,2024-06-01,Delivery,21978.26,Delivery expense for June 2024
1070,5,2024-06-01,Cleaning,15803.57,Cleaning expense for June 2024
1071,5,2024-06-01,Repairs,40821.02,Repairs expense for June 2024
1072,5,2024-06-01,Miscellaneous,7635.59,Miscellaneous expense for June 2024
1073,5,2024-07-01,Rent,190953.94,Rent expense for July 2024
1074,5,2024-07-01,Electricity,47516.65,Electricity expense for July 2024
1075,5,2024-07-01,Salaries,501406.03,Salaries expense for July 2024
1076,5,2024-07-01,Maintenance,13297.46,Maintenance expense for July 2024
1077,5,2024-07-01,Delivery,60864.31,Delivery expense for July 2024
1078,5,2024-07-01,Cleaning,11138.91,Cleaning expense for July 2024
1079,5,2024-07-01,Repairs,23138.09,Repairs expense for July 2024
1080,5,2024-07-01,Miscellaneous,8630.69,Miscellaneous expense for July 2024
1081,5,2024-08-01,Rent,93721.88,Rent expense for August 2024
1082,5,2024-08-01,Electricity,52490.21,Electricity expense for August 2024
1083,5,2024-08-01,Salaries,457130.64,Salaries expense for August 2024
1084,5,2024-08-01,Maintenance,24179.34,Maintenance expense for August 2024
1085,5,2024-08-01,Delivery,28720.76,Delivery expense for August 2024
1086,5,2024-08-01,Cleaning,6482.17,Cleaning expense for August 2024
1087,5,2024-08-01,Repairs,21294.83,Repairs expense for August 2024
1088,5,2024-08-01,Miscellaneous,6932.89,Miscellaneous expense for August 2024
1089,5,2024-09-01,Rent,166305.85,Rent expense for September 2024
1090,5,2024-09-01,Electricity,37267.71,Electricity expense for September 2024
1091,5,2024-09-01,Salaries,452106.29,Salaries expense for September 2024
1092,5,2024-09-01,Maintenance,21098.29,Maintenance expense for September 2024
1093,5,2024-09-01,Delivery,47960.67,Delivery expense for September 2024
1094,5,2024-09-01,Cleaning,12462.6,Cleaning expense for September 2024
1095,5,2024-09-01,Repairs,37849.98,Repairs expense for September 2024
1096,5,2024-09-01,Miscellaneous,3838.12,Miscellaneous expense for September 2024
1097,5,2024-10-01,Rent,273360.89,Rent expense for October 2024
1098,5,2024-10-01,Electricity,37866.27,Electricity expense for October 2024
1099,5,2024-10-01,Salaries,493705.18,Salaries expense for October 2024
1100,5,2024-10-01,Maintenance,13733.7,Maintenance expense for October 2024
1101,5,2024-10-01,Delivery,21856.86,Delivery expense for October 2024
1102,5,2024-10-01,Cleaning,5510.55,Cleaning expense for October 2024
1103,5,2024-10-01,Repairs,12911.06,Repairs expense for October 2024
1104,5,2024-10-01,MISCELLANEOUS,8773.89,Miscellaneous expense for October 2024
1105,5,2024-11-01,Rent,174821.85,Rent expense for November 2024
1106,5,2024-11-01,Electricity,72830.81,Electricity expense for November 2024
1107,5,2024-11-01,Salaries,626328.32,Salaries expense for November 2024
1108,5,2024-11-01,Maintenance,20878.12,Maintenance expense for November 2024
1109,5,2024-11-01,Delivery,33264.07,Delivery expense for November 2024
1110,5,2024-11-01,Cleaning,13357.06,Cleaning expense for November 2024
1111,5,2024-11-01,Repairs,11544.27,Repairs expense for November 2024
1112,5,2024-11-01,Miscellaneous,13271.18,Miscellaneous expense for November 2024
1113,5,2024-12-01,Rent,228645.04,Rent expense for December 2024
1114,5,2024-12-01,Electricity,33395.51,Electricity expense for December 2024
1115,5,2024-12-01,Salaries,688484.79,Salaries expense for December 2024
1116,5,2024-12-01,Maintenance,16032.22,Maintenance expense for December 2024
1117,5,2024-12-01,Delivery,21335.42,Delivery expense for December 2024
1118,5,2024-12-01,Cleaning,10873.61,Cleaning expense for December 2024
1119,5,2024-12-01,Repairs,26005.99,Repairs expense for December 2024
1120,5,2024-12-01,Miscellaneous,6773.3,Miscellaneous expense for December 2024
1121,5,2025-01-01,Rent,153902.82,Rent expense for January 2025
1122,5,2025-01-01,Electricity,74780.57,Electricity expense for January 2025
1123,5,2025-01-01,Salaries,685595.0,Salaries expense for January 2025
1124,5,2025-01-01,Maintenance,23367.49,Maintenance expense for January 2025
1125,5,2025-01-01,Delivery,37255.95,Delivery expense for January 2025
1126,5,2025-01-01,Cleaning,7783.25,Cleaning expense for January 2025
1127,5,2025-01-01,Repairs,8525.74,Repairs expense for January 2025
1128,5,2025-01-01,MISCELLANEOUS,8810.31,Miscellaneous expense for January 2025
1129,5,2025-02-01,Rent,236337.09,Rent expense for February 2025
1130,5,2025-02-01,Electricity,70115.94,Electricity expense for February 2025
1131,5,2025-02-01,Salaries,447740.32,Salaries expense for February 2025
1132,5,2025-02-01,Maintenance,30168.75,Maintenance expense for February 2025
1133,5,2025-02-01,Delivery,45403.69,Delivery expense for February 2025
1134,5,2025-02-01,Cleaning,6477.71,Cleaning expense for February 2025
1135,5,2025-02-01,Repairs,29800.87,Repairs expense for February 2025
1136,5,2025-02-01,Miscellaneous,16664.59,Miscellaneous expense for February 2025
1137,5,2025-03-01,Rent,185821.54,Rent expense for March 2025
1138,5,2025-03-01,Electricity,34248.4,Electricity expense for March 2025
1139,5,2025-03-01,salaries,657805.21,Salaries expense for March 2025
1140,5,2025-03-01,Maintenance,11499.08,Maintenance expense for March 2025
1141,5,2025-03-01,Delivery,22562.92,Delivery expense for March 2025
1142,5,2025-03-01,Cleaning,16365.0,Cleaning expense for March 2025
1143,5,2025-03-01,Repairs,14306.97,Repairs expense for March 2025
1144,5,2025-03-01,Miscellaneous,4959.24,Miscellaneous expense for March 2025
1145,5,2025-04-01,Rent,167157.33,Rent expense for April 2025
1146,5,2025-04-01,Electricity,39931.08,Electricity expense for April 2025
1147,5,2025-04-01,Salaries,745830.76,Salaries expense for April 2025
1148,5,2025-04-01,Maintenance,25510.2,Maintenance expense for April 2025
1149,5,2025-04-01,Delivery,55617.48,Delivery expense for April 2025
1150,5,2025-04-01,Cleaning,10349.12,Cleaning expense for April 2025
1151,5,2025-04-01,Repairs,30283.91,Repairs expense for April 2025
1152,5,2025-04-01,Miscellaneous,21148.68,Miscellaneous expense for April 2025
1153,5,2025-05-01,Rent,135904.31,Rent expense for May 2025
1154,5,2025-05-01,Electricity,60796.01,Electricity expense for May 2025
1155,5,2025-05-01,Salaries,748390.18,Salaries expense for May 2025
1156,5,2025-05-01,Maintenance,13847.28,Maintenance expense for May 2025
1157,5,2025-05-01,Delivery,50363.79,Delivery expense for May 2025
1158,5,2025-05-01,Cleaning,15251.81,Cleaning expense for May 2025
1159,5,2025-05-01,Repairs,42572.12,Repairs expense for May 2025
1160,5,2025-05-01,Miscellaneous,11524.67,Miscellaneous expense for May 2025
1161,5,2025-06-01,Rent,103567.05,Rent expense for June 2025
1162,5,2025-06-01,Electricity,67196.0,Electricity expense for June 2025
1163,5,2025-06-01,Salaries,466702.96,Salaries expense for June 2025
1164,5,2025-06-01,Maintenance,16232.74,Maintenance expense for June 2025
1165,5,2025-06-01,Delivery,27522.34,Delivery expense for June 2025
1166,5,2025-06-01,Cleaning,13045.03,Cleaning expense for June 2025
1167,5,2025-06-01,Repairs,27392.4,Repairs expense for June 2025
1168,5,2025-06-01,Miscellaneous,11995.57,Miscellaneous expense for June 2025
1169,5,2025-07-01,Rent,138350.67,Rent expense for July 2025
1170,5,2025-07-01,Electricity,57129.27,Electricity expense for July 2025
1171,5,2025-07-01,Salaries,693313.4,Salaries expense for July 2025
1172,5,2025-07-01,Maintenance,26605.35,Maintenance expense for July 2025
1173,5,2025-07-01,Delivery,42494.27,Delivery expense for July 2025
1174,5,2025-07-01,Cleaning,7860.51,Cleaning expense for July 2025
1175,5,2025-07-01,Repairs,40394.44,Repairs expense for July 2025
1176,5,2025-07-01,Miscellaneous,17776.05,Miscellaneous expense for July 2025
1177,5,2025-08-01,Rent,248191.12,Rent expense for August 2025
1178,5,2025-08-01,Electricity,73392.55,Electricity expense for August 2025
1179,5,2025-08-01,Salaries,671601.98,Salaries expense for August 2025
1180,5,2025-08-01,Maintenance,9792.08,Maintenance expense for August 2025
1181,5,2025-08-01,Delivery,60379.7,Delivery expense for August 2025
1182,5,2025-08-01,Cleaning,11768.46,Cleaning expense for August 2025
1183,5,2025-08-01,Repairs,15469.48,Repairs expense for August 2025
1184,5,2025-08-01,Miscellaneous,3699.46,Miscellaneous expense for August 2025
1185,5,2025-09-01,Rent,253107.27,Rent expense for September 2025
1186,5,2025-09-01,Electricity,47286.68,Electricity expense for September 2025
1187,5,2025-09-01,Salaries,691001.32,Salaries expense for September 2025
1188,5,2025-09-01,Maintenance,12179.21,Maintenance expense for September 2025
1189,5,2025-09-01,Delivery,59971.31,Delivery expense for September 2025
1190,5,2025-09-01,Cleaning,7331.31,Cleaning expense for September 2025
1191,5,2025-09-01,Repairs,33078.73,Repairs expense for September 2025
1192,5,2025-09-01,Miscellaneous,10625.05,Miscellaneous expense for September 2025
1193,5,2025-10-01,Rent,157642.97,Rent expense for October 2025
1194,5,2025-10-01,Electricity,53033.61,Electricity expense for October 2025
1195,5,2025-10-01,Salaries,494641.69,Salaries expense for October 2025
1196,5,2025-10-01,Maintenance,22282.03,Maintenance expense for October 2025
1197,5,2025-10-01,Delivery,29898.53,Delivery expense for October 2025
1198,5,2025-10-01,Cleaning,11800.19,Cleaning expense for October 2025
1199,5,2025-10-01,Repairs,15367.67,Repairs expense for October 2025
1200,5,2025-10-01,Miscellaneous,15110.68,Miscellaneous expense for October 2025
1201,5,2025-11-01,Rent,216182.12,Rent expense for November 2025
1202,5,2025-11-01,Electricity,60646.15,Electricity expense for November 2025
1203,5,2025-11-01,Salaries,495938.45,Salaries expense for November 2025
1204,5,2025-11-01,Maintenance,30817.58,Maintenance expense for November 2025
1205,5,2025-11-01,Delivery,58342.61,Delivery expense for November 2025
1206,5,2025-11-01,Cleaning,7128.27,Cleaning expense for November 2025
1207,5,2025-11-01,Repairs,31404.45,Repairs expense for November 2025
1208,5,2025-11-01,Miscellaneous,19896.46,Miscellaneous expense for November 2025
1209,5,2025-12-01,Rent,125661.36,Rent expense for December 2025
1210,5,2025-12-01,Electricity,65076.54,Electricity expense for December 2025
1211,5,2025-12-01,Salaries,632212.62,Salaries expense for December 2025
1212,5,2025-12-01,Maintenance,18214.94,Maintenance expense for December 2025
1213,5,2025-12-01,Delivery,44131.65,Delivery expense for December 2025
1214,5,2025-12-01,Cleaning,15293.82,Cleaning expense for December 2025
1215,5,2025-12-01,Repairs,23932.2,Repairs expense for December 2025
1216,5,2025-12-01,Miscellaneous,8869.82,Miscellaneous expense for December 2025
1217,5,2026-01-01,Rent,252633.62,Rent expense for January 2026
1218,5,2026-01-01,Electricity,36421.79,Electricity expense for January 2026
1219,5,2026-01-01,Salaries,519524.06,Salaries expense for January 2026
1220,5,2026-01-01,Maintenance,14141.67,Maintenance expense for January 2026
1221,5,2026-01-01,Delivery,59534.37,Delivery expense for January 2026
1222,5,2026-01-01,Cleaning,6426.09,Cleaning expense for January 2026
1223,5,2026-01-01,Repairs,12492.28,Repairs expense for January 2026
1224,5,2026-01-01,Miscellaneous,16784.67,Miscellaneous expense for January 2026
1225,5,2026-02-01,Rent,214887.39,Rent expense for February 2026
1226,5,2026-02-01,Electricity,69263.68,Electricity expense for February 2026
1227,5,2026-02-01,Salaries,651693.75,Salaries expense for February 2026
1228,5,2026-02-01,Maintenance,32727.75,Maintenance expense for February 2026
1229,5,2026-02-01,Delivery,56310.65,Delivery expense for February 2026
1230,5,2026-02-01,Cleaning,16251.68,Cleaning expense for February 2026
1231,5,2026-02-01,Repairs,14654.43,Repairs expense for February 2026
1232,5,2026-02-01,Miscellaneous,7228.34,Miscellaneous expense for February 2026
1233,5,2026-03-01,Rent,261858.62,Rent expense for March 2026
1234,5,2026-03-01,Electricity,52450.41,Electricity expense for March 2026
1235,5,2026-03-01,Salaries,708816.56,Salaries expense for March 2026
1236,5,2026-03-01,Maintenance,17736.47,Maintenance expense for March 2026
1237,5,2026-03-01,Delivery,58613.62,Delivery expense for March 2026
1238,5,2026-03-01,Cleaning,8273.94,Cleaning expense for March 2026
1239,5,2026-03-01,Repairs,13233.54,Repairs expense for March 2026
1240,5,2026-03-01,Miscellaneous,19361.59,Miscellaneous expense for March 2026
1241,5,2026-04-01,Rent,273651.94,Rent expense for April 2026
1242,5,2026-04-01,Electricity,49722.83,Electricity expense for April 2026
1243,5,2026-04-01,Salaries,446662.56,Salaries expense for April 2026
1244,5,2026-04-01,Maintenance,27055.59,Maintenance expense for April 2026
1245,5,2026-04-01,Delivery,19812.94,Delivery expense for April 2026
1246,5,2026-04-01,Cleaning,7624.61,Cleaning expense for April 2026
1247,5,2026-04-01,Repairs,33471.77,Repairs expense for April 2026
1248,5,2026-04-01,Miscellaneous,19699.15,Miscellaneous expense for April 2026
1249,5,2026-05-01,Rent,251800.5,Rent expense for May 2026
1250,5,2026-05-01,Electricity,70267.16,Electricity expense for May 2026
1251,5,2026-05-01,Salaries,746225.75,Salaries expense for May 2026
1252,5,2026-05-01,Maintenance,20432.05,Maintenance expense for May 2026
1253,5,2026-05-01,Delivery,61011.42,Delivery expense for May 2026
1254,5,2026-05-01,Cleaning,12829.37,Cleaning expense for May 2026
1255,5,2026-05-01,Repairs,35735.93,Repairs expense for May 2026
1256,5,2026-05-01,Miscellaneous,15118.6,Miscellaneous expense for May 2026
1257,5,2026-06-01,Rent,134085.63,Rent expense for June 2026
1258,5,2026-06-01,Electricity,43500.59,Electricity expense for June 2026
1259,5,2026-06-01,Salaries,632936.12,Salaries expense for June 2026
1260,5,2026-06-01,Maintenance,27419.22,Maintenance expense for June 2026
1261,5,2026-06-01,Delivery,54127.85,Delivery expense for June 2026
1262,5,2026-06-01,Cleaning,7082.76,Cleaning expense for June 2026
1263,5,2026-06-01,Repairs,14135.7,Repairs expense for June 2026
1264,5,2026-06-01,Miscellaneous,11549.17,Miscellaneous expense for June 2026
1265,5,2026-07-01,Rent,195232.0,Rent expense for July 2026
1266,5,2026-07-01,Electricity,74300.71,Electricity expense for July 2026
1267,5,2026-07-01,Salaries,596735.0,Salaries expense for July 2026
1268,5,2026-07-01,Maintenance,12382.89,Maintenance expense for July 2026
1269,5,2026-07-01,Delivery,43105.05,Delivery expense for July 2026
1270,5,2026-07-01,Cleaning,15549.82,Cleaning expense for July 2026
1271,5,2026-07-01,Repairs,25952.51,Repairs expense for July 2026
1272,5,2026-07-01,Miscellaneous,10566.14,Miscellaneous expense for July 2026
1273,5,2026-08-01,Rent,104818.64,Rent expense for August 2026
1274,5,2026-08-01,Electricity,32997.28,Electricity expense for August 2026
1275,5,2026-08-01,Salaries,641885.86,Salaries expense for August 2026
1276,5,2026-08-01,Maintenance,10358.95,Maintenance expense for August 2026
1277,5,2026-08-01,Delivery,43195.14,Delivery expense for August 2026
1278,5,2026-08-01,Cleaning,10614.59,Cleaning expense for August 2026
1279,5,2026-08-01,Repairs,14778.31,Repairs expense for August 2026
1280,5,2026-08-01,Miscellaneous,-12160.67,Miscellaneous expense for August 2026
1281,6,2024-01-01,Rent,219746.94,Rent expense for January 2024
1282,6,2024-01-01,Electricity,27392.48,Electricity expense for January 2024
1283,6,2024-01-01,Salaries,483615.7,Salaries expense for January 2024
1284,6,2024-01-01,Maintenance,16743.93,Maintenance expense for January 2024
1285,6,2024-01-01,Delivery,57946.39,Delivery expense for January 2024
1286,6,2024-01-01,Cleaning,8866.58,Cleaning expense for January 2024
1287,6,2024-01-01,Repairs,31034.64,Repairs expense for January 2024
1288,6,2024-01-01,Miscellaneous,8156.47,Miscellaneous expense for January 2024
1289,6,2024-02-01,Rent,166852.74,Rent expense for February 2024
1290,6,2024-02-01,Electricity,50238.2,Electricity expense for February 2024
1291,6,2024-02-01,Salaries,564825.84,Salaries expense for February 2024
1292,6,2024-02-01,Maintenance,26869.26,Maintenance expense for February 2024
1293,6,2024-02-01,Delivery,59589.89,Delivery expense for February 2024
1294,6,2024-02-01,Cleaning,9614.92,Cleaning expense for February 2024
1295,6,2024-02-01,Repairs,15588.97,Repairs expense for February 2024
1296,6,2024-02-01,Miscellaneous,10083.0,Miscellaneous expense for February 2024
1297,6,2024-03-01,Rent,95511.2,Rent expense for March 2024
1298,6,2024-03-01,Electricity,27636.1,Electricity expense for March 2024
1299,6,2024-03-01,Salaries,652356.07,Salaries expense for March 2024
1300,6,2024-03-01,Maintenance,23022.02,Maintenance expense for March 2024
1301,6,2024-03-01,Delivery,45686.7,Delivery expense for March 2024
1302,6,2024-03-01,Cleaning,7124.28,Cleaning expense for March 2024
1303,6,2024-03-01,Repairs,35291.69,Repairs expense for March 2024
1304,6,2024-03-01,Miscellaneous,2713.81,Miscellaneous expense for March 2024
1305,6,2024-04-01,Rent,139230.49,Rent expense for April 2024
1306,6,2024-04-01,Electricity,45988.06,Electricity expense for April 2024
1307,6,2024-04-01,Salaries,541880.57,Salaries expense for April 2024
1308,6,2024-04-01,Maintenance,9193.06,Maintenance expense for April 2024
1309,6,2024-04-01,Delivery,57772.4,Delivery expense for April 2024
1310,6,2024-04-01,Cleaning,8496.15,Cleaning expense for April 2024
1311,6,2024-04-01,Repairs,28578.76,Repairs expense for April 2024
1312,6,2024-04-01,Miscellaneous,13003.04,Miscellaneous expense for April 2024
1313,6,2024-05-01,rent,216316.22,Rent expense for May 2024
1314,6,2024-05-01,Electricity,49001.69,Electricity expense for May 2024
1315,6,2024-05-01,Salaries,588258.74,Salaries expense for May 2024
1316,6,2024-05-01,Maintenance,13180.67,Maintenance expense for May 2024
1317,6,2024-05-01,Delivery,50219.78,Delivery expense for May 2024
1318,6,2024-05-01,Cleaning,10992.16,Cleaning expense for May 2024
1319,6,2024-05-01,Repairs,22783.32,Repairs expense for May 2024
1320,6,2024-05-01,Miscellaneous,9349.83,Miscellaneous expense for May 2024
1321,6,2024-06-01,Rent,208661.43,Rent expense for June 2024
1322,6,2024-06-01,Electricity,37522.76,Electricity expense for June 2024
1323,6,2024-06-01,Salaries,523592.73,Salaries expense for June 2024
1324,6,2024-06-01,Maintenance,13275.61,Maintenance expense for June 2024
1325,6,2024-06-01,Delivery,36075.98,Delivery expense for June 2024
1326,6,2024-06-01,Cleaning,13843.65,Cleaning expense for June 2024
1327,6,2024-06-01,Repairs,40125.5,Repairs expense for June 2024
1328,6,2024-06-01,Miscellaneous,20067.81,Miscellaneous expense for June 2024
1329,6,2024-07-01,Rent,97029.76,Rent expense for July 2024
1330,6,2024-07-01,Electricity,64775.98,Electricity expense for July 2024
1331,6,2024-07-01,Salaries,705217.03,Salaries expense for July 2024
1332,6,2024-07-01,Maintenance,29065.56,Maintenance expense for July 2024
1333,6,2024-07-01,Delivery,56984.19,Delivery expense for July 2024
1334,6,2024-07-01,Cleaning,11870.67,Cleaning expense for July 2024
1335,6,2024-07-01,Repairs,31898.85,Repairs expense for July 2024
1336,6,2024-07-01,Miscellaneous,15898.16,Miscellaneous expense for July 2024
1337,6,2024-08-01,Rent,193262.79,Rent expense for August 2024
1338,6,2024-08-01,Electricity,56568.41,Electricity expense for August 2024
1339,6,2024-08-01,Salaries,549278.89,Salaries expense for August 2024
1340,6,2024-08-01,Maintenance,12041.38,Maintenance expense for August 2024
1341,6,2024-08-01,Delivery,26617.93,Delivery expense for August 2024
1342,6,2024-08-01,Cleaning,8468.1,Cleaning expense for August 2024
1343,6,2024-08-01,Repairs,3235.99,Repairs expense for August 2024
1344,6,2024-08-01,Miscellaneous,9227.95,Miscellaneous expense for August 2024
1345,6,2024-09-01,Rent,199995.42,Rent expense for September 2024
1346,6,2024-09-01,Electricity,50830.27,Electricity expense for September 2024
1347,6,2024-09-01,Salaries,387806.42,Salaries expense for September 2024
1348,6,2024-09-01,Maintenance,11795.66,Maintenance expense for September 2024
1349,6,2024-09-01,Delivery,30630.21,Delivery expense for September 2024
1350,6,2024-09-01,Cleaning,8342.91,Cleaning expense for September 2024
1351,6,2024-09-01,Repairs,8550.15,Repairs expense for September 2024
1352,6,2024-09-01,Miscellaneous,7385.25,Miscellaneous expense for September 2024
1353,6,2024-10-01,Rent,217233.89,Rent expense for October 2024
1354,6,2024-10-01,Electricity,65671.83,Electricity expense for October 2024
1355,6,2024-10-01,Salaries,710812.51,Salaries expense for October 2024
1356,6,2024-10-01,Maintenance,19030.02,Maintenance expense for October 2024
1357,6,2024-10-01,Delivery,19170.86,Delivery expense for October 2024
1358,6,2024-10-01,Cleaning,5377.79,Cleaning expense for October 2024
1359,6,2024-10-01,Repairs,8115.51,Repairs expense for October 2024
1360,6,2024-10-01,Miscellaneous,20480.19,Miscellaneous expense for October 2024
1361,6,2024-11-01,Rent,102767.65,Rent expense for November 2024
1362,6,2024-11-01,Electricity,43542.34,Electricity expense for November 2024
1363,6,2024-11-01,Salaries,472553.32,Salaries expense for November 2024
1364,6,2024-11-01,Maintenance,26796.38,Maintenance expense for November 2024
1365,6,2024-11-01,Delivery,54663.84,Delivery expense for November 2024
1366,6,2024-11-01,Cleaning,10351.16,Cleaning expense for November 2024
1367,6,2024-11-01,Repairs,20646.31,Repairs expense for November 2024
1368,6,2024-11-01,Miscellaneous,3868.72,Miscellaneous expense for November 2024
1369,6,2024-12-01,Rent,123113.62,Rent expense for December 2024
1370,6,2024-12-01,Electricity,31836.88,Electricity expense for December 2024
1371,6,2024-12-01,Salaries,422009.73,Salaries expense for December 2024
1372,6,2024-12-01,Maintenance,11484.62,Maintenance expense for December 2024
1373,6,2024-12-01,Delivery,41286.18,Delivery expense for December 2024
1374,6,2024-12-01,Cleaning,14240.37,Cleaning expense for December 2024
1375,6,2024-12-01,Repairs,26233.58,Repairs expense for December 2024
1376,6,2024-12-01,Miscellaneous,2566.68,Miscellaneous expense for December 2024
1377,6,2025-01-01,Rent,100355.09,Rent expense for January 2025
1378,6,2025-01-01,Electricity,33360.3,Electricity expense for January 2025
1379,6,2025-01-01,Salaries,667689.43,Salaries expense for January 2025
1380,6,2025-01-01,Maintenance,29531.27,Maintenance expense for January 2025
1381,6,2025-01-01,DELIVERY,40182.03,Delivery expense for January 2025
1382,6,2025-01-01,Cleaning,6141.95,Cleaning expense for January 2025
1383,6,2025-01-01,Repairs,35283.69,Repairs expense for January 2025
1384,6,2025-01-01,Miscellaneous,4564.55,Miscellaneous expense for January 2025
1385,6,2025-02-01,Rent,206817.91,Rent expense for February 2025
1386,6,2025-02-01,Electricity,-44129.11,Electricity expense for February 2025
1387,6,2025-02-01,Salaries,573828.74,Salaries expense for February 2025
1388,6,2025-02-01,Maintenance,15256.45,Maintenance expense for February 2025
1389,6,2025-02-01,Delivery,37199.13,Delivery expense for February 2025
1390,6,2025-02-01,Cleaning,6467.29,Cleaning expense for February 2025
1391,6,2025-02-01,Repairs,29446.98,Repairs expense for February 2025
1392,6,2025-02-01,Miscellaneous,11674.92,Miscellaneous expense for February 2025
1393,6,2025-03-01,Rent,152501.55,Rent expense for March 2025
1394,6,2025-03-01,Electricity,58018.03,Electricity expense for March 2025
1395,6,2025-03-01,Salaries,414357.7,Salaries expense for March 2025
1396,6,2025-03-01,Maintenance,13899.67,Maintenance expense for March 2025
1397,6,2025-03-01,Delivery,40469.32,Delivery expense for March 2025
1398,6,2025-03-01,Cleaning,9955.91,Cleaning expense for March 2025
1399,6,2025-03-01,Repairs,16845.02,Repairs expense for March 2025
1400,6,2025-03-01,Miscellaneous,6046.97,Miscellaneous expense for March 2025
1401,6,2025-04-01,Rent,250466.33,Rent expense for April 2025
1402,6,2025-04-01,Electricity,42690.35,Electricity expense for April 2025
1403,6,2025-04-01,Salaries,659431.43,Salaries expense for April 2025
1404,6,2025-04-01,Maintenance,21594.71,Maintenance expense for April 2025
1405,6,2025-04-01,Delivery,47019.15,Delivery expense for April 2025
1406,6,2025-04-01,Cleaning,9387.24,Cleaning expense for April 2025
1407,6,2025-04-01,Repairs,33714.54,Repairs expense for April 2025
1408,6,2025-04-01,Miscellaneous,9034.01,Miscellaneous expense for April 2025
1409,6,2025-05-01,Rent,175527.08,Rent expense for May 2025
1410,6,2025-05-01,Electricity,38983.83,Electricity expense for May 2025
1411,6,2025-05-01,Salaries,659134.37,Salaries expense for May 2025
1412,6,2025-05-01,Maintenance,25147.1,Maintenance expense for May 2025
1413,6,2025-05-01,Delivery,27044.45,Delivery expense for May 2025
1414,6,2025-05-01,Cleaning,14826.03,Cleaning expense for May 2025
1415,6,2025-05-01,Repairs,13300.54,Repairs expense for May 2025
1416,6,2025-05-01,Miscellaneous,9966.85,Miscellaneous expense for May 2025
1417,6,2025-06-01,Rent,127417.71,Rent expense for June 2025
1418,6,2025-06-01,Electricity,35316.74,Electricity expense for June 2025
1419,6,2025-06-01,Salaries,638505.78,Salaries expense for June 2025
1420,6,2025-06-01,Maintenance,22674.78,Maintenance expense for June 2025
1421,6,2025-06-01,Delivery,32228.5,Delivery expense for June 2025
1422,6,2025-06-01,Cleaning,12231.11,Cleaning expense for June 2025
1423,6,2025-06-01,Repairs,31240.82,Repairs expense for June 2025
1424,6,2025-06-01,Miscellaneous,8529.21,Miscellaneous expense for June 2025
1425,6,2025-07-01,rent,195430.35,Rent expense for July 2025
1426,6,2025-07-01,Electricity,67130.06,Electricity expense for July 2025
1427,6,2025-07-01,Salaries,582087.53,Salaries expense for July 2025
1428,6,2025-07-01,Maintenance,13957.97,Maintenance expense for July 2025
1429,6,2025-07-01,Delivery,22728.98,Delivery expense for July 2025
1430,6,2025-07-01,Cleaning,15587.63,Cleaning expense for July 2025
1431,6,2025-07-01,Repairs,28677.9,Repairs expense for July 2025
1432,6,2025-07-01,Miscellaneous,7521.17,Miscellaneous expense for July 2025
1433,6,2025-08-01,Rent,221310.42,Rent expense for August 2025
1434,6,2025-08-01,Electricity,64050.4,Electricity expense for August 2025
1435,6,2025-08-01,Salaries,636129.84,Salaries expense for August 2025
1436,6,2025-08-01,Maintenance,28565.97,Maintenance expense for August 2025
1437,6,2025-08-01,Delivery,16716.94,Delivery expense for August 2025
1438,6,2025-08-01,Cleaning,-5394.44,Cleaning expense for August 2025
1439,6,2025-08-01,Repairs,26151.96,Repairs expense for August 2025
1440,6,2025-08-01,Miscellaneous,20354.07,Miscellaneous expense for August 2025
1441,6,2025-09-01,Rent,98096.06,Rent expense for September 2025
1442,6,2025-09-01,Electricity,29638.0,Electricity expense for September 2025
1443,6,2025-09-01,Salaries,480747.31,Salaries expense for September 2025
1444,6,2025-09-01,Maintenance,31013.21,Maintenance expense for September 2025
1445,6,2025-09-01,Delivery,34405.5,Delivery expense for September 2025
1446,6,2025-09-01,Cleaning,11037.16,Cleaning expense for September 2025
1447,6,2025-09-01,Repairs,15659.72,Repairs expense for September 2025
1448,6,2025-09-01,Miscellaneous,10166.51,Miscellaneous expense for September 2025
1449,6,2025-10-01,Rent,110684.53,Rent expense for October 2025
1450,6,2025-10-01,Electricity,69621.27,Electricity expense for October 2025
1451,6,2025-10-01,Salaries,634469.59,Salaries expense for October 2025
1452,6,2025-10-01,Maintenance,30448.31,Maintenance expense for October 2025
1453,6,2025-10-01,Delivery,60252.64,Delivery expense for October 2025
1454,6,2025-10-01,Cleaning,6310.52,Cleaning expense for October 2025
1455,6,2025-10-01,Repairs,6366.28,Repairs expense for October 2025
1456,6,2025-10-01,Miscellaneous,9321.48,Miscellaneous expense for October 2025
1457,6,2025-11-01,Rent,105232.9,Rent expense for November 2025
1458,6,2025-11-01,Electricity,55746.59,Electricity expense for November 2025
1459,6,2025-11-01,Salaries,393592.76,Salaries expense for November 2025
1460,6,2025-11-01,Maintenance,14792.94,Maintenance expense for November 2025
1461,6,2025-11-01,Delivery,37369.31,Delivery expense for November 2025
1462,6,2025-11-01,Cleaning,8379.99,Cleaning expense for November 2025
1463,6,2025-11-01,Repairs,18421.37,Repairs expense for November 2025
1464,6,2025-11-01,Miscellaneous,17422.34,Miscellaneous expense for November 2025
1465,6,2025-12-01,Rent,138228.92,Rent expense for December 2025
1466,6,2025-12-01,Electricity,43171.39,Electricity expense for December 2025
1467,6,2025-12-01,Salaries,639197.55,Salaries expense for December 2025
1468,6,2025-12-01,Maintenance,26875.33,Maintenance expense for December 2025
1469,6,2025-12-01,Delivery,53896.12,Delivery expense for December 2025
1470,6,2025-12-01,Cleaning,6292.99,Cleaning expense for December 2025
1471,6,2025-12-01,Repairs,9440.99,Repairs expense for December 2025
1472,6,2025-12-01,Miscellaneous,20027.52,Miscellaneous expense for December 2025
1473,6,2026-01-01,Rent,185325.48,Rent expense for January 2026
1474,6,2026-01-01,Electricity,68437.73,Electricity expense for January 2026
1475,6,2026-01-01,Salaries,632594.33,Salaries expense for January 2026
1476,6,2026-01-01,Maintenance,18202.7,Maintenance expense for January 2026
1477,6,2026-01-01,Delivery,51490.76,Delivery expense for January 2026
1478,6,2026-01-01,Cleaning,10622.74,Cleaning expense for January 2026
1479,6,2026-01-01,Repairs,20306.24,Repairs expense for January 2026
1480,6,2026-01-01,Miscellaneous,6820.37,Miscellaneous expense for January 2026
1481,6,2026-02-01,Rent,245349.33,Rent expense for February 2026
1482,6,2026-02-01,Electricity,57728.64,Electricity expense for February 2026
1483,6,2026-02-01,Salaries,634768.53,Salaries expense for February 2026
1484,6,2026-02-01,Maintenance,23604.65,Maintenance expense for February 2026
1485,6,2026-02-01,DELIVERY,39878.53,Delivery expense for February 2026
1486,6,2026-02-01,Cleaning,9956.64,Cleaning expense for February 2026
1487,6,2026-02-01,Repairs,14150.01,Repairs expense for February 2026
1488,6,2026-02-01,Miscellaneous,2188.24,Miscellaneous expense for February 2026
1489,6,2026-03-01,Rent,249571.41,Rent expense for March 2026
1490,6,2026-03-01,Electricity,29201.69,Electricity expense for March 2026
1491,6,2026-03-01,Salaries,669118.04,Salaries expense for March 2026
1492,6,2026-03-01,Maintenance,10971.47,Maintenance expense for March 2026
1493,6,2026-03-01,Delivery,33545.19,Delivery expense for March 2026
1494,6,2026-03-01,Cleaning,5716.15,Cleaning expense for March 2026
1495,6,2026-03-01,Repairs,9552.53,Repairs expense for March 2026
1496,6,2026-03-01,Miscellaneous,12229.93,Miscellaneous expense for March 2026
1497,6,2026-04-01,Rent,206499.99,Rent expense for April 2026
1498,6,2026-04-01,Electricity,45430.91,Electricity expense for April 2026
1499,6,2026-04-01,Salaries,629793.85,Salaries expense for April 2026
1500,6,2026-04-01,Maintenance,16389.13,Maintenance expense for April 2026
1501,6,2026-04-01,Delivery,45033.43,Delivery expense for April 2026
1502,6,2026-04-01,Cleaning,14491.83,Cleaning expense for April 2026
1503,6,2026-04-01,Repairs,12994.73,Repairs expense for April 2026
1504,6,2026-04-01,Miscellaneous,9451.68,Miscellaneous expense for April 2026
1505,6,2026-05-01,Rent,226355.73,Rent expense for May 2026
1506,6,2026-05-01,Electricity,56461.98,Electricity expense for May 2026
1507,6,2026-05-01,Salaries,597628.9,Salaries expense for May 2026
1508,6,2026-05-01,Maintenance,31240.19,Maintenance expense for May 2026
1509,6,2026-05-01,Delivery,47434.51,Delivery expense for May 2026
1510,6,2026-05-01,Cleaning,12726.44,Cleaning expense for May 2026
1511,6,2026-05-01,Repairs,32082.49,Repairs expense for May 2026
1512,6,2026-05-01,Miscellaneous,3833.7,Miscellaneous expense for May 2026
1513,6,2026-06-01,Rent,165200.55,Rent expense for June 2026
1514,6,2026-06-01,Electricity,36984.74,Electricity expense for June 2026
1515,6,2026-06-01,Salaries,525401.42,Salaries expense for June 2026
1516,6,2026-06-01,Maintenance,27482.07,Maintenance expense for June 2026
1517,6,2026-06-01,Delivery,34889.34,Delivery expense for June 2026
1518,6,2026-06-01,Cleaning,15236.17,Cleaning expense for June 2026
1519,6,2026-06-01,Repairs,21468.56,Repairs expense for June 2026
1520,6,2026-06-01,Miscellaneous,15414.33,Miscellaneous expense for June 2026
1521,6,2026-07-01,Rent,114220.47,Rent expense for July 2026
1522,6,2026-07-01,Electricity,65677.28,Electricity expense for July 2026
1523,6,2026-07-01,Salaries,620727.9,Salaries expense for July 2026
1524,6,2026-07-01,Maintenance,25303.65,Maintenance expense for July 2026
1525,6,2026-07-01,Delivery,32095.85,Delivery expense for July 2026
1526,6,2026-07-01,Cleaning,12626.77,Cleaning expense for July 2026
1527,6,2026-07-01,Repairs,12726.15,Repairs expense for July 2026
1528,6,2026-07-01,Miscellaneous,4866.35,Miscellaneous expense for July 2026
1529,6,2026-08-01,Rent,190118.84,Rent expense for August 2026
1530,6,2026-08-01,Electricity,32437.51,Electricity expense for August 2026
1531,6,2026-08-01,Salaries,676543.05,Salaries expense for August 2026
1532,6,2026-08-01,Maintenance,20407.28,Maintenance expense for August 2026
1533,6,2026-08-01,Delivery,35432.86,Delivery expense for August 2026
1534,6,2026-08-01,Cleaning,14798.87,Cleaning expense for August 2026
1535,6,2026-08-01,Repairs,34784.35,Repairs expense for August 2026
1536,6,2026-08-01,Miscellaneous,10700.96,Miscellaneous expense for August 2026
1537,7,2024-01-01,Rent,207017.67,Rent expense for January 2024
1538,7,2024-01-01,Electricity,45155.07,Electricity expense for January 2024
1539,7,2024-01-01,Salaries,421979.71,Salaries expense for January 2024
1540,7,2024-01-01,Maintenance,19474.36,Maintenance expense for January 2024
1541,7,2024-01-01,Delivery,41305.85,Delivery expense for January 2024
1542,7,2024-01-01,Cleaning,14651.59,Cleaning expense for January 2024
1543,7,2024-01-01,Repairs,12738.21,Repairs expense for January 2024
1544,7,2024-01-01,miscellaneous,17299.1,Miscellaneous expense for January 2024
1545,7,2024-02-01,Rent,168629.39,Rent expense for February 2024
1546,7,2024-02-01,Electricity,70723.38,Electricity expense for February 2024
1547,7,2024-02-01,Salaries,538243.29,Salaries expense for February 2024
1548,7,2024-02-01,Maintenance,9655.14,Maintenance expense for February 2024
1549,7,2024-02-01,Delivery,21972.18,Delivery expense for February 2024
1550,7,2024-02-01,Cleaning,5158.54,Cleaning expense for February 2024
1551,7,2024-02-01,Repairs,10499.6,Repairs expense for February 2024
1552,7,2024-02-01,Miscellaneous,7663.81,Miscellaneous expense for February 2024
1553,7,2024-03-01,Rent,109348.26,Rent expense for March 2024
1554,7,2024-03-01,Electricity,41527.53,Electricity expense for March 2024
1555,7,2024-03-01,Salaries,672873.28,Salaries expense for March 2024
1556,7,2024-03-01,Maintenance,20680.85,Maintenance expense for March 2024
1557,7,2024-03-01,Delivery,47893.17,Delivery expense for March 2024
1558,7,2024-03-01,Cleaning,14052.1,Cleaning expense for March 2024
1559,7,2024-03-01,Repairs,20173.21,Repairs expense for March 2024
1560,7,2024-03-01,Miscellaneous,3539.24,Miscellaneous expense for March 2024
1561,7,2024-04-01,Rent,158248.27,Rent expense for April 2024
1562,7,2024-04-01,Electricity,67185.58,Electricity expense for April 2024
1563,7,2024-04-01,Salaries,700978.24,Salaries expense for April 2024
1564,7,2024-04-01,Maintenance,16813.07,Maintenance expense for April 2024
1565,7,2024-04-01,Delivery,18831.54,Delivery expense for April 2024
1566,7,2024-04-01,Cleaning,9528.19,Cleaning expense for April 2024
1567,7,2024-04-01,Repairs,17600.32,Repairs expense for April 2024
1568,7,2024-04-01,Miscellaneous,6657.13,Miscellaneous expense for April 2024
1569,7,2024-05-01,Rent,194137.7,Rent expense for May 2024
1570,7,2024-05-01,Electricity,27092.0,Electricity expense for May 2024
1571,7,2024-05-01,Salaries,604018.42,Salaries expense for May 2024
1572,7,2024-05-01,Maintenance,24820.14,Maintenance expense for May 2024
1573,7,2024-05-01,Delivery,34720.81,Delivery expense for May 2024
1574,7,2024-05-01,Cleaning,6105.67,Cleaning expense for May 2024
1575,7,2024-05-01,Repairs,38571.0,Repairs expense for May 2024
1576,7,2024-05-01,Miscellaneous,2109.25,Miscellaneous expense for May 2024
1577,7,2024-06-01,Rent,88853.62,Rent expense for June 2024
1578,7,2024-06-01,Electricity,50860.74,Electricity expense for June 2024
1579,7,2024-06-01,Salaries,519540.68,Salaries expense for June 2024
1580,7,2024-06-01,Maintenance,13645.4,Maintenance expense for June 2024
1581,7,2024-06-01,Delivery,15434.03,Delivery expense for June 2024
1582,7,2024-06-01,Cleaning,13511.52,Cleaning expense for June 2024
1583,7,2024-06-01,Repairs,5412.13,Repairs expense for June 2024
1584,7,2024-06-01,Miscellaneous,14434.08,Miscellaneous expense for June 2024
1585,7,2024-07-01,Rent,165058.57,Rent expense for July 2024
1586,7,2024-07-01,Electricity,64868.43,Electricity expense for July 2024
1587,7,2024-07-01,Salaries,381976.38,Salaries expense for July 2024
1588,7,2024-07-01,Maintenance,21563.45,Maintenance expense for July 2024
1589,7,2024-07-01,Delivery,38017.93,Delivery expense for July 2024
1590,7,2024-07-01,Cleaning,9408.13,Cleaning expense for July 2024
1591,7,2024-07-01,Repairs,14950.49,Repairs expense for July 2024
1592,7,2024-07-01,Miscellaneous,14701.82,Miscellaneous expense for July 2024
1593,7,2024-08-01,Rent,227699.21,Rent expense for August 2024
1594,7,2024-08-01,Electricity,52245.44,Electricity expense for August 2024
1595,7,2024-08-01,Salaries,534190.42,Salaries expense for August 2024
1596,7,2024-08-01,Maintenance,24900.47,Maintenance expense for August 2024
1597,7,2024-08-01,Delivery,35605.02,Delivery expense for August 2024
1598,7,2024-08-01,Cleaning,6897.99,Cleaning expense for August 2024
1599,7,2024-08-01,Repairs,24472.23,Repairs expense for August 2024
1600,7,2024-08-01,Miscellaneous,2445.44,Miscellaneous expense for August 2024
1601,7,2024-09-01,Rent,233211.63,Rent expense for September 2024
1602,7,2024-09-01,Electricity,36388.59,Electricity expense for September 2024
1603,7,2024-09-01,Salaries,399054.1,Salaries expense for September 2024
1604,7,2024-09-01,Maintenance,27074.39,Maintenance expense for September 2024
1605,7,2024-09-01,Delivery,34474.17,Delivery expense for September 2024
1606,7,2024-09-01,Cleaning,14683.13,Cleaning expense for September 2024
1607,7,2024-09-01,Repairs,24705.89,Repairs expense for September 2024
1608,7,2024-09-01,Miscellaneous,4248.36,Miscellaneous expense for September 2024
1609,7,2024-10-01,Rent,158108.87,Rent expense for October 2024
1610,7,2024-10-01,Electricity,42390.4,Electricity expense for October 2024
1611,7,2024-10-01,Salaries,495313.61,Salaries expense for October 2024
1612,7,2024-10-01,Maintenance,20730.26,Maintenance expense for October 2024
1613,7,2024-10-01,Delivery,17237.46,Delivery expense for October 2024
1614,7,2024-10-01,Cleaning,11728.63,Cleaning expense for October 2024
1615,7,2024-10-01,Repairs,30523.37,Repairs expense for October 2024
1616,7,2024-10-01,Miscellaneous,15440.93,Miscellaneous expense for October 2024
1617,7,2024-11-01,Rent,120383.79,Rent expense for November 2024
1618,7,2024-11-01,Electricity,71090.74,Electricity expense for November 2024
1619,7,2024-11-01,Salaries,590660.11,Salaries expense for November 2024
1620,7,2024-11-01,Maintenance,9768.25,Maintenance expense for November 2024
1621,7,2024-11-01,Delivery,36482.59,Delivery expense for November 2024
1622,7,2024-11-01,Cleaning,6023.67,Cleaning expense for November 2024
1623,7,2024-11-01,Repairs,22808.8,Repairs expense for November 2024
1624,7,2024-11-01,Miscellaneous,18123.53,Miscellaneous expense for November 2024
1625,7,2024-12-01,Rent,173469.38,Rent expense for December 2024
1626,7,2024-12-01,Electricity,46922.77,Electricity expense for December 2024
1627,7,2024-12-01,Salaries,517537.69,Salaries expense for December 2024
1628,7,2024-12-01,Maintenance,19101.46,Maintenance expense for December 2024
1629,7,2024-12-01,Delivery,44784.83,Delivery expense for December 2024
1630,7,2024-12-01,Cleaning,10166.78,Cleaning expense for December 2024
1631,7,2024-12-01,Repairs,7919.64,Repairs expense for December 2024
1632,7,2024-12-01,Miscellaneous,15477.54,Miscellaneous expense for December 2024
1633,7,2025-01-01,Rent,189000.92,Rent expense for January 2025
1634,7,2025-01-01,Electricity,66424.16,Electricity expense for January 2025
1635,7,2025-01-01,Salaries,655538.4,Salaries expense for January 2025
1636,7,2025-01-01,Maintenance,30756.36,Maintenance expense for January 2025
1637,7,2025-01-01,Delivery,28582.43,Delivery expense for January 2025
1638,7,2025-01-01,Cleaning,6368.21,Cleaning expense for January 2025
1639,7,2025-01-01,Repairs,3378.63,Repairs expense for January 2025
1640,7,2025-01-01,Miscellaneous,5274.85,Miscellaneous expense for January 2025
1641,7,2025-02-01,Rent,149653.18,Rent expense for February 2025
1642,7,2025-02-01,Electricity,38089.94,Electricity expense for February 2025
1643,7,2025-02-01,Salaries,376545.32,Salaries expense for February 2025
1644,7,2025-02-01,Maintenance,12921.48,Maintenance expense for February 2025
1645,7,2025-02-01,Delivery,21027.3,Delivery expense for February 2025
1646,7,2025-02-01,Cleaning,12214.82,Cleaning expense for February 2025
1647,7,2025-02-01,Repairs,15178.77,Repairs expense for February 2025
1648,7,2025-02-01,Miscellaneous,-11017.93,Miscellaneous expense for February 2025
1649,7,2025-03-01,Rent,153428.87,Rent expense for March 2025
1650,7,2025-03-01,Electricity,-50787.02,Electricity expense for March 2025
1651,7,2025-03-01,Salaries,716468.28,Salaries expense for March 2025
1652,7,2025-03-01,Maintenance,10047.04,Maintenance expense for March 2025
1653,7,2025-03-01,Delivery,46758.62,Delivery expense for March 2025
1654,7,2025-03-01,Cleaning,13521.69,Cleaning expense for March 2025
1655,7,2025-03-01,Repairs,21427.76,Repairs expense for March 2025
1656,7,2025-03-01,Miscellaneous,16023.18,Miscellaneous expense for March 2025
1657,7,2025-04-01,Rent,107293.3,Rent expense for April 2025
1658,7,2025-04-01,Electricity,55394.24,Electricity expense for April 2025
1659,7,2025-04-01,Salaries,633341.71,Salaries expense for April 2025
1660,7,2025-04-01,Maintenance,20898.14,Maintenance expense for April 2025
1661,7,2025-04-01,Delivery,50996.57,Delivery expense for April 2025
1662,7,2025-04-01,Cleaning,7408.21,Cleaning expense for April 2025
1663,7,2025-04-01,Repairs,22479.8,Repairs expense for April 2025
1664,7,2025-04-01,Miscellaneous,6669.59,Miscellaneous expense for April 2025
1665,7,2025-05-01,Rent,213426.68,Rent expense for May 2025
1666,7,2025-05-01,Electricity,54885.59,Electricity expense for May 2025
1667,7,2025-05-01,Salaries,556452.08,Salaries expense for May 2025
1668,7,2025-05-01,Maintenance,13507.36,Maintenance expense for May 2025
1669,7,2025-05-01,Delivery,47377.21,Delivery expense for May 2025
1670,7,2025-05-01,Cleaning,6449.59,Cleaning expense for May 2025
1671,7,2025-05-01,Repairs,22182.83,Repairs expense for May 2025
1672,7,2025-05-01,Miscellaneous,3236.13,Miscellaneous expense for May 2025
1673,7,2025-06-01,Rent,179935.25,Rent expense for June 2025
1674,7,2025-06-01,Electricity,40896.75,Electricity expense for June 2025
1675,7,2025-06-01,Salaries,636841.32,Salaries expense for June 2025
1676,7,2025-06-01,Maintenance,11973.12,Maintenance expense for June 2025
1677,7,2025-06-01,Delivery,38802.22,Delivery expense for June 2025
1678,7,2025-06-01,Cleaning,14720.94,Cleaning expense for June 2025
1679,7,2025-06-01,Repairs,34244.16,Repairs expense for June 2025
1680,7,2025-06-01,Miscellaneous,11592.82,Miscellaneous expense for June 2025
1681,7,2025-07-01,Rent,155219.43,Rent expense for July 2025
1682,7,2025-07-01,Electricity,66002.67,Electricity expense for July 2025
1683,7,2025-07-01,Salaries,417135.44,Salaries expense for July 2025
1684,7,2025-07-01,Maintenance,14261.82,Maintenance expense for July 2025
1685,7,2025-07-01,Delivery,31056.88,Delivery expense for July 2025
1686,7,2025-07-01,Cleaning,-12815.46,Cleaning expense for July 2025
1687,7,2025-07-01,Repairs,16494.88,Repairs expense for July 2025
1688,7,2025-07-01,Miscellaneous,3570.28,Miscellaneous expense for July 2025
1689,7,2025-08-01,Rent,116911.66,Rent expense for August 2025
1690,7,2025-08-01,Electricity,35699.04,Electricity expense for August 2025
1691,7,2025-08-01,Salaries,689975.76,Salaries expense for August 2025
1692,7,2025-08-01,Maintenance,16769.63,Maintenance expense for August 2025
1693,7,2025-08-01,Delivery,24816.33,Delivery expense for August 2025
1694,7,2025-08-01,Cleaning,6678.19,Cleaning expense for August 2025
1695,7,2025-08-01,Repairs,33253.28,Repairs expense for August 2025
1696,7,2025-08-01,Miscellaneous,10585.33,Miscellaneous expense for August 2025
1697,7,2025-09-01,rent,121148.66,Rent expense for September 2025
1698,7,2025-09-01,Electricity,26781.68,Electricity expense for September 2025
1699,7,2025-09-01,Salaries,429052.67,Salaries expense for September 2025
1700,7,2025-09-01,Maintenance,27246.51,Maintenance expense for September 2025
1701,7,2025-09-01,Delivery,17603.13,Delivery expense for September 2025
1702,7,2025-09-01,Cleaning,12585.97,Cleaning expense for September 2025
1703,7,2025-09-01,Repairs,6289.84,Repairs expense for September 2025
1704,7,2025-09-01,Miscellaneous,18341.19,Miscellaneous expense for September 2025
1705,7,2025-10-01,Rent,148811.47,Rent expense for October 2025
1706,7,2025-10-01,Electricity,32190.37,Electricity expense for October 2025
1707,7,2025-10-01,Salaries,402050.11,Salaries expense for October 2025
1708,7,2025-10-01,Maintenance,18641.48,Maintenance expense for October 2025
1709,7,2025-10-01,Delivery,24521.27,Delivery expense for October 2025
1710,7,2025-10-01,Cleaning,9584.63,Cleaning expense for October 2025
1711,7,2025-10-01,Repairs,28609.09,Repairs expense for October 2025
1712,7,2025-10-01,Miscellaneous,2420.3,Miscellaneous expense for October 2025
1713,7,2025-11-01,Rent,183068.97,Rent expense for November 2025
1714,7,2025-11-01,Electricity,37116.6,Electricity expense for November 2025
1715,7,2025-11-01,Salaries,550146.99,Salaries expense for November 2025
1716,7,2025-11-01,Maintenance,21676.33,Maintenance expense for November 2025
1717,7,2025-11-01,Delivery,33678.76,Delivery expense for November 2025
1718,7,2025-11-01,Cleaning,8375.39,Cleaning expense for November 2025
1719,7,2025-11-01,Repairs,38363.46,Repairs expense for November 2025
1720,7,2025-11-01,Miscellaneous,3745.03,Miscellaneous expense for November 2025
1721,7,2025-12-01,Rent,234846.9,Rent expense for December 2025
1722,7,2025-12-01,Electricity,41488.07,Electricity expense for December 2025
1723,7,2025-12-01,Salaries,683845.92,Salaries expense for December 2025
1724,7,2025-12-01,Maintenance,27114.41,Maintenance expense for December 2025
1725,7,2025-12-01,Delivery,30494.0,Delivery expense for December 2025
1726,7,2025-12-01,Cleaning,12811.13,Cleaning expense for December 2025
1727,7,2025-12-01,Repairs,13227.47,Repairs expense for December 2025
1728,7,2025-12-01,Miscellaneous,17479.73,Miscellaneous expense for December 2025
1729,7,2026-01-01,Rent,225774.78,Rent expense for January 2026
1730,7,2026-01-01,Electricity,32636.81,Electricity expense for January 2026
1731,7,2026-01-01,Salaries,603285.42,Salaries expense for January 2026
1732,7,2026-01-01,Maintenance,21653.05,Maintenance expense for January 2026
1733,7,2026-01-01,Delivery,43434.19,Delivery expense for January 2026
1734,7,2026-01-01,Cleaning,6450.87,Cleaning expense for January 2026
1735,7,2026-01-01,Repairs,31324.02,Repairs expense for January 2026
1736,7,2026-01-01,Miscellaneous,4424.13,Miscellaneous expense for January 2026
1737,7,2026-02-01,Rent,134902.4,Rent expense for February 2026
1738,7,2026-02-01,Electricity,48951.97,Electricity expense for February 2026
1739,7,2026-02-01,Salaries,365068.64,Salaries expense for February 2026
1740,7,2026-02-01,Maintenance,8372.69,Maintenance expense for February 2026
1741,7,2026-02-01,Delivery,51830.23,Delivery expense for February 2026
1742,7,2026-02-01,Cleaning,9966.73,Cleaning expense for February 2026
1743,7,2026-02-01,Repairs,16703.14,Repairs expense for February 2026
1744,7,2026-02-01,Miscellaneous,4010.7,Miscellaneous expense for February 2026
1745,7,2026-03-01,Rent,130349.29,Rent expense for March 2026
1746,7,2026-03-01,Electricity,57079.78,Electricity expense for March 2026
1747,7,2026-03-01,Salaries,559004.13,Salaries expense for March 2026
1748,7,2026-03-01,Maintenance,18395.07,Maintenance expense for March 2026
1749,7,2026-03-01,Delivery,45081.63,Delivery expense for March 2026
1750,7,2026-03-01,Cleaning,5327.57,Cleaning expense for March 2026
1751,7,2026-03-01,Repairs,12694.27,Repairs expense for March 2026
1752,7,2026-03-01,Miscellaneous,8893.53,Miscellaneous expense for March 2026
1753,7,2026-04-01,Rent,97537.05,Rent expense for April 2026
1754,7,2026-04-01,Electricity,33708.56,Electricity expense for April 2026
1755,7,2026-04-01,Salaries,704356.57,Salaries expense for April 2026
1756,7,2026-04-01,Maintenance,20761.42,Maintenance expense for April 2026
1757,7,2026-04-01,Delivery,17737.96,Delivery expense for April 2026
1758,7,2026-04-01,Cleaning,6025.64,Cleaning expense for April 2026
1759,7,2026-04-01,Repairs,32903.09,Repairs expense for April 2026
1760,7,2026-04-01,Miscellaneous,5864.76,Miscellaneous expense for April 2026
1761,7,2026-05-01,Rent,83147.14,Rent expense for May 2026
1762,7,2026-05-01,Electricity,71482.23,Electricity expense for May 2026
1763,7,2026-05-01,Salaries,628685.03,Salaries expense for May 2026
1764,7,2026-05-01,Maintenance,29383.47,Maintenance expense for May 2026
1765,7,2026-05-01,Delivery,57883.1,Delivery expense for May 2026
1766,7,2026-05-01,Cleaning,9004.53,Cleaning expense for May 2026
1767,7,2026-05-01,Repairs,19019.08,Repairs expense for May 2026
1768,7,2026-05-01,Miscellaneous,16516.82,Miscellaneous expense for May 2026
1769,7,2026-06-01,Rent,109194.5,Rent expense for June 2026
1770,7,2026-06-01,Electricity,41681.55,Electricity expense for June 2026
1771,7,2026-06-01,Salaries,650965.29,Salaries expense for June 2026
1772,7,2026-06-01,Maintenance,9872.72,Maintenance expense for June 2026
1773,7,2026-06-01,Delivery,15989.67,Delivery expense for June 2026
1774,7,2026-06-01,Cleaning,5374.73,Cleaning expense for June 2026
1775,7,2026-06-01,Repairs,24053.89,Repairs expense for June 2026
1776,7,2026-06-01,Miscellaneous,12962.81,Miscellaneous expense for June 2026
1777,7,2026-07-01,Rent,135993.79,Rent expense for July 2026
1778,7,2026-07-01,Electricity,46803.58,Electricity expense for July 2026
1779,7,2026-07-01,Salaries,637447.94,Salaries expense for July 2026
1780,7,2026-07-01,Maintenance,19356.44,Maintenance expense for July 2026
1781,7,2026-07-01,Delivery,50801.57,Delivery expense for July 2026
1782,7,2026-07-01,Cleaning,13513.91,Cleaning expense for July 2026
1783,7,2026-07-01,Repairs,22282.14,Repairs expense for July 2026
1784,7,2026-07-01,Miscellaneous,3293.45,Miscellaneous expense for July 2026
1785,7,2026-08-01,Rent,149347.39,Rent expense for August 2026
1786,7,2026-08-01,Electricity,36341.52,Electricity expense for August 2026
1787,7,2026-08-01,Salaries,559664.15,Salaries expense for August 2026
1788,7,2026-08-01,Maintenance,15811.35,Maintenance expense for August 2026
1789,7,2026-08-01,Delivery,48750.01,Delivery expense for August 2026
1790,7,2026-08-01,Cleaning,13036.87,Cleaning expense for August 2026
1791,7,2026-08-01,Repairs,22478.49,Repairs expense for August 2026
1792,7,2026-08-01,Miscellaneous,15348.38,Miscellaneous expense for August 2026
1793,8,2024-01-01,Rent,94775.18,Rent expense for January 2024
1794,8,2024-01-01,Electricity,57244.58,Electricity expense for January 2024
1795,8,2024-01-01,Salaries,564265.85,Salaries expense for January 2024
1796,8,2024-01-01,Maintenance,28335.0,Maintenance expense for January 2024
1797,8,2024-01-01,Delivery,26078.97,Delivery expense for January 2024
1798,8,2024-01-01,Cleaning,6625.91,Cleaning expense for January 2024
1799,8,2024-01-01,Repairs,17537.23,Repairs expense for January 2024
1800,8,2024-01-01,Miscellaneous,9625.46,Miscellaneous expense for January 2024
1801,8,2024-02-01,Rent,257319.08,Rent expense for February 2024
1802,8,2024-02-01,Electricity,58959.36,Electricity expense for February 2024
1803,8,2024-02-01,Salaries,744871.89,Salaries expense for February 2024
1804,8,2024-02-01,maintenance,11923.54,Maintenance expense for February 2024
1805,8,2024-02-01,Delivery,50502.77,Delivery expense for February 2024
1806,8,2024-02-01,Cleaning,14457.85,Cleaning expense for February 2024
1807,8,2024-02-01,Repairs,11620.68,Repairs expense for February 2024
1808,8,2024-02-01,Miscellaneous,20864.8,Miscellaneous expense for February 2024
1809,8,2024-03-01,Rent,225351.74,Rent expense for March 2024
1810,8,2024-03-01,Electricity,47956.29,Electricity expense for March 2024
1811,8,2024-03-01,Salaries,425767.61,Salaries expense for March 2024
1812,8,2024-03-01,Maintenance,28650.79,Maintenance expense for March 2024
1813,8,2024-03-01,Delivery,33747.46,Delivery expense for March 2024
1814,8,2024-03-01,Cleaning,10841.94,Cleaning expense for March 2024
1815,8,2024-03-01,Repairs,9037.95,Repairs expense for March 2024
1816,8,2024-03-01,Miscellaneous,12279.58,Miscellaneous expense for March 2024
1817,8,2024-04-01,Rent,242062.21,Rent expense for April 2024
1818,8,2024-04-01,Electricity,50333.9,Electricity expense for April 2024
1819,8,2024-04-01,Salaries,-421501.79,Salaries expense for April 2024
1820,8,2024-04-01,Maintenance,22452.79,Maintenance expense for April 2024
1821,8,2024-04-01,Delivery,36861.08,Delivery expense for April 2024
1822,8,2024-04-01,Cleaning,8319.97,Cleaning expense for April 2024
1823,8,2024-04-01,Repairs,16140.12,Repairs expense for April 2024
1824,8,2024-04-01,Miscellaneous,20144.47,Miscellaneous expense for April 2024
1825,8,2024-05-01,Rent,117737.11,Rent expense for May 2024
1826,8,2024-05-01,Electricity,41761.75,Electricity expense for May 2024
1827,8,2024-05-01,Salaries,476295.07,Salaries expense for May 2024
1828,8,2024-05-01,Maintenance,18450.03,Maintenance expense for May 2024
1829,8,2024-05-01,Delivery,57298.58,Delivery expense for May 2024
1830,8,2024-05-01,Cleaning,9481.75,Cleaning expense for May 2024
1831,8,2024-05-01,Repairs,4882.97,Repairs expense for May 2024
1832,8,2024-05-01,Miscellaneous,18459.06,Miscellaneous expense for May 2024
1833,8,2024-06-01,Rent,215218.06,Rent expense for June 2024
1834,8,2024-06-01,Electricity,57331.99,Electricity expense for June 2024
1835,8,2024-06-01,Salaries,648350.37,Salaries expense for June 2024
1836,8,2024-06-01,Maintenance,16922.96,Maintenance expense for June 2024
1837,8,2024-06-01,Delivery,60670.35,Delivery expense for June 2024
1838,8,2024-06-01,Cleaning,16017.94,Cleaning expense for June 2024
1839,8,2024-06-01,Repairs,33606.08,Repairs expense for June 2024
1840,8,2024-06-01,Miscellaneous,17600.87,Miscellaneous expense for June 2024
1841,8,2024-07-01,Rent,118115.82,Rent expense for July 2024
1842,8,2024-07-01,Electricity,52546.48,Electricity expense for July 2024
1843,8,2024-07-01,Salaries,634202.26,Salaries expense for July 2024
1844,8,2024-07-01,Maintenance,28942.95,Maintenance expense for July 2024
1845,8,2024-07-01,Delivery,55951.07,Delivery expense for July 2024
1846,8,2024-07-01,Cleaning,14179.61,Cleaning expense for July 2024
1847,8,2024-07-01,Repairs,6097.12,Repairs expense for July 2024
1848,8,2024-07-01,Miscellaneous,17700.17,Miscellaneous expense for July 2024
1849,8,2024-08-01,Rent,103146.97,Rent expense for August 2024
1850,8,2024-08-01,Electricity,54255.57,Electricity expense for August 2024
1851,8,2024-08-01,Salaries,702314.58,Salaries expense for August 2024
1852,8,2024-08-01,Maintenance,24249.96,Maintenance expense for August 2024
1853,8,2024-08-01,Delivery,55634.9,Delivery expense for August 2024
1854,8,2024-08-01,Cleaning,12800.45,Cleaning expense for August 2024
1855,8,2024-08-01,Repairs,9064.44,Repairs expense for August 2024
1856,8,2024-08-01,Miscellaneous,8139.45,Miscellaneous expense for August 2024
1857,8,2024-09-01,Rent,145711.62,Rent expense for September 2024
1858,8,2024-09-01,Electricity,50155.49,Electricity expense for September 2024
1859,8,2024-09-01,Salaries,583835.9,Salaries expense for September 2024
1860,8,2024-09-01,Maintenance,18064.96,Maintenance expense for September 2024
1861,8,2024-09-01,Delivery,26786.12,Delivery expense for September 2024
1862,8,2024-09-01,Cleaning,11984.1,Cleaning expense for September 2024
1863,8,2024-09-01,Repairs,15267.02,Repairs expense for September 2024
1864,8,2024-09-01,Miscellaneous,12551.01,Miscellaneous expense for September 2024
1865,8,2024-10-01,Rent,176328.68,Rent expense for October 2024
1866,8,2024-10-01,Electricity,67120.07,Electricity expense for October 2024
1867,8,2024-10-01,Salaries,451016.07,Salaries expense for October 2024
1868,8,2024-10-01,Maintenance,25145.68,Maintenance expense for October 2024
1869,8,2024-10-01,Delivery,48629.27,Delivery expense for October 2024
1870,8,2024-10-01,Cleaning,11604.86,Cleaning expense for October 2024
1871,8,2024-10-01,Repairs,6789.65,Repairs expense for October 2024
1872,8,2024-10-01,Miscellaneous,8337.64,Miscellaneous expense for October 2024
1873,8,2024-11-01,Rent,125532.24,Rent expense for November 2024
1874,8,2024-11-01,Electricity,45326.24,Electricity expense for November 2024
1875,8,2024-11-01,Salaries,428401.17,Salaries expense for November 2024
1876,8,2024-11-01,Maintenance,23418.7,Maintenance expense for November 2024
1877,8,2024-11-01,Delivery,48722.05,Delivery expense for November 2024
1878,8,2024-11-01,Cleaning,11472.99,Cleaning expense for November 2024
1879,8,2024-11-01,Repairs,10074.76,Repairs expense for November 2024
1880,8,2024-11-01,Miscellaneous,20058.17,Miscellaneous expense for November 2024
1881,8,2024-12-01,Rent,211285.8,Rent expense for December 2024
1882,8,2024-12-01,Electricity,54484.91,Electricity expense for December 2024
1883,8,2024-12-01,Salaries,444402.24,Salaries expense for December 2024
1884,8,2024-12-01,Maintenance,28549.24,Maintenance expense for December 2024
1885,8,2024-12-01,Delivery,38959.7,Delivery expense for December 2024
1886,8,2024-12-01,Cleaning,7074.55,Cleaning expense for December 2024
1887,8,2024-12-01,Repairs,16801.89,Repairs expense for December 2024
1888,8,2024-12-01,Miscellaneous,9859.11,Miscellaneous expense for December 2024
1889,8,2025-01-01,Rent,221578.92,Rent expense for January 2025
1890,8,2025-01-01,Electricity,68799.02,Electricity expense for January 2025
1891,8,2025-01-01,Salaries,442830.77,Salaries expense for January 2025
1892,8,2025-01-01,Maintenance,21765.66,Maintenance expense for January 2025
1893,8,2025-01-01,Delivery,19396.35,Delivery expense for January 2025
1894,8,2025-01-01,Cleaning,-6526.8,Cleaning expense for January 2025
1895,8,2025-01-01,Repairs,31770.41,Repairs expense for January 2025
1896,8,2025-01-01,Miscellaneous,9264.95,Miscellaneous expense for January 2025
1897,8,2025-02-01,Rent,88052.52,Rent expense for February 2025
1898,8,2025-02-01,Electricity,38450.62,Electricity expense for February 2025
1899,8,2025-02-01,Salaries,528692.18,Salaries expense for February 2025
1900,8,2025-02-01,Maintenance,24769.5,Maintenance expense for February 2025
1901,8,2025-02-01,Delivery,43249.91,Delivery expense for February 2025
1902,8,2025-02-01,Cleaning,12503.67,Cleaning expense for February 2025
1903,8,2025-02-01,Repairs,11363.35,Repairs expense for February 2025
1904,8,2025-02-01,Miscellaneous,14043.57,Miscellaneous expense for February 2025
1905,8,2025-03-01,Rent,234374.79,Rent expense for March 2025
1906,8,2025-03-01,Electricity,57126.23,Electricity expense for March 2025
1907,8,2025-03-01,Salaries,610028.32,Salaries expense for March 2025
1908,8,2025-03-01,Maintenance,18559.89,Maintenance expense for March 2025
1909,8,2025-03-01,Delivery,26908.62,Delivery expense for March 2025
1910,8,2025-03-01,Cleaning,14907.96,Cleaning expense for March 2025
1911,8,2025-03-01,Repairs,10494.01,Repairs expense for March 2025
1912,8,2025-03-01,Miscellaneous,20348.39,Miscellaneous expense for March 2025
1913,8,2025-04-01,Rent,151355.33,Rent expense for April 2025
1914,8,2025-04-01,Electricity,33861.9,Electricity expense for April 2025
1915,8,2025-04-01,Salaries,386286.93,Salaries expense for April 2025
1916,8,2025-04-01,Maintenance,14363.05,Maintenance expense for April 2025
1917,8,2025-04-01,Delivery,59659.2,Delivery expense for April 2025
1918,8,2025-04-01,Cleaning,9212.49,Cleaning expense for April 2025
1919,8,2025-04-01,Repairs,5209.91,Repairs expense for April 2025
1920,8,2025-04-01,Miscellaneous,5346.1,Miscellaneous expense for April 2025
1921,8,2025-05-01,Rent,177228.09,Rent expense for May 2025
1922,8,2025-05-01,Electricity,35819.73,Electricity expense for May 2025
1923,8,2025-05-01,Salaries,690055.79,Salaries expense for May 2025
1924,8,2025-05-01,Maintenance,28557.82,Maintenance expense for May 2025
1925,8,2025-05-01,Delivery,39187.49,Delivery expense for May 2025
1926,8,2025-05-01,Cleaning,11666.32,Cleaning expense for May 2025
1927,8,2025-05-01,Repairs,8405.27,Repairs expense for May 2025
1928,8,2025-05-01,Miscellaneous,2944.4,Miscellaneous expense for May 2025
1929,8,2025-06-01,Rent,228780.28,Rent expense for June 2025
1930,8,2025-06-01,Electricity,30049.19,Electricity expense for June 2025
1931,8,2025-06-01,Salaries,702396.36,Salaries expense for June 2025
1932,8,2025-06-01,Maintenance,12099.99,Maintenance expense for June 2025
1933,8,2025-06-01,Delivery,30761.55,Delivery expense for June 2025
1934,8,2025-06-01,Cleaning,11292.34,Cleaning expense for June 2025
1935,8,2025-06-01,Repairs,4492.55,Repairs expense for June 2025
1936,8,2025-06-01,Miscellaneous,8138.66,Miscellaneous expense for June 2025
1937,8,2025-07-01,Rent,118092.1,Rent expense for July 2025
1938,8,2025-07-01,Electricity,45661.66,Electricity expense for July 2025
1939,8,2025-07-01,Salaries,440822.6,Salaries expense for July 2025
1940,8,2025-07-01,Maintenance,26779.45,Maintenance expense for July 2025
1941,8,2025-07-01,Delivery,40983.39,Delivery expense for July 2025
1942,8,2025-07-01,Cleaning,11460.39,Cleaning expense for July 2025
1943,8,2025-07-01,Repairs,41425.71,Repairs expense for July 2025
1944,8,2025-07-01,Miscellaneous,14608.07,Miscellaneous expense for July 2025
1945,8,2025-08-01,Rent,265748.63,Rent expense for August 2025
1946,8,2025-08-01,Electricity,69363.59,Electricity expense for August 2025
1947,8,2025-08-01,Salaries,523822.74,Salaries expense for August 2025
1948,8,2025-08-01,Maintenance,13317.19,Maintenance expense for August 2025
1949,8,2025-08-01,Delivery,49830.13,Delivery expense for August 2025
1950,8,2025-08-01,Cleaning,12488.18,Cleaning expense for August 2025
1951,8,2025-08-01,Repairs,9798.93,Repairs expense for August 2025
1952,8,2025-08-01,Miscellaneous,19068.88,Miscellaneous expense for August 2025
1953,8,2025-09-01,Rent,136050.78,Rent expense for September 2025
1954,8,2025-09-01,Electricity,59550.71,Electricity expense for September 2025
1955,8,2025-09-01,Salaries,688089.75,Salaries expense for September 2025
1956,8,2025-09-01,Maintenance,16658.14,Maintenance expense for September 2025
1957,8,2025-09-01,Delivery,58462.62,Delivery expense for September 2025
1958,8,2025-09-01,Cleaning,9257.61,Cleaning expense for September 2025
1959,8,2025-09-01,Repairs,7733.67,Repairs expense for September 2025
1960,8,2025-09-01,Miscellaneous,13429.97,Miscellaneous expense for September 2025
1961,8,2025-10-01,Rent,165545.53,Rent expense for October 2025
1962,8,2025-10-01,Electricity,50464.18,Electricity expense for October 2025
1963,8,2025-10-01,Salaries,514162.94,Salaries expense for October 2025
1964,8,2025-10-01,Maintenance,14425.55,Maintenance expense for October 2025
1965,8,2025-10-01,Delivery,45305.74,Delivery expense for October 2025
1966,8,2025-10-01,Cleaning,9219.3,Cleaning expense for October 2025
1967,8,2025-10-01,Repairs,23977.76,Repairs expense for October 2025
1968,8,2025-10-01,Miscellaneous,20609.26,Miscellaneous expense for October 2025
1969,8,2025-11-01,Rent,245863.08,Rent expense for November 2025
1970,8,2025-11-01,Electricity,32002.4,Electricity expense for November 2025
1971,8,2025-11-01,Salaries,431521.21,Salaries expense for November 2025
1972,8,2025-11-01,Maintenance,32506.89,Maintenance expense for November 2025
1973,8,2025-11-01,Delivery,40468.48,Delivery expense for November 2025
1974,8,2025-11-01,Cleaning,13886.56,Cleaning expense for November 2025
1975,8,2025-11-01,Repairs,19186.28,Repairs expense for November 2025
1976,8,2025-11-01,Miscellaneous,3276.3,Miscellaneous expense for November 2025
1977,8,2025-12-01,Rent,270467.29,Rent expense for December 2025
1978,8,2025-12-01,Electricity,30895.23,Electricity expense for December 2025
1979,8,2025-12-01,Salaries,644541.76,Salaries expense for December 2025
1980,8,2025-12-01,Maintenance,15730.48,Maintenance expense for December 2025
1981,8,2025-12-01,Delivery,40442.85,Delivery expense for December 2025
1982,8,2025-12-01,Cleaning,15524.31,Cleaning expense for December 2025
1983,8,2025-12-01,Repairs,11426.23,Repairs expense for December 2025
1984,8,2025-12-01,Miscellaneous,18843.1,Miscellaneous expense for December 2025
1985,8,2026-01-01,Rent,228078.33,Rent expense for January 2026
1986,8,2026-01-01,Electricity,48812.55,Electricity expense for January 2026
1987,8,2026-01-01,Salaries,708756.96,Salaries expense for January 2026
1988,8,2026-01-01,Maintenance,29653.37,Maintenance expense for January 2026
1989,8,2026-01-01,Delivery,22782.55,Delivery expense for January 2026
1990,8,2026-01-01,Cleaning,14123.41,Cleaning expense for January 2026
1991,8,2026-01-01,Repairs,8066.57,Repairs expense for January 2026
1992,8,2026-01-01,Miscellaneous,18310.82,Miscellaneous expense for January 2026
1993,8,2026-02-01,Rent,214208.77,Rent expense for February 2026
1994,8,2026-02-01,Electricity,64782.55,Electricity expense for February 2026
1995,8,2026-02-01,Salaries,403052.45,Salaries expense for February 2026
1996,8,2026-02-01,Maintenance,20283.15,Maintenance expense for February 2026
1997,8,2026-02-01,Delivery,51053.51,Delivery expense for February 2026
1998,8,2026-02-01,Cleaning,7869.57,Cleaning expense for February 2026
1999,8,2026-02-01,Repairs,11043.33,Repairs expense for February 2026
2000,8,2026-02-01,Miscellaneous,16531.02,Miscellaneous expense for February 2026
2001,8,2026-03-01,Rent,229240.8,Rent expense for March 2026
2002,8,2026-03-01,Electricity,-47143.0,Electricity expense for March 2026
2003,8,2026-03-01,Salaries,386044.41,Salaries expense for March 2026
2004,8,2026-03-01,Maintenance,10648.43,Maintenance expense for March 2026
2005,8,2026-03-01,Delivery,19261.75,Delivery expense for March 2026
2006,8,2026-03-01,Cleaning,11724.72,Cleaning expense for March 2026
2007,8,2026-03-01,Repairs,11770.29,Repairs expense for March 2026
2008,8,2026-03-01,Miscellaneous,10175.98,Miscellaneous expense for March 2026
2009,8,2026-04-01,Rent,201705.71,Rent expense for April 2026
2010,8,2026-04-01,Electricity,56247.58,Electricity expense for April 2026
2011,8,2026-04-01,Salaries,492425.27,Salaries expense for April 2026
2012,8,2026-04-01,Maintenance,21840.97,Maintenance expense for April 2026
2013,8,2026-04-01,Delivery,41458.65,Delivery expense for April 2026
2014,8,2026-04-01,Cleaning,8594.05,Cleaning expense for April 2026
2015,8,2026-04-01,Repairs,32411.87,Repairs expense for April 2026
2016,8,2026-04-01,Miscellaneous,20099.71,Miscellaneous expense for April 2026
2017,8,2026-05-01,Rent,118202.38,Rent expense for May 2026
2018,8,2026-05-01,Electricity,67294.72,Electricity expense for May 2026
2019,8,2026-05-01,Salaries,688887.87,Salaries expense for May 2026
2020,8,2026-05-01,Maintenance,9642.97,Maintenance expense for May 2026
2021,8,2026-05-01,Delivery,54998.02,Delivery expense for May 2026
2022,8,2026-05-01,Cleaning,12353.88,Cleaning expense for May 2026
2023,8,2026-05-01,Repairs,21738.85,Repairs expense for May 2026
2024,8,2026-05-01,Miscellaneous,3560.34,Miscellaneous expense for May 2026
2025,8,2026-06-01,Rent,204447.18,Rent expense for June 2026
2026,8,2026-06-01,Electricity,71003.91,Electricity expense for June 2026
2027,8,2026-06-01,Salaries,405803.77,Salaries expense for June 2026
2028,8,2026-06-01,Maintenance,-17080.25,Maintenance expense for June 2026
2029,8,2026-06-01,Delivery,36728.23,Delivery expense for June 2026
2030,8,2026-06-01,Cleaning,6306.3,Cleaning expense for June 2026
2031,8,2026-06-01,Repairs,39457.31,Repairs expense for June 2026
2032,8,2026-06-01,Miscellaneous,9342.56,Miscellaneous expense for June 2026
2033,8,2026-07-01,Rent,144938.97,Rent expense for July 2026
2034,8,2026-07-01,Electricity,51727.55,Electricity expense for July 2026
2035,8,2026-07-01,Salaries,411761.68,Salaries expense for July 2026
2036,8,2026-07-01,Maintenance,18922.81,Maintenance expense for July 2026
2037,8,2026-07-01,Delivery,21831.69,Delivery expense for July 2026
2038,8,2026-07-01,Cleaning,9674.07,Cleaning expense for July 2026
2039,8,2026-07-01,Repairs,12799.0,Repairs expense for July 2026
2040,8,2026-07-01,Miscellaneous,3243.74,Miscellaneous expense for July 2026
2041,8,2026-08-01,Rent,205625.62,Rent expense for August 2026
2042,8,2026-08-01,Electricity,39532.66,Electricity expense for August 2026
2043,8,2026-08-01,Salaries,616450.86,Salaries expense for August 2026
2044,8,2026-08-01,Maintenance,24200.08,Maintenance expense for August 2026
2045,8,2026-08-01,Delivery,27663.46,Delivery expense for August 2026
2046,8,2026-08-01,Cleaning,16041.9,Cleaning expense for August 2026
2047,8,2026-08-01,Repairs,26950.33,Repairs expense for August 2026
2048,8,2026-08-01,Miscellaneous,8922.92,Miscellaneous expense for August 2026
2049,9,2024-01-01,Rent,281473.9,Rent expense for January 2024
2050,9,2024-01-01,Electricity,71557.08,Electricity expense for January 2024
2051,9,2024-01-01,Salaries,677227.55,Salaries expense for January 2024
2052,9,2024-01-01,Maintenance,31121.76,Maintenance expense for January 2024
2053,9,2024-01-01,Delivery,44052.67,Delivery expense for January 2024
2054,9,2024-01-01,Cleaning,9856.8,Cleaning expense for January 2024
2055,9,2024-01-01,Repairs,38074.53,Repairs expense for January 2024
2056,9,2024-01-01,Miscellaneous,17496.08,Miscellaneous expense for January 2024
2057,9,2024-02-01,Rent,278316.23,Rent expense for February 2024
2058,9,2024-02-01,Electricity,41191.61,Electricity expense for February 2024
2059,9,2024-02-01,Salaries,449047.11,Salaries expense for February 2024
2060,9,2024-02-01,Maintenance,9840.41,Maintenance expense for February 2024
2061,9,2024-02-01,Delivery,64378.98,Delivery expense for February 2024
2062,9,2024-02-01,Cleaning,8322.52,Cleaning expense for February 2024
2063,9,2024-02-01,Repairs,3654.62,Repairs expense for February 2024
2064,9,2024-02-01,Miscellaneous,18249.82,Miscellaneous expense for February 2024
2065,9,2024-03-01,Rent,197350.99,Rent expense for March 2024
2066,9,2024-03-01,Electricity,37250.73,Electricity expense for March 2024
2067,9,2024-03-01,Salaries,437314.66,Salaries expense for March 2024
2068,9,2024-03-01,Maintenance,20120.71,Maintenance expense for March 2024
2069,9,2024-03-01,Delivery,46473.07,Delivery expense for March 2024
2070,9,2024-03-01,Cleaning,10424.21,Cleaning expense for March 2024
2071,9,2024-03-01,Repairs,5527.35,Repairs expense for March 2024
2072,9,2024-03-01,Miscellaneous,15901.35,Miscellaneous expense for March 2024
2073,9,2024-04-01,Rent,236113.96,Rent expense for April 2024
2074,9,2024-04-01,Electricity,42069.31,Electricity expense for April 2024
2075,9,2024-04-01,Salaries,630844.58,Salaries expense for April 2024
2076,9,2024-04-01,Maintenance,19360.16,Maintenance expense for April 2024
2077,9,2024-04-01,Delivery,37148.06,Delivery expense for April 2024
2078,9,2024-04-01,Cleaning,12002.37,Cleaning expense for April 2024
2079,9,2024-04-01,Repairs,14473.88,Repairs expense for April 2024
2080,9,2024-04-01,Miscellaneous,4769.2,Miscellaneous expense for April 2024
2081,9,2024-05-01,Rent,218560.1,Rent expense for May 2024
2082,9,2024-05-01,Electricity,42847.55,Electricity expense for May 2024
2083,9,2024-05-01,Salaries,637306.47,Salaries expense for May 2024
2084,9,2024-05-01,Maintenance,29493.6,Maintenance expense for May 2024
2085,9,2024-05-01,Delivery,32968.67,Delivery expense for May 2024
2086,9,2024-05-01,Cleaning,16572.13,Cleaning expense for May 2024
2087,9,2024-05-01,Repairs,11128.39,Repairs expense for May 2024
2088,9,2024-05-01,Miscellaneous,9252.79,Miscellaneous expense for May 2024
2089,9,2024-06-01,Rent,221195.12,Rent expense for June 2024
2090,9,2024-06-01,Electricity,76052.5,Electricity expense for June 2024
2091,9,2024-06-01,Salaries,554914.51,Salaries expense for June 2024
2092,9,2024-06-01,Maintenance,20795.79,Maintenance expense for June 2024
2093,9,2024-06-01,Delivery,66167.85,Delivery expense for June 2024
2094,9,2024-06-01,Cleaning,6696.73,Cleaning expense for June 2024
2095,9,2024-06-01,Repairs,6248.77,Repairs expense for June 2024
2096,9,2024-06-01,Miscellaneous,18525.64,Miscellaneous expense for June 2024
2097,9,2024-07-01,Rent,201754.49,Rent expense for July 2024
2098,9,2024-07-01,Electricity,79007.11,Electricity expense for July 2024
2099,9,2024-07-01,Salaries,420185.14,Salaries expense for July 2024
2100,9,2024-07-01,Maintenance,20111.77,Maintenance expense for July 2024
2101,9,2024-07-01,Delivery,61015.73,Delivery expense for July 2024
2102,9,2024-07-01,Cleaning,11886.19,Cleaning expense for July 2024
2103,9,2024-07-01,Repairs,4375.64,Repairs expense for July 2024
2104,9,2024-07-01,Miscellaneous,13021.9,Miscellaneous expense for July 2024
2105,9,2024-08-01,Rent,272992.41,Rent expense for August 2024
2106,9,2024-08-01,Electricity,73185.98,Electricity expense for August 2024
2107,9,2024-08-01,Salaries,408810.87,Salaries expense for August 2024
2108,9,2024-08-01,Maintenance,20483.29,Maintenance expense for August 2024
2109,9,2024-08-01,Delivery,64489.45,Delivery expense for August 2024
2110,9,2024-08-01,Cleaning,6750.71,Cleaning expense for August 2024
2111,9,2024-08-01,Repairs,35384.93,Repairs expense for August 2024
2112,9,2024-08-01,Miscellaneous,3597.86,Miscellaneous expense for August 2024
2113,9,2024-09-01,Rent,201580.23,Rent expense for September 2024
2114,9,2024-09-01,Electricity,68614.14,Electricity expense for September 2024
2115,9,2024-09-01,Salaries,564726.04,Salaries expense for September 2024
2116,9,2024-09-01,Maintenance,29318.91,Maintenance expense for September 2024
2117,9,2024-09-01,Delivery,23204.32,Delivery expense for September 2024
2118,9,2024-09-01,Cleaning,9274.69,Cleaning expense for September 2024
2119,9,2024-09-01,Repairs,4062.19,Repairs expense for September 2024
2120,9,2024-09-01,Miscellaneous,9816.78,Miscellaneous expense for September 2024
2121,9,2024-10-01,Rent,96635.31,Rent expense for October 2024
2122,9,2024-10-01,Electricity,61500.37,Electricity expense for October 2024
2123,9,2024-10-01,Salaries,442180.84,Salaries expense for October 2024
2124,9,2024-10-01,Maintenance,20262.78,Maintenance expense for October 2024
2125,9,2024-10-01,Delivery,56881.65,Delivery expense for October 2024
2126,9,2024-10-01,Cleaning,10689.79,Cleaning expense for October 2024
2127,9,2024-10-01,Repairs,39451.05,Repairs expense for October 2024
2128,9,2024-10-01,Miscellaneous,7960.35,Miscellaneous expense for October 2024
2129,9,2024-11-01,Rent,94968.76,Rent expense for November 2024
2130,9,2024-11-01,Electricity,31113.41,Electricity expense for November 2024
2131,9,2024-11-01,Salaries,559753.57,Salaries expense for November 2024
2132,9,2024-11-01,Maintenance,20790.08,Maintenance expense for November 2024
2133,9,2024-11-01,Delivery,57571.29,Delivery expense for November 2024
2134,9,2024-11-01,Cleaning,16676.86,Cleaning expense for November 2024
2135,9,2024-11-01,Repairs,34075.64,Repairs expense for November 2024
2136,9,2024-11-01,Miscellaneous,9984.19,Miscellaneous expense for November 2024
2137,9,2024-12-01,Rent,165734.56,Rent expense for December 2024
2138,9,2024-12-01,Electricity,66361.79,Electricity expense for December 2024
2139,9,2024-12-01,Salaries,707159.79,Salaries expense for December 2024
2140,9,2024-12-01,Maintenance,27907.61,Maintenance expense for December 2024
2141,9,2024-12-01,Delivery,28960.9,Delivery expense for December 2024
2142,9,2024-12-01,Cleaning,8694.85,Cleaning expense for December 2024
2143,9,2024-12-01,Repairs,42654.97,Repairs expense for December 2024
2144,9,2024-12-01,MISCELLANEOUS,22445.6,Miscellaneous expense for December 2024
2145,9,2025-01-01,Rent,229799.57,Rent expense for January 2025
2146,9,2025-01-01,Electricity,62188.72,Electricity expense for January 2025
2147,9,2025-01-01,Salaries,669037.23,Salaries expense for January 2025
2148,9,2025-01-01,Maintenance,16012.6,Maintenance expense for January 2025
2149,9,2025-01-01,Delivery,22597.68,Delivery expense for January 2025
2150,9,2025-01-01,Cleaning,16748.02,Cleaning expense for January 2025
2151,9,2025-01-01,Repairs,16222.96,Repairs expense for January 2025
2152,9,2025-01-01,Miscellaneous,21655.54,Miscellaneous expense for January 2025
2153,9,2025-02-01,Rent,230904.14,Rent expense for February 2025
2154,9,2025-02-01,Electricity,49240.98,Electricity expense for February 2025
2155,9,2025-02-01,Salaries,787607.79,Salaries expense for February 2025
2156,9,2025-02-01,Maintenance,12107.59,Maintenance expense for February 2025
2157,9,2025-02-01,Delivery,47277.19,Delivery expense for February 2025
2158,9,2025-02-01,Cleaning,14405.63,Cleaning expense for February 2025
2159,9,2025-02-01,Repairs,40147.28,Repairs expense for February 2025
2160,9,2025-02-01,Miscellaneous,8175.84,Miscellaneous expense for February 2025
2161,9,2025-03-01,Rent,258241.79,Rent expense for March 2025
2162,9,2025-03-01,Electricity,39407.81,Electricity expense for March 2025
2163,9,2025-03-01,Salaries,677428.3,Salaries expense for March 2025
2164,9,2025-03-01,Maintenance,28799.11,Maintenance expense for March 2025
2165,9,2025-03-01,Delivery,67638.47,Delivery expense for March 2025
2166,9,2025-03-01,Cleaning,14079.23,Cleaning expense for March 2025
2167,9,2025-03-01,Repairs,3997.74,Repairs expense for March 2025
2168,9,2025-03-01,Miscellaneous,14473.95,Miscellaneous expense for March 2025
2169,9,2025-04-01,Rent,140160.5,Rent expense for April 2025
2170,9,2025-04-01,Electricity,31799.4,Electricity expense for April 2025
2171,9,2025-04-01,Salaries,684401.51,Salaries expense for April 2025
2172,9,2025-04-01,Maintenance,11178.31,Maintenance expense for April 2025
2173,9,2025-04-01,Delivery,53760.66,Delivery expense for April 2025
2174,9,2025-04-01,Cleaning,9446.33,Cleaning expense for April 2025
2175,9,2025-04-01,Repairs,43784.74,Repairs expense for April 2025
2176,9,2025-04-01,Miscellaneous,11830.37,Miscellaneous expense for April 2025
2177,9,2025-05-01,Rent,190381.94,Rent expense for May 2025
2178,9,2025-05-01,Electricity,47595.84,Electricity expense for May 2025
2179,9,2025-05-01,Salaries,413204.49,Salaries expense for May 2025
2180,9,2025-05-01,Maintenance,21069.2,Maintenance expense for May 2025
2181,9,2025-05-01,Delivery,39009.47,Delivery expense for May 2025
2182,9,2025-05-01,Cleaning,15497.45,Cleaning expense for May 2025
2183,9,2025-05-01,Repairs,34081.47,Repairs expense for May 2025
2184,9,2025-05-01,Miscellaneous,7495.06,Miscellaneous expense for May 2025
2185,9,2025-06-01,Rent,120598.19,Rent expense for June 2025
2186,9,2025-06-01,Electricity,65208.25,Electricity expense for June 2025
2187,9,2025-06-01,Salaries,436678.75,Salaries expense for June 2025
2188,9,2025-06-01,Maintenance,27603.34,Maintenance expense for June 2025
2189,9,2025-06-01,Delivery,37646.28,Delivery expense for June 2025
2190,9,2025-06-01,Cleaning,10799.59,Cleaning expense for June 2025
2191,9,2025-06-01,Repairs,42065.27,Repairs expense for June 2025
2192,9,2025-06-01,Miscellaneous,10039.0,Miscellaneous expense for June 2025
2193,9,2025-07-01,Rent,184159.69,Rent expense for July 2025
2194,9,2025-07-01,Electricity,37483.74,Electricity expense for July 2025
2195,9,2025-07-01,SALARIES,637463.72,Salaries expense for July 2025
2196,9,2025-07-01,Maintenance,30694.9,Maintenance expense for July 2025
2197,9,2025-07-01,Delivery,32981.28,Delivery expense for July 2025
2198,9,2025-07-01,Cleaning,7020.05,Cleaning expense for July 2025
2199,9,2025-07-01,Repairs,12234.51,Repairs expense for July 2025
2200,9,2025-07-01,Miscellaneous,21623.36,Miscellaneous expense for July 2025
2201,9,2025-08-01,Rent,147231.43,Rent expense for August 2025
2202,9,2025-08-01,Electricity,47234.7,Electricity expense for August 2025
2203,9,2025-08-01,Salaries,780000.73,Salaries expense for August 2025
2204,9,2025-08-01,Maintenance,9335.89,Maintenance expense for August 2025
2205,9,2025-08-01,Delivery,24379.8,Delivery expense for August 2025
2206,9,2025-08-01,Cleaning,15341.48,Cleaning expense for August 2025
2207,9,2025-08-01,Repairs,23194.11,Repairs expense for August 2025
2208,9,2025-08-01,Miscellaneous,13480.37,Miscellaneous expense for August 2025
2209,9,2025-09-01,Rent,151255.81,Rent expense for September 2025
2210,9,2025-09-01,Electricity,-63223.33,Electricity expense for September 2025
2211,9,2025-09-01,Salaries,494616.37,Salaries expense for September 2025
2212,9,2025-09-01,Maintenance,28290.27,Maintenance expense for September 2025
2213,9,2025-09-01,Delivery,41360.52,Delivery expense for September 2025
2214,9,2025-09-01,Cleaning,12116.58,Cleaning expense for September 2025
2215,9,2025-09-01,Repairs,30655.71,Repairs expense for September 2025
2216,9,2025-09-01,Miscellaneous,19660.91,Miscellaneous expense for September 2025
2217,9,2025-10-01,Rent,140648.38,Rent expense for October 2025
2218,9,2025-10-01,Electricity,72324.27,Electricity expense for October 2025
2219,9,2025-10-01,Salaries,723591.3,Salaries expense for October 2025
2220,9,2025-10-01,Maintenance,29284.99,Maintenance expense for October 2025
2221,9,2025-10-01,Delivery,48366.22,Delivery expense for October 2025
2222,9,2025-10-01,Cleaning,14150.55,Cleaning expense for October 2025
2223,9,2025-10-01,Repairs,16343.36,Repairs expense for October 2025
2224,9,2025-10-01,Miscellaneous,21347.23,Miscellaneous expense for October 2025
2225,9,2025-11-01,Rent,221955.82,Rent expense for November 2025
2226,9,2025-11-01,Electricity,71759.46,Electricity expense for November 2025
2227,9,2025-11-01,Salaries,488608.42,Salaries expense for November 2025
2228,9,2025-11-01,Maintenance,29519.95,Maintenance expense for November 2025
2229,9,2025-11-01,Delivery,30391.86,Delivery expense for November 2025
2230,9,2025-11-01,Cleaning,11391.44,Cleaning expense for November 2025
2231,9,2025-11-01,Repairs,39922.67,Repairs expense for November 2025
2232,9,2025-11-01,Miscellaneous,4090.57,Miscellaneous expense for November 2025
2233,9,2025-12-01,Rent,209958.37,Rent expense for December 2025
2234,9,2025-12-01,Electricity,44410.2,Electricity expense for December 2025
2235,9,2025-12-01,Salaries,427851.37,Salaries expense for December 2025
2236,9,2025-12-01,Maintenance,19837.41,Maintenance expense for December 2025
2237,9,2025-12-01,Delivery,50684.52,Delivery expense for December 2025
2238,9,2025-12-01,Cleaning,13476.81,Cleaning expense for December 2025
2239,9,2025-12-01,Repairs,8811.57,Repairs expense for December 2025
2240,9,2025-12-01,Miscellaneous,19091.69,Miscellaneous expense for December 2025
2241,9,2026-01-01,Rent,125985.0,Rent expense for January 2026
2242,9,2026-01-01,Electricity,69390.14,Electricity expense for January 2026
2243,9,2026-01-01,Salaries,438684.33,Salaries expense for January 2026
2244,9,2026-01-01,Maintenance,17952.26,Maintenance expense for January 2026
2245,9,2026-01-01,Delivery,44741.72,Delivery expense for January 2026
2246,9,2026-01-01,Cleaning,12090.14,Cleaning expense for January 2026
2247,9,2026-01-01,Repairs,7508.25,Repairs expense for January 2026
2248,9,2026-01-01,Miscellaneous,9346.2,Miscellaneous expense for January 2026
2249,9,2026-02-01,Rent,136083.16,Rent expense for February 2026
2250,9,2026-02-01,Electricity,61951.52,Electricity expense for February 2026
2251,9,2026-02-01,Salaries,774601.0,Salaries expense for February 2026
2252,9,2026-02-01,Maintenance,17538.22,Maintenance expense for February 2026
2253,9,2026-02-01,Delivery,52131.37,Delivery expense for February 2026
2254,9,2026-02-01,Cleaning,14657.41,Cleaning expense for February 2026
2255,9,2026-02-01,Repairs,45147.33,Repairs expense for February 2026
2256,9,2026-02-01,Miscellaneous,18236.74,Miscellaneous expense for February 2026
2257,9,2026-03-01,Rent,199283.97,Rent expense for March 2026
2258,9,2026-03-01,Electricity,31026.93,Electricity expense for March 2026
2259,9,2026-03-01,Salaries,687167.67,Salaries expense for March 2026
2260,9,2026-03-01,Maintenance,24550.72,Maintenance expense for March 2026
2261,9,2026-03-01,Delivery,42382.95,Delivery expense for March 2026
2262,9,2026-03-01,Cleaning,12344.02,Cleaning expense for March 2026
2263,9,2026-03-01,Repairs,16520.59,Repairs expense for March 2026
2264,9,2026-03-01,Miscellaneous,12455.85,Miscellaneous expense for March 2026
2265,9,2026-04-01,Rent,94954.44,Rent expense for April 2026
2266,9,2026-04-01,Electricity,78567.19,Electricity expense for April 2026
2267,9,2026-04-01,Salaries,466042.24,Salaries expense for April 2026
2268,9,2026-04-01,Maintenance,23245.08,Maintenance expense for April 2026
2269,9,2026-04-01,Delivery,26839.96,Delivery expense for April 2026
2270,9,2026-04-01,Cleaning,15904.99,Cleaning expense for April 2026
2271,9,2026-04-01,Repairs,38899.42,Repairs expense for April 2026
2272,9,2026-04-01,Miscellaneous,20373.35,Miscellaneous expense for April 2026
2273,9,2026-05-01,Rent,199051.3,Rent expense for May 2026
2274,9,2026-05-01,Electricity,48575.58,Electricity expense for May 2026
2275,9,2026-05-01,Salaries,678417.16,Salaries expense for May 2026
2276,9,2026-05-01,Maintenance,16350.34,Maintenance expense for May 2026
2277,9,2026-05-01,Delivery,36548.46,Delivery expense for May 2026
2278,9,2026-05-01,Cleaning,6310.21,Cleaning expense for May 2026
2279,9,2026-05-01,Repairs,14428.21,Repairs expense for May 2026
2280,9,2026-05-01,Miscellaneous,2783.47,Miscellaneous expense for May 2026
2281,9,2026-06-01,Rent,152309.88,Rent expense for June 2026
2282,9,2026-06-01,Electricity,50823.7,Electricity expense for June 2026
2283,9,2026-06-01,Salaries,728275.38,Salaries expense for June 2026
2284,9,2026-06-01,Maintenance,21302.02,Maintenance expense for June 2026
2285,9,2026-06-01,Delivery,24216.44,Delivery expense for June 2026
2286,9,2026-06-01,Cleaning,11396.73,Cleaning expense for June 2026
2287,9,2026-06-01,Repairs,40244.84,Repairs expense for June 2026
2288,9,2026-06-01,Miscellaneous,11045.71,Miscellaneous expense for June 2026
2289,9,2026-07-01,Rent,208231.45,Rent expense for July 2026
2290,9,2026-07-01,Electricity,58599.77,Electricity expense for July 2026
2291,9,2026-07-01,Salaries,604144.89,Salaries expense for July 2026
2292,9,2026-07-01,Maintenance,12468.35,Maintenance expense for July 2026
2293,9,2026-07-01,Delivery,66781.49,Delivery expense for July 2026
2294,9,2026-07-01,Cleaning,12697.49,Cleaning expense for July 2026
2295,9,2026-07-01,Repairs,39080.76,Repairs expense for July 2026
2296,9,2026-07-01,Miscellaneous,2405.51,Miscellaneous expense for July 2026
2297,9,2026-08-01,Rent,157538.37,Rent expense for August 2026
2298,9,2026-08-01,Electricity,50321.32,Electricity expense for August 2026
2299,9,2026-08-01,Salaries,606868.45,Salaries expense for August 2026
2300,9,2026-08-01,Maintenance,12044.06,Maintenance expense for August 2026
2301,9,2026-08-01,Delivery,21897.76,Delivery expense for August 2026
2302,9,2026-08-01,Cleaning,16424.38,Cleaning expense for August 2026
2303,9,2026-08-01,Repairs,33949.57,Repairs expense for August 2026
2304,9,2026-08-01,Miscellaneous,20583.19,Miscellaneous expense for August 2026
2305,10,2024-01-01,Rent,157044.87,Rent expense for January 2024
2306,10,2024-01-01,Electricity,56884.47,Electricity expense for January 2024
2307,10,2024-01-01,Salaries,362856.05,Salaries expense for January 2024
2308,10,2024-01-01,Maintenance,18664.55,Maintenance expense for January 2024
2309,10,2024-01-01,Delivery,22942.27,Delivery expense for January 2024
2310,10,2024-01-01,Cleaning,9338.2,Cleaning expense for January 2024
2311,10,2024-01-01,Repairs,25446.88,Repairs expense for January 2024
2312,10,2024-01-01,Miscellaneous,6862.24,Miscellaneous expense for January 2024
2313,10,2024-02-01,Rent,235026.98,Rent expense for February 2024
2314,10,2024-02-01,Electricity,41824.14,Electricity expense for February 2024
2315,10,2024-02-01,Salaries,613342.83,Salaries expense for February 2024
2316,10,2024-02-01,Maintenance,21004.9,Maintenance expense for February 2024
2317,10,2024-02-01,Delivery,25442.2,Delivery expense for February 2024
2318,10,2024-02-01,Cleaning,9662.76,Cleaning expense for February 2024
2319,10,2024-02-01,Repairs,19830.28,Repairs expense for February 2024
2320,10,2024-02-01,Miscellaneous,13528.11,Miscellaneous expense for February 2024
2321,10,2024-03-01,Rent,182194.98,Rent expense for March 2024
2322,10,2024-03-01,Electricity,36431.7,Electricity expense for March 2024
2323,10,2024-03-01,Salaries,679765.36,Salaries expense for March 2024
2324,10,2024-03-01,Maintenance,13392.69,Maintenance expense for March 2024
2325,10,2024-03-01,Delivery,50194.87,Delivery expense for March 2024
2326,10,2024-03-01,Cleaning,6802.32,Cleaning expense for March 2024
2327,10,2024-03-01,Repairs,10090.58,Repairs expense for March 2024
2328,10,2024-03-01,Miscellaneous,5048.25,Miscellaneous expense for March 2024
2329,10,2024-04-01,Rent,207288.52,Rent expense for April 2024
2330,10,2024-04-01,Electricity,37311.32,Electricity expense for April 2024
2331,10,2024-04-01,Salaries,679134.5,Salaries expense for April 2024
2332,10,2024-04-01,Maintenance,13133.0,Maintenance expense for April 2024
2333,10,2024-04-01,Delivery,32335.34,Delivery expense for April 2024
2334,10,2024-04-01,Cleaning,8560.85,Cleaning expense for April 2024
2335,10,2024-04-01,Repairs,34924.74,Repairs expense for April 2024
2336,10,2024-04-01,Miscellaneous,8506.29,Miscellaneous expense for April 2024
2337,10,2024-05-01,Rent,167224.33,Rent expense for May 2024
2338,10,2024-05-01,Electricity,26662.61,Electricity expense for May 2024
2339,10,2024-05-01,Salaries,539183.38,Salaries expense for May 2024
2340,10,2024-05-01,Maintenance,16153.14,Maintenance expense for May 2024
2341,10,2024-05-01,Delivery,29060.43,Delivery expense for May 2024
2342,10,2024-05-01,Cleaning,14539.37,Cleaning expense for May 2024
2343,10,2024-05-01,Repairs,18842.89,Repairs expense for May 2024
2344,10,2024-05-01,Miscellaneous,15367.08,Miscellaneous expense for May 2024
2345,10,2024-06-01,Rent,174774.1,Rent expense for June 2024
2346,10,2024-06-01,Electricity,29074.46,Electricity expense for June 2024
2347,10,2024-06-01,Salaries,658707.3,Salaries expense for June 2024
2348,10,2024-06-01,Maintenance,21073.25,Maintenance expense for June 2024
2349,10,2024-06-01,Delivery,25078.4,Delivery expense for June 2024
2350,10,2024-06-01,Cleaning,8603.35,Cleaning expense for June 2024
2351,10,2024-06-01,Repairs,9652.51,Repairs expense for June 2024
2352,10,2024-06-01,Miscellaneous,3413.95,Miscellaneous expense for June 2024
2353,10,2024-07-01,Rent,206146.71,Rent expense for July 2024
2354,10,2024-07-01,Electricity,38944.16,Electricity expense for July 2024
2355,10,2024-07-01,Salaries,568119.1,Salaries expense for July 2024
2356,10,2024-07-01,Maintenance,18591.98,Maintenance expense for July 2024
2357,10,2024-07-01,Delivery,15110.84,Delivery expense for July 2024
2358,10,2024-07-01,Cleaning,6451.15,Cleaning expense for July 2024
2359,10,2024-07-01,Repairs,32847.76,Repairs expense for July 2024
2360,10,2024-07-01,Miscellaneous,5899.51,Miscellaneous expense for July 2024
2361,10,2024-08-01,Rent,117309.25,Rent expense for August 2024
2362,10,2024-08-01,Electricity,46390.67,Electricity expense for August 2024
2363,10,2024-08-01,Salaries,582539.76,Salaries expense for August 2024
2364,10,2024-08-01,Maintenance,13563.41,Maintenance expense for August 2024
2365,10,2024-08-01,Delivery,33542.2,Delivery expense for August 2024
2366,10,2024-08-01,Cleaning,7403.6,Cleaning expense for August 2024
2367,10,2024-08-01,Repairs,21039.54,Repairs expense for August 2024
2368,10,2024-08-01,Miscellaneous,5992.45,Miscellaneous expense for August 2024
2369,10,2024-09-01,Rent,157993.16,Rent expense for September 2024
2370,10,2024-09-01,Electricity,29492.12,Electricity expense for September 2024
2371,10,2024-09-01,Salaries,572939.42,Salaries expense for September 2024
2372,10,2024-09-01,Maintenance,27064.59,Maintenance expense for September 2024
2373,10,2024-09-01,Delivery,45303.47,Delivery expense for September 2024
2374,10,2024-09-01,Cleaning,14371.47,Cleaning expense for September 2024
2375,10,2024-09-01,Repairs,11793.14,Repairs expense for September 2024
2376,10,2024-09-01,Miscellaneous,3471.43,Miscellaneous expense for September 2024
2377,10,2024-10-01,Rent,180907.73,Rent expense for October 2024
2378,10,2024-10-01,Electricity,60267.56,Electricity expense for October 2024
2379,10,2024-10-01,Salaries,541398.99,Salaries expense for October 2024
2380,10,2024-10-01,Maintenance,22642.63,Maintenance expense for October 2024
2381,10,2024-10-01,Delivery,45070.01,Delivery expense for October 2024
2382,10,2024-10-01,Cleaning,12399.45,Cleaning expense for October 2024
2383,10,2024-10-01,Repairs,9782.94,Repairs expense for October 2024
2384,10,2024-10-01,Miscellaneous,9308.38,Miscellaneous expense for October 2024
2385,10,2024-11-01,Rent,116789.23,Rent expense for November 2024
2386,10,2024-11-01,Electricity,34619.44,Electricity expense for November 2024
2387,10,2024-11-01,Salaries,550758.04,Salaries expense for November 2024
2388,10,2024-11-01,Maintenance,9771.2,Maintenance expense for November 2024
2389,10,2024-11-01,Delivery,17046.48,Delivery expense for November 2024
2390,10,2024-11-01,Cleaning,10978.33,Cleaning expense for November 2024
2391,10,2024-11-01,Repairs,9212.43,Repairs expense for November 2024
2392,10,2024-11-01,Miscellaneous,5900.15,Miscellaneous expense for November 2024
2393,10,2024-12-01,Rent,133172.55,Rent expense for December 2024
2394,10,2024-12-01,Electricity,31708.0,Electricity expense for December 2024
2395,10,2024-12-01,Salaries,447746.14,Salaries expense for December 2024
2396,10,2024-12-01,Maintenance,27459.39,Maintenance expense for December 2024
2397,10,2024-12-01,Delivery,36390.0,Delivery expense for December 2024
2398,10,2024-12-01,Cleaning,5957.47,Cleaning expense for December 2024
2399,10,2024-12-01,Repairs,27531.18,Repairs expense for December 2024
2400,10,2024-12-01,Miscellaneous,11349.54,Miscellaneous expense for December 2024
2401,10,2025-01-01,Rent,214817.67,Rent expense for January 2025
2402,10,2025-01-01,Electricity,66664.36,Electricity expense for January 2025
2403,10,2025-01-01,Salaries,394312.87,Salaries expense for January 2025
2404,10,2025-01-01,Maintenance,27672.37,Maintenance expense for January 2025
2405,10,2025-01-01,Delivery,24604.71,Delivery expense for January 2025
2406,10,2025-01-01,Cleaning,13227.16,Cleaning expense for January 2025
2407,10,2025-01-01,Repairs,23763.06,Repairs expense for January 2025
2408,10,2025-01-01,Miscellaneous,13284.93,Miscellaneous expense for January 2025
2409,10,2025-02-01,Rent,225804.04,Rent expense for February 2025
2410,10,2025-02-01,Electricity,63788.13,Electricity expense for February 2025
2411,10,2025-02-01,Salaries,497710.47,Salaries expense for February 2025
2412,10,2025-02-01,Maintenance,26306.2,Maintenance expense for February 2025
2413,10,2025-02-01,Delivery,47180.68,Delivery expense for February 2025
2414,10,2025-02-01,Cleaning,14269.52,Cleaning expense for February 2025
2415,10,2025-02-01,Repairs,15510.46,Repairs expense for February 2025
2416,10,2025-02-01,Miscellaneous,2486.64,Miscellaneous expense for February 2025
2417,10,2025-03-01,Rent,214199.69,Rent expense for March 2025
2418,10,2025-03-01,Electricity,68534.63,Electricity expense for March 2025
2419,10,2025-03-01,Salaries,587145.32,Salaries expense for March 2025
2420,10,2025-03-01,Maintenance,19916.95,Maintenance expense for March 2025
2421,10,2025-03-01,Delivery,34877.5,Delivery expense for March 2025
2422,10,2025-03-01,Cleaning,12709.8,Cleaning expense for March 2025
2423,10,2025-03-01,Repairs,26337.34,Repairs expense for March 2025
2424,10,2025-03-01,Miscellaneous,17497.79,Miscellaneous expense for March 2025
2425,10,2025-04-01,Rent,162165.8,Rent expense for April 2025
2426,10,2025-04-01,Electricity,65726.75,Electricity expense for April 2025
2427,10,2025-04-01,Salaries,373365.27,Salaries expense for April 2025
2428,10,2025-04-01,Maintenance,23270.05,Maintenance expense for April 2025
2429,10,2025-04-01,Delivery,35415.49,Delivery expense for April 2025
2430,10,2025-04-01,Cleaning,10042.1,Cleaning expense for April 2025
2431,10,2025-04-01,Repairs,-25231.79,Repairs expense for April 2025
2432,10,2025-04-01,Miscellaneous,2923.96,Miscellaneous expense for April 2025
2433,10,2025-05-01,Rent,150846.72,Rent expense for May 2025
2434,10,2025-05-01,Electricity,56863.03,Electricity expense for May 2025
2435,10,2025-05-01,Salaries,453135.97,Salaries expense for May 2025
2436,10,2025-05-01,Maintenance,18309.51,Maintenance expense for May 2025
2437,10,2025-05-01,Delivery,43064.02,Delivery expense for May 2025
2438,10,2025-05-01,Cleaning,10296.54,Cleaning expense for May 2025
2439,10,2025-05-01,Repairs,36058.02,Repairs expense for May 2025
2440,10,2025-05-01,Miscellaneous,9524.33,Miscellaneous expense for May 2025
2441,10,2025-06-01,Rent,182442.88,Rent expense for June 2025
2442,10,2025-06-01,Electricity,27027.61,Electricity expense for June 2025
2443,10,2025-06-01,Salaries,684493.07,Salaries expense for June 2025
2444,10,2025-06-01,Maintenance,24360.47,Maintenance expense for June 2025
2445,10,2025-06-01,Delivery,37471.94,Delivery expense for June 2025
2446,10,2025-06-01,Cleaning,6803.85,Cleaning expense for June 2025
2447,10,2025-06-01,Repairs,4526.36,Repairs expense for June 2025
2448,10,2025-06-01,Miscellaneous,19474.22,Miscellaneous expense for June 2025
2449,10,2025-07-01,Rent,147886.09,Rent expense for July 2025
2450,10,2025-07-01,Electricity,62863.48,Electricity expense for July 2025
2451,10,2025-07-01,Salaries,576325.84,Salaries expense for July 2025
2452,10,2025-07-01,Maintenance,12062.44,Maintenance expense for July 2025
2453,10,2025-07-01,Delivery,45322.92,Delivery expense for July 2025
2454,10,2025-07-01,Cleaning,8175.52,Cleaning expense for July 2025
2455,10,2025-07-01,Repairs,11491.48,Repairs expense for July 2025
2456,10,2025-07-01,Miscellaneous,14011.5,Miscellaneous expense for July 2025
2457,10,2025-08-01,Rent,188851.38,Rent expense for August 2025
2458,10,2025-08-01,Electricity,49698.77,Electricity expense for August 2025
2459,10,2025-08-01,Salaries,422477.3,Salaries expense for August 2025
2460,10,2025-08-01,Maintenance,16023.64,Maintenance expense for August 2025
2461,10,2025-08-01,Delivery,41048.85,Delivery expense for August 2025
2462,10,2025-08-01,Cleaning,11148.53,Cleaning expense for August 2025
2463,10,2025-08-01,Repairs,13934.78,Repairs expense for August 2025
2464,10,2025-08-01,Miscellaneous,17019.3,Miscellaneous expense for August 2025
2465,10,2025-09-01,Rent,79853.01,Rent expense for September 2025
2466,10,2025-09-01,electricity,29455.84,Electricity expense for September 2025
2467,10,2025-09-01,Salaries,535325.18,Salaries expense for September 2025
2468,10,2025-09-01,Maintenance,23121.34,Maintenance expense for September 2025
2469,10,2025-09-01,Delivery,37822.1,Delivery expense for September 2025
2470,10,2025-09-01,Cleaning,6565.25,Cleaning expense for September 2025
2471,10,2025-09-01,Repairs,17504.72,Repairs expense for September 2025
2472,10,2025-09-01,Miscellaneous,3822.75,Miscellaneous expense for September 2025
2473,10,2025-10-01,Rent,185780.26,Rent expense for October 2025
2474,10,2025-10-01,Electricity,55181.39,Electricity expense for October 2025
2475,10,2025-10-01,Salaries,556836.94,Salaries expense for October 2025
2476,10,2025-10-01,Maintenance,17958.94,Maintenance expense for October 2025
2477,10,2025-10-01,Delivery,36276.26,Delivery expense for October 2025
2478,10,2025-10-01,Cleaning,12054.66,Cleaning expense for October 2025
2479,10,2025-10-01,Repairs,11160.68,Repairs expense for October 2025
2480,10,2025-10-01,Miscellaneous,3786.96,Miscellaneous expense for October 2025
2481,10,2025-11-01,Rent,93469.99,Rent expense for November 2025
2482,10,2025-11-01,Electricity,37001.18,Electricity expense for November 2025
2483,10,2025-11-01,Salaries,628002.06,Salaries expense for November 2025
2484,10,2025-11-01,Maintenance,11506.37,Maintenance expense for November 2025
2485,10,2025-11-01,Delivery,42301.75,Delivery expense for November 2025
2486,10,2025-11-01,Cleaning,10251.53,Cleaning expense for November 2025
2487,10,2025-11-01,Repairs,20438.88,Repairs expense for November 2025
2488,10,2025-11-01,Miscellaneous,6434.17,Miscellaneous expense for November 2025
2489,10,2025-12-01,Rent,208015.03,Rent expense for December 2025
2490,10,2025-12-01,Electricity,47177.37,Electricity expense for December 2025
2491,10,2025-12-01,Salaries,545159.12,Salaries expense for December 2025
2492,10,2025-12-01,Maintenance,23422.25,Maintenance expense for December 2025
2493,10,2025-12-01,Delivery,28216.93,Delivery expense for December 2025
2494,10,2025-12-01,Cleaning,11752.94,Cleaning expense for December 2025
2495,10,2025-12-01,Repairs,11245.8,Repairs expense for December 2025
2496,10,2025-12-01,Miscellaneous,4036.73,Miscellaneous expense for December 2025
2497,10,2026-01-01,Rent,152153.06,Rent expense for January 2026
2498,10,2026-01-01,Electricity,44813.96,Electricity expense for January 2026
2499,10,2026-01-01,Salaries,585001.03,Salaries expense for January 2026
2500,10,2026-01-01,Maintenance,29179.56,Maintenance expense for January 2026
2501,10,2026-01-01,Delivery,57114.16,Delivery expense for January 2026
2502,10,2026-01-01,Cleaning,12043.2,Cleaning expense for January 2026
2503,10,2026-01-01,Repairs,22940.58,Repairs expense for January 2026
2504,10,2026-01-01,Miscellaneous,10764.52,Miscellaneous expense for January 2026
2505,10,2026-02-01,Rent,87319.4,Rent expense for February 2026
2506,10,2026-02-01,Electricity,47442.88,Electricity expense for February 2026
2507,10,2026-02-01,Salaries,644669.12,Salaries expense for February 2026
2508,10,2026-02-01,Maintenance,16550.4,Maintenance expense for February 2026
2509,10,2026-02-01,Delivery,39852.02,Delivery expense for February 2026
2510,10,2026-02-01,Cleaning,10420.53,Cleaning expense for February 2026
2511,10,2026-02-01,Repairs,33435.08,Repairs expense for February 2026
2512,10,2026-02-01,Miscellaneous,4315.3,Miscellaneous expense for February 2026
2513,10,2026-03-01,Rent,148429.43,Rent expense for March 2026
2514,10,2026-03-01,Electricity,49325.47,Electricity expense for March 2026
2515,10,2026-03-01,Salaries,468857.24,Salaries expense for March 2026
2516,10,2026-03-01,Maintenance,18016.28,Maintenance expense for March 2026
2517,10,2026-03-01,Delivery,54269.06,Delivery expense for March 2026
2518,10,2026-03-01,Cleaning,7434.02,Cleaning expense for March 2026
2519,10,2026-03-01,Repairs,24812.3,Repairs expense for March 2026
2520,10,2026-03-01,Miscellaneous,8657.38,Miscellaneous expense for March 2026
2521,10,2026-04-01,Rent,187087.53,Rent expense for April 2026
2522,10,2026-04-01,Electricity,58000.43,Electricity expense for April 2026
2523,10,2026-04-01,Salaries,492726.03,Salaries expense for April 2026
2524,10,2026-04-01,Maintenance,26033.06,Maintenance expense for April 2026
2525,10,2026-04-01,Delivery,35571.93,Delivery expense for April 2026
2526,10,2026-04-01,Cleaning,5044.63,Cleaning expense for April 2026
2527,10,2026-04-01,Repairs,34222.44,Repairs expense for April 2026
2528,10,2026-04-01,Miscellaneous,16235.66,Miscellaneous expense for April 2026
2529,10,2026-05-01,Rent,211980.05,Rent expense for May 2026
2530,10,2026-05-01,Electricity,42761.75,Electricity expense for May 2026
2531,10,2026-05-01,Salaries,496795.84,Salaries expense for May 2026
2532,10,2026-05-01,Maintenance,12504.63,Maintenance expense for May 2026
2533,10,2026-05-01,Delivery,16951.31,Delivery expense for May 2026
2534,10,2026-05-01,Cleaning,11962.98,Cleaning expense for May 2026
2535,10,2026-05-01,Repairs,9989.21,Repairs expense for May 2026
2536,10,2026-05-01,Miscellaneous,5353.41,Miscellaneous expense for May 2026
2537,10,2026-06-01,Rent,174075.74,Rent expense for June 2026
2538,10,2026-06-01,Electricity,48053.91,Electricity expense for June 2026
2539,10,2026-06-01,Salaries,576539.36,Salaries expense for June 2026
2540,10,2026-06-01,Maintenance,18193.35,Maintenance expense for June 2026
2541,10,2026-06-01,Delivery,37520.81,Delivery expense for June 2026
2542,10,2026-06-01,Cleaning,10409.0,Cleaning expense for June 2026
2543,10,2026-06-01,Repairs,28629.63,Repairs expense for June 2026
2544,10,2026-06-01,Miscellaneous,8366.06,Miscellaneous expense for June 2026
2545,10,2026-07-01,Rent,119222.63,Rent expense for July 2026
2546,10,2026-07-01,Electricity,42162.12,Electricity expense for July 2026
2547,10,2026-07-01,Salaries,474145.88,Salaries expense for July 2026
2548,10,2026-07-01,Maintenance,17940.84,Maintenance expense for July 2026
2549,10,2026-07-01,Delivery,35837.68,Delivery expense for July 2026
2550,10,2026-07-01,Cleaning,12462.69,Cleaning expense for July 2026
2551,10,2026-07-01,Repairs,14224.92,Repairs expense for July 2026
2552,10,2026-07-01,Miscellaneous,5968.65,Miscellaneous expense for July 2026
2553,10,2026-08-01,Rent,190624.7,Rent expense for August 2026
2554,10,2026-08-01,Electricity,64173.1,Electricity expense for August 2026
2555,10,2026-08-01,Salaries,611356.17,Salaries expense for August 2026
2556,10,2026-08-01,Maintenance,14845.22,Maintenance expense for August 2026
2557,10,2026-08-01,Delivery,44059.64,Delivery expense for August 2026
2558,10,2026-08-01,Cleaning,14630.88,Cleaning expense for August 2026
2559,10,2026-08-01,Repairs,26607.03,Repairs expense for August 2026
2560,10,2026-08-01,Miscellaneous,17566.36,Miscellaneous expense for August 2026
2561,11,2024-01-01,Rent,370107.05,Rent expense for January 2024
2562,11,2024-01-01,Electricity,98735.08,Electricity expense for January 2024
2563,11,2024-01-01,Salaries,1028526.53,Salaries expense for January 2024
2564,11,2024-01-01,Maintenance,45328.87,Maintenance expense for January 2024
2565,11,2024-01-01,DELIVERY,29120.16,Delivery expense for January 2024
2566,11,2024-01-01,Cleaning,20198.64,Cleaning expense for January 2024
2567,11,2024-01-01,Repairs,32096.54,Repairs expense for January 2024
2568,11,2024-01-01,Miscellaneous,22120.71,Miscellaneous expense for January 2024
2569,11,2024-02-01,Rent,300956.19,Rent expense for February 2024
2570,11,2024-02-01,Electricity,52227.73,Electricity expense for February 2024
2571,11,2024-02-01,Salaries,1067666.37,Salaries expense for February 2024
2572,11,2024-02-01,Maintenance,47764.55,Maintenance expense for February 2024
2573,11,2024-02-01,Delivery,94723.57,Delivery expense for February 2024
2574,11,2024-02-01,Cleaning,18175.11,Cleaning expense for February 2024
2575,11,2024-02-01,Repairs,7893.65,Repairs expense for February 2024
2576,11,2024-02-01,Miscellaneous,26644.23,Miscellaneous expense for February 2024
2577,11,2024-03-01,Rent,237804.34,Rent expense for March 2024
2578,11,2024-03-01,Electricity,103582.72,Electricity expense for March 2024
2579,11,2024-03-01,Salaries,885798.93,Salaries expense for March 2024
2580,11,2024-03-01,Maintenance,46406.41,Maintenance expense for March 2024
2581,11,2024-03-01,Delivery,63550.3,Delivery expense for March 2024
2582,11,2024-03-01,Cleaning,20998.6,Cleaning expense for March 2024
2583,11,2024-03-01,Repairs,61538.51,Repairs expense for March 2024
2584,11,2024-03-01,Miscellaneous,5334.26,Miscellaneous expense for March 2024
2585,11,2024-04-01,Rent,142664.02,Rent expense for April 2024
2586,11,2024-04-01,Electricity,41860.49,Electricity expense for April 2024
2587,11,2024-04-01,Salaries,698700.33,Salaries expense for April 2024
2588,11,2024-04-01,Maintenance,21501.38,Maintenance expense for April 2024
2589,11,2024-04-01,Delivery,78182.41,Delivery expense for April 2024
2590,11,2024-04-01,Cleaning,10884.39,Cleaning expense for April 2024
2591,11,2024-04-01,Repairs,12110.49,Repairs expense for April 2024
2592,11,2024-04-01,Miscellaneous,4270.02,Miscellaneous expense for April 2024
2593,11,2024-05-01,Rent,284866.99,Rent expense for May 2024
2594,11,2024-05-01,ELECTRICITY,59674.64,Electricity expense for May 2024
2595,11,2024-05-01,Salaries,785194.98,Salaries expense for May 2024
2596,11,2024-05-01,Maintenance,42743.26,Maintenance expense for May 2024
2597,11,2024-05-01,Delivery,38075.06,Delivery expense for May 2024
2598,11,2024-05-01,Cleaning,16512.08,Cleaning expense for May 2024
2599,11,2024-05-01,Repairs,24702.34,Repairs expense for May 2024
2600,11,2024-05-01,Miscellaneous,15471.46,Miscellaneous expense for May 2024
2601,11,2024-06-01,Rent,258828.56,Rent expense for June 2024
2602,11,2024-06-01,Electricity,73284.58,Electricity expense for June 2024
2603,11,2024-06-01,Salaries,587887.0,Salaries expense for June 2024
2604,11,2024-06-01,Maintenance,32113.98,Maintenance expense for June 2024
2605,11,2024-06-01,Delivery,70563.28,Delivery expense for June 2024
2606,11,2024-06-01,Cleaning,16611.8,Cleaning expense for June 2024
2607,11,2024-06-01,Repairs,17608.68,Repairs expense for June 2024
2608,11,2024-06-01,Miscellaneous,29677.61,Miscellaneous expense for June 2024
2609,11,2024-07-01,Rent,170242.74,Rent expense for July 2024
2610,11,2024-07-01,Electricity,80018.11,Electricity expense for July 2024
2611,11,2024-07-01,Salaries,739739.07,Salaries expense for July 2024
2612,11,2024-07-01,Maintenance,15244.4,Maintenance expense for July 2024
2613,11,2024-07-01,Delivery,25424.81,Delivery expense for July 2024
2614,11,2024-07-01,Cleaning,19629.88,Cleaning expense for July 2024
2615,11,2024-07-01,Repairs,55249.56,Repairs expense for July 2024
2616,11,2024-07-01,Miscellaneous,25418.61,Miscellaneous expense for July 2024
2617,11,2024-08-01,Rent,138783.76,Rent expense for August 2024
2618,11,2024-08-01,Electricity,76165.15,Electricity expense for August 2024
2619,11,2024-08-01,Salaries,723176.63,Salaries expense for August 2024
2620,11,2024-08-01,Maintenance,37377.5,Maintenance expense for August 2024
2621,11,2024-08-01,Delivery,92208.94,Delivery expense for August 2024
2622,11,2024-08-01,Cleaning,9927.35,Cleaning expense for August 2024
2623,11,2024-08-01,Repairs,20653.64,Repairs expense for August 2024
2624,11,2024-08-01,Miscellaneous,10011.33,Miscellaneous expense for August 2024
2625,11,2024-09-01,Rent,311083.83,Rent expense for September 2024
2626,11,2024-09-01,Electricity,49302.42,Electricity expense for September 2024
2627,11,2024-09-01,Salaries,570336.84,Salaries expense for September 2024
2628,11,2024-09-01,Maintenance,15455.81,Maintenance expense for September 2024
2629,11,2024-09-01,Delivery,53677.58,Delivery expense for September 2024
2630,11,2024-09-01,Cleaning,15217.3,Cleaning expense for September 2024
2631,11,2024-09-01,Repairs,11796.07,Repairs expense for September 2024
2632,11,2024-09-01,Miscellaneous,10527.5,Miscellaneous expense for September 2024
2633,11,2024-10-01,RENT,197845.42,Rent expense for October 2024
2634,11,2024-10-01,Electricity,63968.09,Electricity expense for October 2024
2635,11,2024-10-01,Salaries,884111.5,Salaries expense for October 2024
2636,11,2024-10-01,Maintenance,17506.6,Maintenance expense for October 2024
2637,11,2024-10-01,Delivery,72639.44,Delivery expense for October 2024
2638,11,2024-10-01,Cleaning,14430.1,Cleaning expense for October 2024
2639,11,2024-10-01,Repairs,52421.57,Repairs expense for October 2024
2640,11,2024-10-01,Miscellaneous,14365.56,Miscellaneous expense for October 2024
2641,11,2024-11-01,Rent,180454.84,Rent expense for November 2024
2642,11,2024-11-01,Electricity,96198.11,Electricity expense for November 2024
2643,11,2024-11-01,Salaries,1062725.52,Salaries expense for November 2024
2644,11,2024-11-01,Maintenance,20609.84,Maintenance expense for November 2024
2645,11,2024-11-01,Delivery,33645.25,Delivery expense for November 2024
2646,11,2024-11-01,Cleaning,10679.06,Cleaning expense for November 2024
2647,11,2024-11-01,Repairs,23668.83,Repairs expense for November 2024
2648,11,2024-11-01,Miscellaneous,4047.58,Miscellaneous expense for November 2024
2649,11,2024-12-01,Rent,260004.58,Rent expense for December 2024
2650,11,2024-12-01,Electricity,98370.1,Electricity expense for December 2024
2651,11,2024-12-01,Salaries,733473.0,Salaries expense for December 2024
2652,11,2024-12-01,Maintenance,43091.59,Maintenance expense for December 2024
2653,11,2024-12-01,Delivery,36167.34,Delivery expense for December 2024
2654,11,2024-12-01,Cleaning,17833.43,Cleaning expense for December 2024
2655,11,2024-12-01,Repairs,61271.49,Repairs expense for December 2024
2656,11,2024-12-01,Miscellaneous,19540.97,Miscellaneous expense for December 2024
2657,11,2025-01-01,Rent,293937.43,Rent expense for January 2025
2658,11,2025-01-01,Electricity,39986.18,Electricity expense for January 2025
2659,11,2025-01-01,Salaries,740614.8,Salaries expense for January 2025
2660,11,2025-01-01,Maintenance,44976.3,Maintenance expense for January 2025
2661,11,2025-01-01,Delivery,84551.67,Delivery expense for January 2025
2662,11,2025-01-01,Cleaning,19701.27,Cleaning expense for January 2025
2663,11,2025-01-01,Repairs,57846.97,Repairs expense for January 2025
2664,11,2025-01-01,Miscellaneous,12505.57,Miscellaneous expense for January 2025
2665,11,2025-02-01,Rent,266549.75,Rent expense for February 2025
2666,11,2025-02-01,Electricity,96409.07,Electricity expense for February 2025
2667,11,2025-02-01,Salaries,757225.88,Salaries expense for February 2025
2668,11,2025-02-01,Maintenance,43464.95,Maintenance expense for February 2025
2669,11,2025-02-01,Delivery,54902.82,Delivery expense for February 2025
2670,11,2025-02-01,Cleaning,10657.66,Cleaning expense for February 2025
2671,11,2025-02-01,Repairs,4809.05,Repairs expense for February 2025
2672,11,2025-02-01,Miscellaneous,6595.83,Miscellaneous expense for February 2025
2673,11,2025-03-01,Rent,145004.59,Rent expense for March 2025
2674,11,2025-03-01,Electricity,43569.86,Electricity expense for March 2025
2675,11,2025-03-01,Salaries,1056329.26,Salaries expense for March 2025
2676,11,2025-03-01,Maintenance,24453.03,Maintenance expense for March 2025
2677,11,2025-03-01,Delivery,63842.49,Delivery expense for March 2025
2678,11,2025-03-01,Cleaning,23943.64,Cleaning expense for March 2025
2679,11,2025-03-01,Repairs,40777.25,Repairs expense for March 2025
2680,11,2025-03-01,Miscellaneous,30107.15,Miscellaneous expense for March 2025
2681,11,2025-04-01,Rent,343206.9,Rent expense for April 2025
2682,11,2025-04-01,Electricity,106396.54,Electricity expense for April 2025
2683,11,2025-04-01,Salaries,812517.46,Salaries expense for April 2025
2684,11,2025-04-01,Maintenance,18505.08,Maintenance expense for April 2025
2685,11,2025-04-01,Delivery,28434.76,Delivery expense for April 2025
2686,11,2025-04-01,Cleaning,8655.0,Cleaning expense for April 2025
2687,11,2025-04-01,Repairs,58516.89,Repairs expense for April 2025
2688,11,2025-04-01,Miscellaneous,4022.17,Miscellaneous expense for April 2025
2689,11,2025-05-01,Rent,260019.73,Rent expense for May 2025
2690,11,2025-05-01,Electricity,51409.92,Electricity expense for May 2025
2691,11,2025-05-01,Salaries,1007264.77,Salaries expense for May 2025
2692,11,2025-05-01,Maintenance,43132.18,Maintenance expense for May 2025
2693,11,2025-05-01,Delivery,74504.76,Delivery expense for May 2025
2694,11,2025-05-01,Cleaning,18671.46,Cleaning expense for May 2025
2695,11,2025-05-01,Repairs,46210.56,Repairs expense for May 2025
2696,11,2025-05-01,Miscellaneous,23226.49,Miscellaneous expense for May 2025
2697,11,2025-06-01,Rent,349413.61,Rent expense for June 2025
2698,11,2025-06-01,Electricity,60147.34,Electricity expense for June 2025
2699,11,2025-06-01,Salaries,640760.47,Salaries expense for June 2025
2700,11,2025-06-01,Maintenance,35844.07,Maintenance expense for June 2025
2701,11,2025-06-01,Delivery,64106.31,Delivery expense for June 2025
2702,11,2025-06-01,Cleaning,13026.63,Cleaning expense for June 2025
2703,11,2025-06-01,Repairs,5653.33,Repairs expense for June 2025
2704,11,2025-06-01,Miscellaneous,23955.66,Miscellaneous expense for June 2025
2705,11,2025-07-01,Rent,245419.48,Rent expense for July 2025
2706,11,2025-07-01,Electricity,93034.33,Electricity expense for July 2025
2707,11,2025-07-01,Salaries,979610.31,Salaries expense for July 2025
2708,11,2025-07-01,Maintenance,37579.19,Maintenance expense for July 2025
2709,11,2025-07-01,Delivery,49251.41,Delivery expense for July 2025
2710,11,2025-07-01,Cleaning,16110.69,Cleaning expense for July 2025
2711,11,2025-07-01,Repairs,12691.32,Repairs expense for July 2025
2712,11,2025-07-01,Miscellaneous,4553.49,Miscellaneous expense for July 2025
2713,11,2025-08-01,Rent,175148.65,Rent expense for August 2025
2714,11,2025-08-01,Electricity,101004.33,Electricity expense for August 2025
2715,11,2025-08-01,Salaries,839897.13,Salaries expense for August 2025
2716,11,2025-08-01,Maintenance,35069.29,Maintenance expense for August 2025
2717,11,2025-08-01,Delivery,64721.52,Delivery expense for August 2025
2718,11,2025-08-01,Cleaning,19259.25,Cleaning expense for August 2025
2719,11,2025-08-01,Repairs,11419.9,Repairs expense for August 2025
2720,11,2025-08-01,Miscellaneous,24581.76,Miscellaneous expense for August 2025
2721,11,2025-09-01,RENT,369845.35,Rent expense for September 2025
2722,11,2025-09-01,Electricity,109978.85,Electricity expense for September 2025
2723,11,2025-09-01,Salaries,628524.02,Salaries expense for September 2025
2724,11,2025-09-01,Maintenance,28541.03,Maintenance expense for September 2025
2725,11,2025-09-01,Delivery,93586.01,Delivery expense for September 2025
2726,11,2025-09-01,Cleaning,16089.19,Cleaning expense for September 2025
2727,11,2025-09-01,Repairs,16456.49,Repairs expense for September 2025
2728,11,2025-09-01,Miscellaneous,25336.34,Miscellaneous expense for September 2025
2729,11,2025-10-01,Rent,315863.13,Rent expense for October 2025
2730,11,2025-10-01,Electricity,74639.57,Electricity expense for October 2025
2731,11,2025-10-01,Salaries,601974.36,Salaries expense for October 2025
2732,11,2025-10-01,Maintenance,29904.4,Maintenance expense for October 2025
2733,11,2025-10-01,Delivery,66777.67,Delivery expense for October 2025
2734,11,2025-10-01,Cleaning,14863.52,Cleaning expense for October 2025
2735,11,2025-10-01,Repairs,53067.4,Repairs expense for October 2025
2736,11,2025-10-01,Miscellaneous,5259.38,Miscellaneous expense for October 2025
2737,11,2025-11-01,Rent,395900.29,Rent expense for November 2025
2738,11,2025-11-01,Electricity,85215.82,Electricity expense for November 2025
2739,11,2025-11-01,Salaries,578518.98,Salaries expense for November 2025
2740,11,2025-11-01,Maintenance,47770.73,Maintenance expense for November 2025
2741,11,2025-11-01,Delivery,54137.13,Delivery expense for November 2025
2742,11,2025-11-01,Cleaning,16738.98,Cleaning expense for November 2025
2743,11,2025-11-01,Repairs,23947.02,Repairs expense for November 2025
2744,11,2025-11-01,Miscellaneous,27218.15,Miscellaneous expense for November 2025
2745,11,2025-12-01,Rent,385290.91,Rent expense for December 2025
2746,11,2025-12-01,Electricity,70222.51,Electricity expense for December 2025
2747,11,2025-12-01,Salaries,1083787.98,Salaries expense for December 2025
2748,11,2025-12-01,Maintenance,24212.14,Maintenance expense for December 2025
2749,11,2025-12-01,Delivery,68196.87,Delivery expense for December 2025
2750,11,2025-12-01,Cleaning,13834.96,Cleaning expense for December 2025
2751,11,2025-12-01,Repairs,38837.01,Repairs expense for December 2025
2752,11,2025-12-01,Miscellaneous,4825.56,Miscellaneous expense for December 2025
2753,11,2026-01-01,Rent,275585.55,Rent expense for January 2026
2754,11,2026-01-01,Electricity,59624.82,Electricity expense for January 2026
2755,11,2026-01-01,Salaries,1100796.15,Salaries expense for January 2026
2756,11,2026-01-01,Maintenance,24830.31,Maintenance expense for January 2026
2757,11,2026-01-01,Delivery,83340.18,Delivery expense for January 2026
2758,11,2026-01-01,Cleaning,18207.79,Cleaning expense for January 2026
2759,11,2026-01-01,Repairs,19135.32,Repairs expense for January 2026
2760,11,2026-01-01,Miscellaneous,15804.31,Miscellaneous expense for January 2026
2761,11,2026-02-01,Rent,378856.43,Rent expense for February 2026
2762,11,2026-02-01,Electricity,102665.68,Electricity expense for February 2026
2763,11,2026-02-01,Salaries,795799.11,Salaries expense for February 2026
2764,11,2026-02-01,Maintenance,23135.23,Maintenance expense for February 2026
2765,11,2026-02-01,Delivery,41815.74,Delivery expense for February 2026
2766,11,2026-02-01,Cleaning,22653.59,Cleaning expense for February 2026
2767,11,2026-02-01,Repairs,57995.0,Repairs expense for February 2026
2768,11,2026-02-01,Miscellaneous,26478.41,Miscellaneous expense for February 2026
2769,11,2026-03-01,Rent,228476.13,Rent expense for March 2026
2770,11,2026-03-01,Electricity,61245.85,Electricity expense for March 2026
2771,11,2026-03-01,Salaries,819873.77,Salaries expense for March 2026
2772,11,2026-03-01,Maintenance,18856.81,Maintenance expense for March 2026
2773,11,2026-03-01,Delivery,34998.72,Delivery expense for March 2026
2774,11,2026-03-01,Cleaning,8823.35,Cleaning expense for March 2026
2775,11,2026-03-01,Repairs,41173.4,Repairs expense for March 2026
2776,11,2026-03-01,Miscellaneous,20180.09,Miscellaneous expense for March 2026
2777,11,2026-04-01,Rent,143220.56,Rent expense for April 2026
2778,11,2026-04-01,Electricity,88157.62,Electricity expense for April 2026
2779,11,2026-04-01,Salaries,865483.69,Salaries expense for April 2026
2780,11,2026-04-01,Maintenance,22140.42,Maintenance expense for April 2026
2781,11,2026-04-01,Delivery,47571.39,Delivery expense for April 2026
2782,11,2026-04-01,Cleaning,14087.52,Cleaning expense for April 2026
2783,11,2026-04-01,Repairs,24478.13,Repairs expense for April 2026
2784,11,2026-04-01,Miscellaneous,11269.31,Miscellaneous expense for April 2026
2785,11,2026-05-01,Rent,241165.23,Rent expense for May 2026
2786,11,2026-05-01,Electricity,61911.93,Electricity expense for May 2026
2787,11,2026-05-01,Salaries,1067866.8,Salaries expense for May 2026
2788,11,2026-05-01,Maintenance,29362.11,Maintenance expense for May 2026
2789,11,2026-05-01,Delivery,78942.94,Delivery expense for May 2026
2790,11,2026-05-01,Cleaning,21724.27,Cleaning expense for May 2026
2791,11,2026-05-01,Repairs,24876.43,Repairs expense for May 2026
2792,11,2026-05-01,Miscellaneous,16089.88,Miscellaneous expense for May 2026
2793,11,2026-06-01,Rent,376232.34,Rent expense for June 2026
2794,11,2026-06-01,Electricity,98073.08,Electricity expense for June 2026
2795,11,2026-06-01,Salaries,1008919.4,Salaries expense for June 2026
2796,11,2026-06-01,Maintenance,38721.17,Maintenance expense for June 2026
2797,11,2026-06-01,Delivery,79386.35,Delivery expense for June 2026
2798,11,2026-06-01,Cleaning,17873.81,Cleaning expense for June 2026
2799,11,2026-06-01,Repairs,39107.98,Repairs expense for June 2026
2800,11,2026-06-01,Miscellaneous,18175.6,Miscellaneous expense for June 2026
2801,11,2026-07-01,Rent,173865.39,Rent expense for July 2026
2802,11,2026-07-01,Electricity,102207.5,Electricity expense for July 2026
2803,11,2026-07-01,Salaries,783204.8,Salaries expense for July 2026
2804,11,2026-07-01,Maintenance,37716.18,Maintenance expense for July 2026
2805,11,2026-07-01,Delivery,28398.17,Delivery expense for July 2026
2806,11,2026-07-01,Cleaning,14417.28,Cleaning expense for July 2026
2807,11,2026-07-01,Repairs,6497.61,Repairs expense for July 2026
2808,11,2026-07-01,Miscellaneous,9428.67,Miscellaneous expense for July 2026
2809,11,2026-08-01,Rent,258907.11,Rent expense for August 2026
2810,11,2026-08-01,Electricity,82326.42,Electricity expense for August 2026
2811,11,2026-08-01,Salaries,781159.15,Salaries expense for August 2026
2812,11,2026-08-01,Maintenance,17100.43,Maintenance expense for August 2026
2813,11,2026-08-01,Delivery,69341.23,Delivery expense for August 2026
2814,11,2026-08-01,Cleaning,15132.11,Cleaning expense for August 2026
2815,11,2026-08-01,Repairs,23561.3,Repairs expense for August 2026
2816,11,2026-08-01,Miscellaneous,20308.67,Miscellaneous expense for August 2026
2817,12,2024-01-01,Rent,203459.97,Rent expense for January 2024
2818,12,2024-01-01,Electricity,45238.5,Electricity expense for January 2024
2819,12,2024-01-01,Salaries,418191.95,Salaries expense for January 2024
2820,12,2024-01-01,Maintenance,23175.48,Maintenance expense for January 2024
2821,12,2024-01-01,Delivery,34899.62,Delivery expense for January 2024
2822,12,2024-01-01,Cleaning,11821.58,Cleaning expense for January 2024
2823,12,2024-01-01,Repairs,5941.6,Repairs expense for January 2024
2824,12,2024-01-01,Miscellaneous,14971.88,Miscellaneous expense for January 2024
2825,12,2024-02-01,Rent,195363.41,Rent expense for February 2024
2826,12,2024-02-01,Electricity,34634.75,Electricity expense for February 2024
2827,12,2024-02-01,Salaries,373890.54,Salaries expense for February 2024
2828,12,2024-02-01,Maintenance,16878.52,Maintenance expense for February 2024
2829,12,2024-02-01,Delivery,30895.19,Delivery expense for February 2024
2830,12,2024-02-01,Cleaning,7908.75,Cleaning expense for February 2024
2831,12,2024-02-01,Repairs,4298.6,Repairs expense for February 2024
2832,12,2024-02-01,Miscellaneous,10073.76,Miscellaneous expense for February 2024
2833,12,2024-03-01,Rent,107268.1,Rent expense for March 2024
2834,12,2024-03-01,Electricity,30370.91,Electricity expense for March 2024
2835,12,2024-03-01,Salaries,360390.61,Salaries expense for March 2024
2836,12,2024-03-01,Maintenance,17871.36,Maintenance expense for March 2024
2837,12,2024-03-01,Delivery,32595.5,Delivery expense for March 2024
2838,12,2024-03-01,Cleaning,5986.4,Cleaning expense for March 2024
2839,12,2024-03-01,Repairs,21300.5,Repairs expense for March 2024
2840,12,2024-03-01,Miscellaneous,6532.15,Miscellaneous expense for March 2024
2841,12,2024-04-01,Rent,171388.81,Rent expense for April 2024
2842,12,2024-04-01,Electricity,22187.52,Electricity expense for April 2024
2843,12,2024-04-01,Salaries,523155.99,Salaries expense for April 2024
2844,12,2024-04-01,Maintenance,8906.8,Maintenance expense for April 2024
2845,12,2024-04-01,Delivery,19998.37,Delivery expense for April 2024
2846,12,2024-04-01,Cleaning,7572.02,Cleaning expense for April 2024
2847,12,2024-04-01,Repairs,19975.71,Repairs expense for April 2024
2848,12,2024-04-01,Miscellaneous,17089.33,Miscellaneous expense for April 2024
2849,12,2024-05-01,Rent,123862.33,Rent expense for May 2024
2850,12,2024-05-01,Electricity,26845.58,Electricity expense for May 2024
2851,12,2024-05-01,Salaries,365227.11,Salaries expense for May 2024
2852,12,2024-05-01,Maintenance,7007.21,Maintenance expense for May 2024
2853,12,2024-05-01,Delivery,43027.4,Delivery expense for May 2024
2854,12,2024-05-01,Cleaning,12695.88,Cleaning expense for May 2024
2855,12,2024-05-01,Repairs,31715.66,Repairs expense for May 2024
2856,12,2024-05-01,Miscellaneous,2619.7,Miscellaneous expense for May 2024
2857,12,2024-06-01,Rent,138514.46,Rent expense for June 2024
2858,12,2024-06-01,Electricity,45490.06,Electricity expense for June 2024
2859,12,2024-06-01,Salaries,496773.4,Salaries expense for June 2024
2860,12,2024-06-01,Maintenance,20033.43,Maintenance expense for June 2024
2861,12,2024-06-01,Delivery,32886.66,Delivery expense for June 2024
2862,12,2024-06-01,Cleaning,12130.36,Cleaning expense for June 2024
2863,12,2024-06-01,Repairs,16071.58,Repairs expense for June 2024
2864,12,2024-06-01,Miscellaneous,7267.7,Miscellaneous expense for June 2024
2865,12,2024-07-01,Rent,176559.11,Rent expense for July 2024
2866,12,2024-07-01,Electricity,53382.87,Electricity expense for July 2024
2867,12,2024-07-01,Salaries,505188.39,Salaries expense for July 2024
2868,12,2024-07-01,Maintenance,24057.49,Maintenance expense for July 2024
2869,12,2024-07-01,Delivery,27187.77,Delivery expense for July 2024
2870,12,2024-07-01,Cleaning,6882.42,Cleaning expense for July 2024
2871,12,2024-07-01,Repairs,2842.79,Repairs expense for July 2024
2872,12,2024-07-01,Miscellaneous,4532.92,Miscellaneous expense for July 2024
2873,12,2024-08-01,Rent,190294.89,Rent expense for August 2024
2874,12,2024-08-01,Electricity,24844.11,Electricity expense for August 2024
2875,12,2024-08-01,Salaries,470403.82,Salaries expense for August 2024
2876,12,2024-08-01,Maintenance,8051.37,Maintenance expense for August 2024
2877,12,2024-08-01,Delivery,27447.98,Delivery expense for August 2024
2878,12,2024-08-01,Cleaning,10409.67,Cleaning expense for August 2024
2879,12,2024-08-01,Repairs,22623.43,Repairs expense for August 2024
2880,12,2024-08-01,Miscellaneous,7917.33,Miscellaneous expense for August 2024
2881,12,2024-09-01,Rent,162850.49,Rent expense for September 2024
2882,12,2024-09-01,Electricity,33813.5,Electricity expense for September 2024
2883,12,2024-09-01,Salaries,507166.51,Salaries expense for September 2024
2884,12,2024-09-01,Maintenance,16341.42,Maintenance expense for September 2024
2885,12,2024-09-01,Delivery,50715.04,Delivery expense for September 2024
2886,12,2024-09-01,Cleaning,5119.51,Cleaning expense for September 2024
2887,12,2024-09-01,Repairs,12197.9,Repairs expense for September 2024
2888,12,2024-09-01,Miscellaneous,3920.71,Miscellaneous expense for September 2024
2889,12,2024-10-01,Rent,158280.94,Rent expense for October 2024
2890,12,2024-10-01,Electricity,29211.78,Electricity expense for October 2024
2891,12,2024-10-01,Salaries,512300.75,Salaries expense for October 2024
2892,12,2024-10-01,Maintenance,14077.19,Maintenance expense for October 2024
2893,12,2024-10-01,Delivery,39009.27,Delivery expense for October 2024
2894,12,2024-10-01,Cleaning,9080.53,Cleaning expense for October 2024
2895,12,2024-10-01,Repairs,7779.82,Repairs expense for October 2024
2896,12,2024-10-01,Miscellaneous,5952.47,Miscellaneous expense for October 2024
2897,12,2024-11-01,Rent,76925.54,Rent expense for November 2024
2898,12,2024-11-01,Electricity,23104.85,Electricity expense for November 2024
2899,12,2024-11-01,Salaries,574445.16,Salaries expense for November 2024
2900,12,2024-11-01,Maintenance,17831.89,Maintenance expense for November 2024
2901,12,2024-11-01,Delivery,33389.73,Delivery expense for November 2024
2902,12,2024-11-01,Cleaning,4668.0,Cleaning expense for November 2024
2903,12,2024-11-01,Repairs,18662.02,Repairs expense for November 2024
2904,12,2024-11-01,Miscellaneous,16645.75,Miscellaneous expense for November 2024
2905,12,2024-12-01,Rent,176716.58,Rent expense for December 2024
2906,12,2024-12-01,Electricity,46416.29,Electricity expense for December 2024
2907,12,2024-12-01,Salaries,327061.36,Salaries expense for December 2024
2908,12,2024-12-01,Maintenance,13555.32,Maintenance expense for December 2024
2909,12,2024-12-01,Delivery,37438.7,Delivery expense for December 2024
2910,12,2024-12-01,Cleaning,5681.88,Cleaning expense for December 2024
2911,12,2024-12-01,Repairs,30784.77,Repairs expense for December 2024
2912,12,2024-12-01,Miscellaneous,10095.4,Miscellaneous expense for December 2024
2913,12,2025-01-01,Rent,186657.14,Rent expense for January 2025
2914,12,2025-01-01,Electricity,56958.11,Electricity expense for January 2025
2915,12,2025-01-01,Salaries,312813.45,Salaries expense for January 2025
2916,12,2025-01-01,Maintenance,22225.65,Maintenance expense for January 2025
2917,12,2025-01-01,Delivery,34707.52,Delivery expense for January 2025
2918,12,2025-01-01,Cleaning,9310.45,Cleaning expense for January 2025
2919,12,2025-01-01,Repairs,20192.39,Repairs expense for January 2025
2920,12,2025-01-01,Miscellaneous,2620.53,Miscellaneous expense for January 2025
2921,12,2025-02-01,Rent,136708.26,Rent expense for February 2025
2922,12,2025-02-01,Electricity,53105.54,Electricity expense for February 2025
2923,12,2025-02-01,Salaries,553305.34,Salaries expense for February 2025
2924,12,2025-02-01,Maintenance,10523.87,Maintenance expense for February 2025
2925,12,2025-02-01,Delivery,38590.89,Delivery expense for February 2025
2926,12,2025-02-01,Cleaning,6478.38,Cleaning expense for February 2025
2927,12,2025-02-01,Repairs,10067.89,Repairs expense for February 2025
2928,12,2025-02-01,Miscellaneous,13329.94,Miscellaneous expense for February 2025
2929,12,2025-03-01,Rent,171120.92,Rent expense for March 2025
2930,12,2025-03-01,Electricity,44489.05,Electricity expense for March 2025
2931,12,2025-03-01,Salaries,500926.75,Salaries expense for March 2025
2932,12,2025-03-01,Maintenance,19978.94,Maintenance expense for March 2025
2933,12,2025-03-01,DELIVERY,37467.52,Delivery expense for March 2025
2934,12,2025-03-01,Cleaning,7021.0,Cleaning expense for March 2025
2935,12,2025-03-01,Repairs,28733.36,Repairs expense for March 2025
2936,12,2025-03-01,Miscellaneous,2818.87,Miscellaneous expense for March 2025
2937,12,2025-04-01,Rent,88602.02,Rent expense for April 2025
2938,12,2025-04-01,Electricity,44106.07,Electricity expense for April 2025
2939,12,2025-04-01,Salaries,441515.81,Salaries expense for April 2025
2940,12,2025-04-01,Maintenance,13996.16,Maintenance expense for April 2025
2941,12,2025-04-01,Delivery,39620.22,Delivery expense for April 2025
2942,12,2025-04-01,Cleaning,11993.13,Cleaning expense for April 2025
2943,12,2025-04-01,Repairs,11181.78,Repairs expense for April 2025
2944,12,2025-04-01,Miscellaneous,10476.8,Miscellaneous expense for April 2025
2945,12,2025-05-01,Rent,159371.57,Rent expense for May 2025
2946,12,2025-05-01,Electricity,54679.6,Electricity expense for May 2025
2947,12,2025-05-01,Salaries,365740.84,Salaries expense for May 2025
2948,12,2025-05-01,Maintenance,8529.46,Maintenance expense for May 2025
2949,12,2025-05-01,Delivery,21534.62,Delivery expense for May 2025
2950,12,2025-05-01,Cleaning,11223.64,Cleaning expense for May 2025
2951,12,2025-05-01,Repairs,28991.79,Repairs expense for May 2025
2952,12,2025-05-01,Miscellaneous,10284.86,Miscellaneous expense for May 2025
2953,12,2025-06-01,Rent,200565.68,Rent expense for June 2025
2954,12,2025-06-01,Electricity,56044.53,Electricity expense for June 2025
2955,12,2025-06-01,Salaries,419588.45,Salaries expense for June 2025
2956,12,2025-06-01,Maintenance,16891.29,Maintenance expense for June 2025
2957,12,2025-06-01,Delivery,50741.33,Delivery expense for June 2025
2958,12,2025-06-01,Cleaning,8107.19,Cleaning expense for June 2025
2959,12,2025-06-01,Repairs,2665.9,Repairs expense for June 2025
2960,12,2025-06-01,Miscellaneous,10873.68,Miscellaneous expense for June 2025
2961,12,2025-07-01,Rent,86057.37,Rent expense for July 2025
2962,12,2025-07-01,Electricity,43927.29,Electricity expense for July 2025
2963,12,2025-07-01,Salaries,456182.87,Salaries expense for July 2025
2964,12,2025-07-01,Maintenance,17593.75,Maintenance expense for July 2025
2965,12,2025-07-01,Delivery,29948.59,Delivery expense for July 2025
2966,12,2025-07-01,Cleaning,7780.78,Cleaning expense for July 2025
2967,12,2025-07-01,Repairs,13739.83,Repairs expense for July 2025
2968,12,2025-07-01,Miscellaneous,5130.55,Miscellaneous expense for July 2025
2969,12,2025-08-01,Rent,187986.35,Rent expense for August 2025
2970,12,2025-08-01,Electricity,39245.31,Electricity expense for August 2025
2971,12,2025-08-01,Salaries,306142.96,Salaries expense for August 2025
2972,12,2025-08-01,Maintenance,18166.61,Maintenance expense for August 2025
2973,12,2025-08-01,Delivery,12994.04,Delivery expense for August 2025
2974,12,2025-08-01,Cleaning,10308.48,Cleaning expense for August 2025
2975,12,2025-08-01,Repairs,14026.91,Repairs expense for August 2025
2976,12,2025-08-01,Miscellaneous,11766.3,Miscellaneous expense for August 2025
2977,12,2025-09-01,Rent,76898.26,Rent expense for September 2025
2978,12,2025-09-01,Electricity,49897.51,Electricity expense for September 2025
2979,12,2025-09-01,Salaries,541099.79,Salaries expense for September 2025
2980,12,2025-09-01,Maintenance,14387.67,Maintenance expense for September 2025
2981,12,2025-09-01,Delivery,40454.0,Delivery expense for September 2025
2982,12,2025-09-01,Cleaning,4963.13,Cleaning expense for September 2025
2983,12,2025-09-01,Repairs,31037.22,Repairs expense for September 2025
2984,12,2025-09-01,Miscellaneous,11218.34,Miscellaneous expense for September 2025
2985,12,2025-10-01,Rent,107498.83,Rent expense for October 2025
2986,12,2025-10-01,Electricity,35621.49,Electricity expense for October 2025
2987,12,2025-10-01,Salaries,533999.11,Salaries expense for October 2025
2988,12,2025-10-01,Maintenance,11855.08,Maintenance expense for October 2025
2989,12,2025-10-01,Delivery,21166.61,Delivery expense for October 2025
2990,12,2025-10-01,Cleaning,4463.66,Cleaning expense for October 2025
2991,12,2025-10-01,Repairs,17638.22,Repairs expense for October 2025
2992,12,2025-10-01,Miscellaneous,5777.95,Miscellaneous expense for October 2025
2993,12,2025-11-01,Rent,75564.13,Rent expense for November 2025
2994,12,2025-11-01,Electricity,48407.94,Electricity expense for November 2025
2995,12,2025-11-01,Salaries,538498.77,Salaries expense for November 2025
2996,12,2025-11-01,Maintenance,9152.9,Maintenance expense for November 2025
2997,12,2025-11-01,Delivery,34651.44,Delivery expense for November 2025
2998,12,2025-11-01,Cleaning,5491.15,Cleaning expense for November 2025
2999,12,2025-11-01,Repairs,29397.87,Repairs expense for November 2025
3000,12,2025-11-01,Miscellaneous,16754.55,Miscellaneous expense for November 2025
3001,12,2025-12-01,Rent,141196.39,Rent expense for December 2025
3002,12,2025-12-01,Electricity,41251.35,Electricity expense for December 2025
3003,12,2025-12-01,Salaries,405439.88,Salaries expense for December 2025
3004,12,2025-12-01,Maintenance,13576.33,Maintenance expense for December 2025
3005,12,2025-12-01,Delivery,45535.47,Delivery expense for December 2025
3006,12,2025-12-01,Cleaning,9829.17,Cleaning expense for December 2025
3007,12,2025-12-01,Repairs,32761.54,Repairs expense for December 2025
3008,12,2025-12-01,Miscellaneous,11122.05,Miscellaneous expense for December 2025
3009,12,2026-01-01,Rent,73957.65,Rent expense for January 2026
3010,12,2026-01-01,Electricity,26605.82,Electricity expense for January 2026
3011,12,2026-01-01,Salaries,561146.85,Salaries expense for January 2026
3012,12,2026-01-01,Maintenance,20044.03,Maintenance expense for January 2026
3013,12,2026-01-01,Delivery,32951.2,Delivery expense for January 2026
3014,12,2026-01-01,Cleaning,5717.86,Cleaning expense for January 2026
3015,12,2026-01-01,Repairs,14942.34,Repairs expense for January 2026
3016,12,2026-01-01,Miscellaneous,7632.27,Miscellaneous expense for January 2026
3017,12,2026-02-01,Rent,194582.35,Rent expense for February 2026
3018,12,2026-02-01,Electricity,27983.87,Electricity expense for February 2026
3019,12,2026-02-01,Salaries,333573.82,Salaries expense for February 2026
3020,12,2026-02-01,Maintenance,18159.85,Maintenance expense for February 2026
3021,12,2026-02-01,Delivery,21870.82,Delivery expense for February 2026
3022,12,2026-02-01,Cleaning,10368.73,Cleaning expense for February 2026
3023,12,2026-02-01,Repairs,33298.97,Repairs expense for February 2026
3024,12,2026-02-01,Miscellaneous,3655.6,Miscellaneous expense for February 2026
3025,12,2026-03-01,Rent,75745.62,Rent expense for March 2026
3026,12,2026-03-01,Electricity,37812.06,Electricity expense for March 2026
3027,12,2026-03-01,Salaries,438875.04,Salaries expense for March 2026
3028,12,2026-03-01,Maintenance,18676.97,Maintenance expense for March 2026
3029,12,2026-03-01,Delivery,21236.45,Delivery expense for March 2026
3030,12,2026-03-01,Cleaning,5614.91,Cleaning expense for March 2026
3031,12,2026-03-01,Repairs,5129.78,Repairs expense for March 2026
3032,12,2026-03-01,Miscellaneous,13958.52,Miscellaneous expense for March 2026
3033,12,2026-04-01,Rent,186527.27,Rent expense for April 2026
3034,12,2026-04-01,Electricity,48551.26,Electricity expense for April 2026
3035,12,2026-04-01,Salaries,580618.05,Salaries expense for April 2026
3036,12,2026-04-01,Maintenance,24854.11,Maintenance expense for April 2026
3037,12,2026-04-01,Delivery,37925.04,Delivery expense for April 2026
3038,12,2026-04-01,Cleaning,11454.2,Cleaning expense for April 2026
3039,12,2026-04-01,Repairs,18828.6,Repairs expense for April 2026
3040,12,2026-04-01,Miscellaneous,14365.24,Miscellaneous expense for April 2026
3041,12,2026-05-01,Rent,135292.28,Rent expense for May 2026
3042,12,2026-05-01,Electricity,33236.62,Electricity expense for May 2026
3043,12,2026-05-01,Salaries,361200.88,Salaries expense for May 2026
3044,12,2026-05-01,Maintenance,18054.1,Maintenance expense for May 2026
3045,12,2026-05-01,Delivery,46887.62,Delivery expense for May 2026
3046,12,2026-05-01,Cleaning,10320.53,Cleaning expense for May 2026
3047,12,2026-05-01,Repairs,20589.17,Repairs expense for May 2026
3048,12,2026-05-01,Miscellaneous,10147.26,Miscellaneous expense for May 2026
3049,12,2026-06-01,Rent,173946.66,Rent expense for June 2026
3050,12,2026-06-01,Electricity,-40493.3,Electricity expense for June 2026
3051,12,2026-06-01,Salaries,529575.51,Salaries expense for June 2026
3052,12,2026-06-01,Maintenance,23392.34,Maintenance expense for June 2026
3053,12,2026-06-01,Delivery,17579.98,Delivery expense for June 2026
3054,12,2026-06-01,Cleaning,11949.6,Cleaning expense for June 2026
3055,12,2026-06-01,repairs,27375.89,Repairs expense for June 2026
3056,12,2026-06-01,Miscellaneous,3034.02,Miscellaneous expense for June 2026
3057,12,2026-07-01,Rent,141880.01,Rent expense for July 2026
3058,12,2026-07-01,Electricity,34622.0,Electricity expense for July 2026
3059,12,2026-07-01,Salaries,489684.54,Salaries expense for July 2026
3060,12,2026-07-01,Maintenance,7674.91,Maintenance expense for July 2026
3061,12,2026-07-01,Delivery,30749.53,Delivery expense for July 2026
3062,12,2026-07-01,Cleaning,8538.68,Cleaning expense for July 2026
3063,12,2026-07-01,Repairs,5631.07,Repairs expense for July 2026
3064,12,2026-07-01,Miscellaneous,6179.53,Miscellaneous expense for July 2026
3065,12,2026-08-01,Rent,125760.79,Rent expense for August 2026
3066,12,2026-08-01,Electricity,54863.86,Electricity expense for August 2026
3067,12,2026-08-01,Salaries,492525.09,Salaries expense for August 2026
3068,12,2026-08-01,Maintenance,9653.01,Maintenance expense for August 2026
3069,12,2026-08-01,Delivery,39234.56,Delivery expense for August 2026
3070,12,2026-08-01,Cleaning,5270.44,Cleaning expense for August 2026
3071,12,2026-08-01,Repairs,25579.65,Repairs expense for August 2026
3072,12,2026-08-01,Miscellaneous,3797.26,Miscellaneous expense for August 2026
3073,13,2024-01-01,Rent,139871.51,Rent expense for January 2024
3074,13,2024-01-01,Electricity,30264.03,Electricity expense for January 2024
3075,13,2024-01-01,Salaries,477999.87,Salaries expense for January 2024
3076,13,2024-01-01,Maintenance,28785.65,Maintenance expense for January 2024
3077,13,2024-01-01,Delivery,36856.43,Delivery expense for January 2024
3078,13,2024-01-01,Cleaning,7435.24,Cleaning expense for January 2024
3079,13,2024-01-01,Repairs,18081.54,Repairs expense for January 2024
3080,13,2024-01-01,Miscellaneous,12111.29,Miscellaneous expense for January 2024
3081,13,2024-02-01,Rent,252100.26,Rent expense for February 2024
3082,13,2024-02-01,Electricity,49777.74,Electricity expense for February 2024
3083,13,2024-02-01,Salaries,578901.65,Salaries expense for February 2024
3084,13,2024-02-01,Maintenance,19725.21,Maintenance expense for February 2024
3085,13,2024-02-01,Delivery,37067.16,Delivery expense for February 2024
3086,13,2024-02-01,Cleaning,13901.9,Cleaning expense for February 2024
3087,13,2024-02-01,Repairs,14687.68,Repairs expense for February 2024
3088,13,2024-02-01,Miscellaneous,4005.03,Miscellaneous expense for February 2024
3089,13,2024-03-01,Rent,264571.97,Rent expense for March 2024
3090,13,2024-03-01,Electricity,47574.78,Electricity expense for March 2024
3091,13,2024-03-01,salaries,787875.54,Salaries expense for March 2024
3092,13,2024-03-01,Maintenance,21606.79,Maintenance expense for March 2024
3093,13,2024-03-01,Delivery,62276.16,Delivery expense for March 2024
3094,13,2024-03-01,Cleaning,14087.52,Cleaning expense for March 2024
3095,13,2024-03-01,Repairs,19103.03,Repairs expense for March 2024
3096,13,2024-03-01,Miscellaneous,11988.55,Miscellaneous expense for March 2024
3097,13,2024-04-01,Rent,248007.91,Rent expense for April 2024
3098,13,2024-04-01,Electricity,73257.06,Electricity expense for April 2024
3099,13,2024-04-01,Salaries,498931.36,Salaries expense for April 2024
3100,13,2024-04-01,Maintenance,9178.86,Maintenance expense for April 2024
3101,13,2024-04-01,Delivery,41552.93,Delivery expense for April 2024
3102,13,2024-04-01,Cleaning,7320.11,Cleaning expense for April 2024
3103,13,2024-04-01,Repairs,30444.8,Repairs expense for April 2024
3104,13,2024-04-01,Miscellaneous,15526.83,Miscellaneous expense for April 2024
3105,13,2024-05-01,Rent,243946.38,Rent expense for May 2024
3106,13,2024-05-01,Electricity,66047.05,Electricity expense for May 2024
3107,13,2024-05-01,Salaries,548543.83,Salaries expense for May 2024
3108,13,2024-05-01,Maintenance,27768.55,Maintenance expense for May 2024
3109,13,2024-05-01,Delivery,54756.61,Delivery expense for May 2024
3110,13,2024-05-01,Cleaning,11668.25,Cleaning expense for May 2024
3111,13,2024-05-01,Repairs,21149.99,Repairs expense for May 2024
3112,13,2024-05-01,Miscellaneous,13917.29,Miscellaneous expense for May 2024
3113,13,2024-06-01,Rent,257349.8,Rent expense for June 2024
3114,13,2024-06-01,Electricity,67509.14,Electricity expense for June 2024
3115,13,2024-06-01,Salaries,415761.32,Salaries expense for June 2024
3116,13,2024-06-01,Maintenance,32572.38,Maintenance expense for June 2024
3117,13,2024-06-01,Delivery,60667.98,Delivery expense for June 2024
3118,13,2024-06-01,Cleaning,15754.97,Cleaning expense for June 2024
3119,13,2024-06-01,Repairs,22650.84,Repairs expense for June 2024
3120,13,2024-06-01,Miscellaneous,15927.99,Miscellaneous expense for June 2024
3121,13,2024-07-01,Rent,194130.22,Rent expense for July 2024
3122,13,2024-07-01,Electricity,56105.05,Electricity expense for July 2024
3123,13,2024-07-01,Salaries,401780.15,Salaries expense for July 2024
3124,13,2024-07-01,Maintenance,18396.12,Maintenance expense for July 2024
3125,13,2024-07-01,Delivery,36866.12,Delivery expense for July 2024
3126,13,2024-07-01,Cleaning,7772.72,Cleaning expense for July 2024
3127,13,2024-07-01,Repairs,22450.32,Repairs expense for July 2024
3128,13,2024-07-01,Miscellaneous,12667.22,Miscellaneous expense for July 2024
3129,13,2024-08-01,Rent,236275.11,Rent expense for August 2024
3130,13,2024-08-01,Electricity,79359.75,Electricity expense for August 2024
3131,13,2024-08-01,Salaries,748173.78,Salaries expense for August 2024
3132,13,2024-08-01,Maintenance,33722.43,Maintenance expense for August 2024
3133,13,2024-08-01,Delivery,25391.0,Delivery expense for August 2024
3134,13,2024-08-01,Cleaning,9519.62,Cleaning expense for August 2024
3135,13,2024-08-01,Repairs,12451.83,Repairs expense for August 2024
3136,13,2024-08-01,Miscellaneous,6028.78,Miscellaneous expense for August 2024
3137,13,2024-09-01,Rent,247713.38,Rent expense for September 2024
3138,13,2024-09-01,Electricity,33274.65,Electricity expense for September 2024
3139,13,2024-09-01,Salaries,708443.02,Salaries expense for September 2024
3140,13,2024-09-01,Maintenance,24489.94,Maintenance expense for September 2024
3141,13,2024-09-01,Delivery,58054.2,Delivery expense for September 2024
3142,13,2024-09-01,cleaning,7229.8,Cleaning expense for September 2024
3143,13,2024-09-01,Repairs,38835.96,Repairs expense for September 2024
3144,13,2024-09-01,Miscellaneous,22637.28,Miscellaneous expense for September 2024
3145,13,2024-10-01,Rent,211225.78,Rent expense for October 2024
3146,13,2024-10-01,Electricity,56365.76,Electricity expense for October 2024
3147,13,2024-10-01,Salaries,564085.76,Salaries expense for October 2024
3148,13,2024-10-01,Maintenance,13675.81,Maintenance expense for October 2024
3149,13,2024-10-01,Delivery,19684.33,Delivery expense for October 2024
3150,13,2024-10-01,Cleaning,13793.27,Cleaning expense for October 2024
3151,13,2024-10-01,Repairs,21274.43,Repairs expense for October 2024
3152,13,2024-10-01,Miscellaneous,18277.2,Miscellaneous expense for October 2024
3153,13,2024-11-01,Rent,275582.57,Rent expense for November 2024
3154,13,2024-11-01,Electricity,33073.02,Electricity expense for November 2024
3155,13,2024-11-01,Salaries,520645.24,Salaries expense for November 2024
3156,13,2024-11-01,Maintenance,25052.23,Maintenance expense for November 2024
3157,13,2024-11-01,Delivery,37725.04,Delivery expense for November 2024
3158,13,2024-11-01,Cleaning,9869.64,Cleaning expense for November 2024
3159,13,2024-11-01,Repairs,4077.13,Repairs expense for November 2024
3160,13,2024-11-01,Miscellaneous,8871.85,Miscellaneous expense for November 2024
3161,13,2024-12-01,Rent,167623.06,Rent expense for December 2024
3162,13,2024-12-01,Electricity,29304.28,Electricity expense for December 2024
3163,13,2024-12-01,Salaries,664233.53,Salaries expense for December 2024
3164,13,2024-12-01,Maintenance,17721.8,Maintenance expense for December 2024
3165,13,2024-12-01,Delivery,42021.23,Delivery expense for December 2024
3166,13,2024-12-01,Cleaning,7272.53,Cleaning expense for December 2024
3167,13,2024-12-01,Repairs,21029.34,Repairs expense for December 2024
3168,13,2024-12-01,Miscellaneous,18138.85,Miscellaneous expense for December 2024
3169,13,2025-01-01,Rent,103190.89,Rent expense for January 2025
3170,13,2025-01-01,Electricity,72476.43,Electricity expense for January 2025
3171,13,2025-01-01,Salaries,587819.67,Salaries expense for January 2025
3172,13,2025-01-01,Maintenance,23367.52,Maintenance expense for January 2025
3173,13,2025-01-01,Delivery,62224.08,Delivery expense for January 2025
3174,13,2025-01-01,Cleaning,6275.24,Cleaning expense for January 2025
3175,13,2025-01-01,Repairs,33853.43,Repairs expense for January 2025
3176,13,2025-01-01,Miscellaneous,10832.44,Miscellaneous expense for January 2025
3177,13,2025-02-01,Rent,199591.83,Rent expense for February 2025
3178,13,2025-02-01,Electricity,38599.87,Electricity expense for February 2025
3179,13,2025-02-01,Salaries,480942.55,Salaries expense for February 2025
3180,13,2025-02-01,Maintenance,27928.88,Maintenance expense for February 2025
3181,13,2025-02-01,Delivery,59916.75,Delivery expense for February 2025
3182,13,2025-02-01,Cleaning,5785.06,Cleaning expense for February 2025
3183,13,2025-02-01,Repairs,40001.99,Repairs expense for February 2025
3184,13,2025-02-01,Miscellaneous,6615.92,Miscellaneous expense for February 2025
3185,13,2025-03-01,Rent,126637.15,Rent expense for March 2025
3186,13,2025-03-01,Electricity,31663.43,Electricity expense for March 2025
3187,13,2025-03-01,Salaries,574489.68,Salaries expense for March 2025
3188,13,2025-03-01,Maintenance,9434.09,Maintenance expense for March 2025
3189,13,2025-03-01,Delivery,22865.55,Delivery expense for March 2025
3190,13,2025-03-01,Cleaning,11078.38,Cleaning expense for March 2025
3191,13,2025-03-01,Repairs,44098.61,Repairs expense for March 2025
3192,13,2025-03-01,Miscellaneous,14042.74,Miscellaneous expense for March 2025
3193,13,2025-04-01,Rent,255816.22,Rent expense for April 2025
3194,13,2025-04-01,Electricity,62003.93,Electricity expense for April 2025
3195,13,2025-04-01,Salaries,628476.02,Salaries expense for April 2025
3196,13,2025-04-01,Maintenance,11231.39,Maintenance expense for April 2025
3197,13,2025-04-01,Delivery,62925.94,Delivery expense for April 2025
3198,13,2025-04-01,Cleaning,9758.81,Cleaning expense for April 2025
3199,13,2025-04-01,Repairs,27810.64,Repairs expense for April 2025
3200,13,2025-04-01,Miscellaneous,16453.79,Miscellaneous expense for April 2025
3201,13,2025-05-01,Rent,123908.09,Rent expense for May 2025
3202,13,2025-05-01,Electricity,56617.08,Electricity expense for May 2025
3203,13,2025-05-01,Salaries,541246.21,Salaries expense for May 2025
3204,13,2025-05-01,Maintenance,11682.05,Maintenance expense for May 2025
3205,13,2025-05-01,Delivery,50322.98,Delivery expense for May 2025
3206,13,2025-05-01,Cleaning,13847.69,Cleaning expense for May 2025
3207,13,2025-05-01,Repairs,3753.21,Repairs expense for May 2025
3208,13,2025-05-01,Miscellaneous,2591.86,Miscellaneous expense for May 2025
3209,13,2025-06-01,Rent,216160.75,Rent expense for June 2025
3210,13,2025-06-01,Electricity,61758.69,Electricity expense for June 2025
3211,13,2025-06-01,Salaries,431878.74,Salaries expense for June 2025
3212,13,2025-06-01,Maintenance,13972.76,Maintenance expense for June 2025
3213,13,2025-06-01,Delivery,20750.56,Delivery expense for June 2025
3214,13,2025-06-01,Cleaning,12958.14,Cleaning expense for June 2025
3215,13,2025-06-01,Repairs,24618.04,Repairs expense for June 2025
3216,13,2025-06-01,Miscellaneous,14646.14,Miscellaneous expense for June 2025
3217,13,2025-07-01,Rent,202780.32,Rent expense for July 2025
3218,13,2025-07-01,Electricity,53363.22,Electricity expense for July 2025
3219,13,2025-07-01,Salaries,795014.07,Salaries expense for July 2025
3220,13,2025-07-01,Maintenance,12137.41,Maintenance expense for July 2025
3221,13,2025-07-01,Delivery,45030.68,Delivery expense for July 2025
3222,13,2025-07-01,Cleaning,7178.99,Cleaning expense for July 2025
3223,13,2025-07-01,Repairs,7385.44,Repairs expense for July 2025
3224,13,2025-07-01,Miscellaneous,15245.46,Miscellaneous expense for July 2025
3225,13,2025-08-01,Rent,107539.33,Rent expense for August 2025
3226,13,2025-08-01,Electricity,36322.92,Electricity expense for August 2025
3227,13,2025-08-01,Salaries,699761.84,Salaries expense for August 2025
3228,13,2025-08-01,Maintenance,31610.32,Maintenance expense for August 2025
3229,13,2025-08-01,Delivery,42633.63,Delivery expense for August 2025
3230,13,2025-08-01,Cleaning,6934.98,Cleaning expense for August 2025
3231,13,2025-08-01,Repairs,30271.97,Repairs expense for August 2025
3232,13,2025-08-01,Miscellaneous,17349.78,Miscellaneous expense for August 2025
3233,13,2025-09-01,Rent,260207.37,Rent expense for September 2025
3234,13,2025-09-01,Electricity,33390.7,Electricity expense for September 2025
3235,13,2025-09-01,Salaries,411633.63,Salaries expense for September 2025
3236,13,2025-09-01,Maintenance,19707.92,Maintenance expense for September 2025
3237,13,2025-09-01,Delivery,40631.64,Delivery expense for September 2025
3238,13,2025-09-01,Cleaning,11396.66,Cleaning expense for September 2025
3239,13,2025-09-01,Repairs,11644.31,Repairs expense for September 2025
3240,13,2025-09-01,Miscellaneous,19054.21,Miscellaneous expense for September 2025
3241,13,2025-10-01,Rent,209208.45,Rent expense for October 2025
3242,13,2025-10-01,Electricity,57214.17,Electricity expense for October 2025
3243,13,2025-10-01,Salaries,455259.08,Salaries expense for October 2025
3244,13,2025-10-01,Maintenance,20089.89,Maintenance expense for October 2025
3245,13,2025-10-01,Delivery,52354.11,Delivery expense for October 2025
3246,13,2025-10-01,Cleaning,13916.82,Cleaning expense for October 2025
3247,13,2025-10-01,Repairs,29992.35,Repairs expense for October 2025
3248,13,2025-10-01,Miscellaneous,14505.09,Miscellaneous expense for October 2025
3249,13,2025-11-01,Rent,115746.3,Rent expense for November 2025
3250,13,2025-11-01,Electricity,60448.88,Electricity expense for November 2025
3251,13,2025-11-01,Salaries,-750716.5,Salaries expense for November 2025
3252,13,2025-11-01,Maintenance,28760.89,Maintenance expense for November 2025
3253,13,2025-11-01,Delivery,64553.34,Delivery expense for November 2025
3254,13,2025-11-01,Cleaning,11983.13,Cleaning expense for November 2025
3255,13,2025-11-01,Repairs,30073.37,Repairs expense for November 2025
3256,13,2025-11-01,Miscellaneous,20550.0,Miscellaneous expense for November 2025
3257,13,2025-12-01,Rent,110172.3,Rent expense for December 2025
3258,13,2025-12-01,Electricity,46821.83,Electricity expense for December 2025
3259,13,2025-12-01,Salaries,575969.3,Salaries expense for December 2025
3260,13,2025-12-01,Maintenance,9702.38,Maintenance expense for December 2025
3261,13,2025-12-01,Delivery,55313.2,Delivery expense for December 2025
3262,13,2025-12-01,Cleaning,14741.85,Cleaning expense for December 2025
3263,13,2025-12-01,Repairs,27215.3,Repairs expense for December 2025
3264,13,2025-12-01,Miscellaneous,10212.83,Miscellaneous expense for December 2025
3265,13,2026-01-01,Rent,184321.55,Rent expense for January 2026
3266,13,2026-01-01,Electricity,40098.39,Electricity expense for January 2026
3267,13,2026-01-01,Salaries,615336.34,Salaries expense for January 2026
3268,13,2026-01-01,Maintenance,11536.07,Maintenance expense for January 2026
3269,13,2026-01-01,Delivery,47826.37,Delivery expense for January 2026
3270,13,2026-01-01,Cleaning,12810.46,Cleaning expense for January 2026
3271,13,2026-01-01,Repairs,10557.77,Repairs expense for January 2026
3272,13,2026-01-01,Miscellaneous,15361.6,Miscellaneous expense for January 2026
3273,13,2026-02-01,RENT,240924.8,Rent expense for February 2026
3274,13,2026-02-01,Electricity,64424.78,Electricity expense for February 2026
3275,13,2026-02-01,Salaries,737201.36,Salaries expense for February 2026
3276,13,2026-02-01,Maintenance,25627.91,Maintenance expense for February 2026
3277,13,2026-02-01,Delivery,46830.39,Delivery expense for February 2026
3278,13,2026-02-01,Cleaning,15355.39,Cleaning expense for February 2026
3279,13,2026-02-01,Repairs,20159.2,Repairs expense for February 2026
3280,13,2026-02-01,Miscellaneous,7834.05,Miscellaneous expense for February 2026
3281,13,2026-03-01,Rent,123605.6,Rent expense for March 2026
3282,13,2026-03-01,Electricity,53213.35,Electricity expense for March 2026
3283,13,2026-03-01,Salaries,781898.66,Salaries expense for March 2026
3284,13,2026-03-01,Maintenance,18543.95,Maintenance expense for March 2026
3285,13,2026-03-01,Delivery,29958.69,Delivery expense for March 2026
3286,13,2026-03-01,Cleaning,17014.19,Cleaning expense for March 2026
3287,13,2026-03-01,Repairs,25350.14,Repairs expense for March 2026
3288,13,2026-03-01,Miscellaneous,4445.42,Miscellaneous expense for March 2026
3289,13,2026-04-01,Rent,109077.97,Rent expense for April 2026
3290,13,2026-04-01,Electricity,42053.79,Electricity expense for April 2026
3291,13,2026-04-01,Salaries,749574.37,Salaries expense for April 2026
3292,13,2026-04-01,Maintenance,31240.37,Maintenance expense for April 2026
3293,13,2026-04-01,Delivery,65285.92,Delivery expense for April 2026
3294,13,2026-04-01,Cleaning,12115.41,Cleaning expense for April 2026
3295,13,2026-04-01,Repairs,36540.61,Repairs expense for April 2026
3296,13,2026-04-01,Miscellaneous,16829.82,Miscellaneous expense for April 2026
3297,13,2026-05-01,Rent,283707.41,Rent expense for May 2026
3298,13,2026-05-01,Electricity,70620.44,Electricity expense for May 2026
3299,13,2026-05-01,Salaries,791013.29,Salaries expense for May 2026
3300,13,2026-05-01,Maintenance,29103.22,Maintenance expense for May 2026
3301,13,2026-05-01,Delivery,59206.47,Delivery expense for May 2026
3302,13,2026-05-01,Cleaning,7395.68,Cleaning expense for May 2026
3303,13,2026-05-01,Repairs,44277.99,Repairs expense for May 2026
3304,13,2026-05-01,Miscellaneous,22112.63,Miscellaneous expense for May 2026
3305,13,2026-06-01,Rent,157887.8,Rent expense for June 2026
3306,13,2026-06-01,Electricity,45958.11,Electricity expense for June 2026
3307,13,2026-06-01,Salaries,470984.87,Salaries expense for June 2026
3308,13,2026-06-01,Maintenance,25324.69,Maintenance expense for June 2026
3309,13,2026-06-01,Delivery,18511.96,Delivery expense for June 2026
3310,13,2026-06-01,Cleaning,6918.46,Cleaning expense for June 2026
3311,13,2026-06-01,Repairs,9411.36,Repairs expense for June 2026
3312,13,2026-06-01,Miscellaneous,4322.38,Miscellaneous expense for June 2026
3313,13,2026-07-01,Rent,264887.11,Rent expense for July 2026
3314,13,2026-07-01,Electricity,43166.06,Electricity expense for July 2026
3315,13,2026-07-01,Salaries,427922.76,Salaries expense for July 2026
3316,13,2026-07-01,Maintenance,15965.3,Maintenance expense for July 2026
3317,13,2026-07-01,Delivery,52305.55,Delivery expense for July 2026
3318,13,2026-07-01,Cleaning,7610.5,Cleaning expense for July 2026
3319,13,2026-07-01,Repairs,35569.85,Repairs expense for July 2026
3320,13,2026-07-01,Miscellaneous,5395.95,Miscellaneous expense for July 2026
3321,13,2026-08-01,Rent,242076.59,Rent expense for August 2026
3322,13,2026-08-01,Electricity,61009.04,Electricity expense for August 2026
3323,13,2026-08-01,SALARIES,645471.18,Salaries expense for August 2026
3324,13,2026-08-01,Maintenance,31860.32,Maintenance expense for August 2026
3325,13,2026-08-01,Delivery,46099.44,Delivery expense for August 2026
3326,13,2026-08-01,Cleaning,11548.94,Cleaning expense for August 2026
3327,13,2026-08-01,Repairs,3821.49,Repairs expense for August 2026
3328,13,2026-08-01,Miscellaneous,3555.57,Miscellaneous expense for August 2026
3329,14,2024-01-01,Rent,196344.53,Rent expense for January 2024
3330,14,2024-01-01,Electricity,28468.25,Electricity expense for January 2024
3331,14,2024-01-01,salaries,549413.86,Salaries expense for January 2024
3332,14,2024-01-01,Maintenance,23220.36,Maintenance expense for January 2024
3333,14,2024-01-01,Delivery,37020.84,Delivery expense for January 2024
3334,14,2024-01-01,Cleaning,5706.67,Cleaning expense for January 2024
3335,14,2024-01-01,Repairs,24867.63,Repairs expense for January 2024
3336,14,2024-01-01,Miscellaneous,16163.68,Miscellaneous expense for January 2024
3337,14,2024-02-01,Rent,197733.47,Rent expense for February 2024
3338,14,2024-02-01,Electricity,24478.76,Electricity expense for February 2024
3339,14,2024-02-01,Salaries,543713.11,Salaries expense for February 2024
3340,14,2024-02-01,Maintenance,23503.91,Maintenance expense for February 2024
3341,14,2024-02-01,Delivery,16288.13,Delivery expense for February 2024
3342,14,2024-02-01,Cleaning,12031.95,Cleaning expense for February 2024
3343,14,2024-02-01,Repairs,16368.49,Repairs expense for February 2024
3344,14,2024-02-01,Miscellaneous,6295.54,Miscellaneous expense for February 2024
3345,14,2024-03-01,Rent,102273.81,Rent expense for March 2024
3346,14,2024-03-01,Electricity,51126.66,Electricity expense for March 2024
3347,14,2024-03-01,Salaries,374884.85,Salaries expense for March 2024
3348,14,2024-03-01,Maintenance,11562.73,Maintenance expense for March 2024
3349,14,2024-03-01,Delivery,33648.18,Delivery expense for March 2024
3350,14,2024-03-01,Cleaning,13359.05,Cleaning expense for March 2024
3351,14,2024-03-01,Repairs,5108.91,Repairs expense for March 2024
3352,14,2024-03-01,Miscellaneous,12796.93,Miscellaneous expense for March 2024
3353,14,2024-04-01,Rent,86935.11,Rent expense for April 2024
3354,14,2024-04-01,Electricity,44966.01,Electricity expense for April 2024
3355,14,2024-04-01,Salaries,589268.07,Salaries expense for April 2024
3356,14,2024-04-01,Maintenance,23885.25,Maintenance expense for April 2024
3357,14,2024-04-01,Delivery,38794.74,Delivery expense for April 2024
3358,14,2024-04-01,Cleaning,5134.49,Cleaning expense for April 2024
3359,14,2024-04-01,Repairs,16229.97,Repairs expense for April 2024
3360,14,2024-04-01,Miscellaneous,9758.75,Miscellaneous expense for April 2024
3361,14,2024-05-01,RENT,90237.98,Rent expense for May 2024
3362,14,2024-05-01,Electricity,50252.4,Electricity expense for May 2024
3363,14,2024-05-01,Salaries,315253.62,Salaries expense for May 2024
3364,14,2024-05-01,Maintenance,13783.09,Maintenance expense for May 2024
3365,14,2024-05-01,Delivery,34452.27,Delivery expense for May 2024
3366,14,2024-05-01,Cleaning,11092.31,Cleaning expense for May 2024
3367,14,2024-05-01,Repairs,23212.08,Repairs expense for May 2024
3368,14,2024-05-01,Miscellaneous,12621.52,Miscellaneous expense for May 2024
3369,14,2024-06-01,Rent,110325.75,Rent expense for June 2024
3370,14,2024-06-01,Electricity,59220.93,Electricity expense for June 2024
3371,14,2024-06-01,Salaries,423391.67,Salaries expense for June 2024
3372,14,2024-06-01,Maintenance,25443.74,Maintenance expense for June 2024
3373,14,2024-06-01,Delivery,17567.91,Delivery expense for June 2024
3374,14,2024-06-01,Cleaning,7400.31,Cleaning expense for June 2024
3375,14,2024-06-01,Repairs,19334.51,Repairs expense for June 2024
3376,14,2024-06-01,Miscellaneous,15434.98,Miscellaneous expense for June 2024
3377,14,2024-07-01,Rent,80845.21,Rent expense for July 2024
3378,14,2024-07-01,Electricity,62358.88,Electricity expense for July 2024
3379,14,2024-07-01,Salaries,418387.54,Salaries expense for July 2024
3380,14,2024-07-01,Maintenance,9278.58,Maintenance expense for July 2024
3381,14,2024-07-01,Delivery,23655.34,Delivery expense for July 2024
3382,14,2024-07-01,Cleaning,10796.18,Cleaning expense for July 2024
3383,14,2024-07-01,Repairs,4104.58,Repairs expense for July 2024
3384,14,2024-07-01,Miscellaneous,-12618.76,Miscellaneous expense for July 2024
3385,14,2024-08-01,Rent,118119.86,Rent expense for August 2024
3386,14,2024-08-01,Electricity,52862.5,Electricity expense for August 2024
3387,14,2024-08-01,Salaries,540230.99,Salaries expense for August 2024
3388,14,2024-08-01,MAINTENANCE,15471.91,Maintenance expense for August 2024
3389,14,2024-08-01,Delivery,48337.65,Delivery expense for August 2024
3390,14,2024-08-01,Cleaning,6293.54,Cleaning expense for August 2024
3391,14,2024-08-01,Repairs,26074.34,Repairs expense for August 2024
3392,14,2024-08-01,Miscellaneous,11613.93,Miscellaneous expense for August 2024
3393,14,2024-09-01,Rent,110810.6,Rent expense for September 2024
3394,14,2024-09-01,Electricity,48512.27,Electricity expense for September 2024
3395,14,2024-09-01,Salaries,577126.35,Salaries expense for September 2024
3396,14,2024-09-01,Maintenance,20805.53,Maintenance expense for September 2024
3397,14,2024-09-01,Delivery,41706.76,Delivery expense for September 2024
3398,14,2024-09-01,Cleaning,11303.66,Cleaning expense for September 2024
3399,14,2024-09-01,Repairs,-27634.28,Repairs expense for September 2024
3400,14,2024-09-01,Miscellaneous,2352.39,Miscellaneous expense for September 2024
3401,14,2024-10-01,Rent,106545.08,Rent expense for October 2024
3402,14,2024-10-01,Electricity,59419.25,Electricity expense for October 2024
3403,14,2024-10-01,Salaries,394591.88,Salaries expense for October 2024
3404,14,2024-10-01,Maintenance,13250.97,Maintenance expense for October 2024
3405,14,2024-10-01,Delivery,18600.3,Delivery expense for October 2024
3406,14,2024-10-01,Cleaning,6263.04,Cleaning expense for October 2024
3407,14,2024-10-01,Repairs,4076.98,Repairs expense for October 2024
3408,14,2024-10-01,Miscellaneous,12159.22,Miscellaneous expense for October 2024
3409,14,2024-11-01,Rent,182748.21,Rent expense for November 2024
3410,14,2024-11-01,Electricity,29217.33,Electricity expense for November 2024
3411,14,2024-11-01,Salaries,623129.32,Salaries expense for November 2024
3412,14,2024-11-01,Maintenance,19952.74,Maintenance expense for November 2024
3413,14,2024-11-01,Delivery,43804.66,Delivery expense for November 2024
3414,14,2024-11-01,Cleaning,5359.78,Cleaning expense for November 2024
3415,14,2024-11-01,Repairs,26896.15,Repairs expense for November 2024
3416,14,2024-11-01,Miscellaneous,9120.45,Miscellaneous expense for November 2024
3417,14,2024-12-01,Rent,119699.29,Rent expense for December 2024
3418,14,2024-12-01,Electricity,49281.01,Electricity expense for December 2024
3419,14,2024-12-01,Salaries,578254.46,Salaries expense for December 2024
3420,14,2024-12-01,Maintenance,9312.34,Maintenance expense for December 2024
3421,14,2024-12-01,Delivery,49372.89,Delivery expense for December 2024
3422,14,2024-12-01,Cleaning,4791.75,Cleaning expense for December 2024
3423,14,2024-12-01,Repairs,17135.65,Repairs expense for December 2024
3424,14,2024-12-01,Miscellaneous,3060.0,Miscellaneous expense for December 2024
3425,14,2025-01-01,Rent,75467.66,Rent expense for January 2025
3426,14,2025-01-01,Electricity,45299.34,Electricity expense for January 2025
3427,14,2025-01-01,Salaries,623240.97,Salaries expense for January 2025
3428,14,2025-01-01,Maintenance,13683.48,Maintenance expense for January 2025
3429,14,2025-01-01,Delivery,35055.59,Delivery expense for January 2025
3430,14,2025-01-01,Cleaning,9122.47,Cleaning expense for January 2025
3431,14,2025-01-01,Repairs,2961.07,Repairs expense for January 2025
3432,14,2025-01-01,Miscellaneous,12031.58,Miscellaneous expense for January 2025
3433,14,2025-02-01,Rent,198591.86,Rent expense for February 2025
3434,14,2025-02-01,Electricity,48048.73,Electricity expense for February 2025
3435,14,2025-02-01,Salaries,559097.88,Salaries expense for February 2025
3436,14,2025-02-01,Maintenance,18888.33,Maintenance expense for February 2025
3437,14,2025-02-01,Delivery,39840.49,Delivery expense for February 2025
3438,14,2025-02-01,Cleaning,4666.03,Cleaning expense for February 2025
3439,14,2025-02-01,Repairs,17310.73,Repairs expense for February 2025
3440,14,2025-02-01,Miscellaneous,4667.54,Miscellaneous expense for February 2025
3441,14,2025-03-01,Rent,193213.88,Rent expense for March 2025
3442,14,2025-03-01,Electricity,34877.29,Electricity expense for March 2025
3443,14,2025-03-01,Salaries,563152.51,Salaries expense for March 2025
3444,14,2025-03-01,Maintenance,25846.58,Maintenance expense for March 2025
3445,14,2025-03-01,Delivery,32286.02,Delivery expense for March 2025
3446,14,2025-03-01,Cleaning,6969.36,Cleaning expense for March 2025
3447,14,2025-03-01,Repairs,21560.24,Repairs expense for March 2025
3448,14,2025-03-01,Miscellaneous,10857.85,Miscellaneous expense for March 2025
3449,14,2025-04-01,Rent,120232.69,Rent expense for April 2025
3450,14,2025-04-01,Electricity,59717.97,Electricity expense for April 2025
3451,14,2025-04-01,Salaries,487279.09,Salaries expense for April 2025
3452,14,2025-04-01,Maintenance,23191.18,Maintenance expense for April 2025
3453,14,2025-04-01,Delivery,47284.25,Delivery expense for April 2025
3454,14,2025-04-01,Cleaning,12067.27,Cleaning expense for April 2025
3455,14,2025-04-01,Repairs,24596.47,Repairs expense for April 2025
3456,14,2025-04-01,Miscellaneous,14582.86,Miscellaneous expense for April 2025
3457,14,2025-05-01,Rent,127496.62,Rent expense for May 2025
3458,14,2025-05-01,Electricity,25609.88,Electricity expense for May 2025
3459,14,2025-05-01,Salaries,606837.14,Salaries expense for May 2025
3460,14,2025-05-01,Maintenance,17438.02,Maintenance expense for May 2025
3461,14,2025-05-01,Delivery,37968.21,Delivery expense for May 2025
3462,14,2025-05-01,Cleaning,7477.45,Cleaning expense for May 2025
3463,14,2025-05-01,Repairs,22773.61,Repairs expense for May 2025
3464,14,2025-05-01,Miscellaneous,6253.02,Miscellaneous expense for May 2025
3465,14,2025-06-01,Rent,114635.26,Rent expense for June 2025
3466,14,2025-06-01,Electricity,54940.63,Electricity expense for June 2025
3467,14,2025-06-01,Salaries,328692.97,Salaries expense for June 2025
3468,14,2025-06-01,Maintenance,24797.48,Maintenance expense for June 2025
3469,14,2025-06-01,Delivery,35547.55,Delivery expense for June 2025
3470,14,2025-06-01,Cleaning,11054.42,Cleaning expense for June 2025
3471,14,2025-06-01,Repairs,6282.42,Repairs expense for June 2025
3472,14,2025-06-01,Miscellaneous,2312.9,Miscellaneous expense for June 2025
3473,14,2025-07-01,Rent,203072.94,Rent expense for July 2025
3474,14,2025-07-01,Electricity,57544.53,Electricity expense for July 2025
3475,14,2025-07-01,Salaries,548999.65,Salaries expense for July 2025
3476,14,2025-07-01,Maintenance,26108.86,Maintenance expense for July 2025
3477,14,2025-07-01,Delivery,32793.2,Delivery expense for July 2025
3478,14,2025-07-01,Cleaning,13185.78,Cleaning expense for July 2025
3479,14,2025-07-01,Repairs,9821.81,Repairs expense for July 2025
3480,14,2025-07-01,Miscellaneous,2488.42,Miscellaneous expense for July 2025
3481,14,2025-08-01,Rent,80144.88,Rent expense for August 2025
3482,14,2025-08-01,Electricity,38206.05,Electricity expense for August 2025
3483,14,2025-08-01,Salaries,322001.95,Salaries expense for August 2025
3484,14,2025-08-01,Maintenance,20903.33,Maintenance expense for August 2025
3485,14,2025-08-01,Delivery,38998.56,Delivery expense for August 2025
3486,14,2025-08-01,Cleaning,11610.69,Cleaning expense for August 2025
3487,14,2025-08-01,Repairs,24909.34,Repairs expense for August 2025
3488,14,2025-08-01,Miscellaneous,11534.04,Miscellaneous expense for August 2025
3489,14,2025-09-01,Rent,117830.82,Rent expense for September 2025
3490,14,2025-09-01,Electricity,60775.31,Electricity expense for September 2025
3491,14,2025-09-01,Salaries,449041.76,Salaries expense for September 2025
3492,14,2025-09-01,Maintenance,7234.5,Maintenance expense for September 2025
3493,14,2025-09-01,Delivery,28588.33,Delivery expense for September 2025
3494,14,2025-09-01,Cleaning,7964.6,Cleaning expense for September 2025
3495,14,2025-09-01,Repairs,24433.29,Repairs expense for September 2025
3496,14,2025-09-01,Miscellaneous,15590.98,Miscellaneous expense for September 2025
3497,14,2025-10-01,Rent,104409.08,Rent expense for October 2025
3498,14,2025-10-01,Electricity,37308.14,Electricity expense for October 2025
3499,14,2025-10-01,Salaries,611038.07,Salaries expense for October 2025
3500,14,2025-10-01,Maintenance,15311.56,Maintenance expense for October 2025
3501,14,2025-10-01,Delivery,42644.24,Delivery expense for October 2025
3502,14,2025-10-01,cleaning,11372.24,Cleaning expense for October 2025
3503,14,2025-10-01,Repairs,16669.96,Repairs expense for October 2025
3504,14,2025-10-01,Miscellaneous,11243.37,Miscellaneous expense for October 2025
3505,14,2025-11-01,Rent,188729.11,Rent expense for November 2025
3506,14,2025-11-01,Electricity,43249.97,Electricity expense for November 2025
3507,14,2025-11-01,Salaries,336257.84,Salaries expense for November 2025
3508,14,2025-11-01,Maintenance,14213.89,Maintenance expense for November 2025
3509,14,2025-11-01,Delivery,17726.57,Delivery expense for November 2025
3510,14,2025-11-01,Cleaning,7389.94,Cleaning expense for November 2025
3511,14,2025-11-01,Repairs,4037.81,Repairs expense for November 2025
3512,14,2025-11-01,Miscellaneous,11713.04,Miscellaneous expense for November 2025
3513,14,2025-12-01,Rent,85833.22,Rent expense for December 2025
3514,14,2025-12-01,Electricity,48371.77,Electricity expense for December 2025
3515,14,2025-12-01,Salaries,582358.98,Salaries expense for December 2025
3516,14,2025-12-01,Maintenance,22259.09,Maintenance expense for December 2025
3517,14,2025-12-01,Delivery,28341.77,Delivery expense for December 2025
3518,14,2025-12-01,Cleaning,10462.58,Cleaning expense for December 2025
3519,14,2025-12-01,Repairs,25341.83,Repairs expense for December 2025
3520,14,2025-12-01,Miscellaneous,7864.51,Miscellaneous expense for December 2025
3521,14,2026-01-01,Rent,150005.71,Rent expense for January 2026
3522,14,2026-01-01,Electricity,60470.77,Electricity expense for January 2026
3523,14,2026-01-01,Salaries,330150.46,Salaries expense for January 2026
3524,14,2026-01-01,Maintenance,16952.96,Maintenance expense for January 2026
3525,14,2026-01-01,Delivery,29435.05,Delivery expense for January 2026
3526,14,2026-01-01,Cleaning,9810.85,Cleaning expense for January 2026
3527,14,2026-01-01,Repairs,34471.33,Repairs expense for January 2026
3528,14,2026-01-01,Miscellaneous,17336.53,Miscellaneous expense for January 2026
3529,14,2026-02-01,RENT,156112.79,Rent expense for February 2026
3530,14,2026-02-01,Electricity,48812.39,Electricity expense for February 2026
3531,14,2026-02-01,Salaries,409283.1,Salaries expense for February 2026
3532,14,2026-02-01,Maintenance,13779.73,Maintenance expense for February 2026
3533,14,2026-02-01,Delivery,17589.16,Delivery expense for February 2026
3534,14,2026-02-01,Cleaning,8784.72,Cleaning expense for February 2026
3535,14,2026-02-01,Repairs,32303.88,Repairs expense for February 2026
3536,14,2026-02-01,Miscellaneous,9176.77,Miscellaneous expense for February 2026
3537,14,2026-03-01,Rent,160483.6,Rent expense for March 2026
3538,14,2026-03-01,Electricity,48894.28,Electricity expense for March 2026
3539,14,2026-03-01,Salaries,371676.64,Salaries expense for March 2026
3540,14,2026-03-01,Maintenance,20987.83,Maintenance expense for March 2026
3541,14,2026-03-01,Delivery,14372.2,Delivery expense for March 2026
3542,14,2026-03-01,Cleaning,12032.7,Cleaning expense for March 2026
3543,14,2026-03-01,Repairs,19355.58,Repairs expense for March 2026
3544,14,2026-03-01,Miscellaneous,11298.83,Miscellaneous expense for March 2026
3545,14,2026-04-01,Rent,137091.6,Rent expense for April 2026
3546,14,2026-04-01,Electricity,27738.25,Electricity expense for April 2026
3547,14,2026-04-01,Salaries,589607.14,Salaries expense for April 2026
3548,14,2026-04-01,Maintenance,7497.05,Maintenance expense for April 2026
3549,14,2026-04-01,Delivery,19453.98,Delivery expense for April 2026
3550,14,2026-04-01,Cleaning,12561.58,Cleaning expense for April 2026
3551,14,2026-04-01,Repairs,23879.26,Repairs expense for April 2026
3552,14,2026-04-01,Miscellaneous,7597.67,Miscellaneous expense for April 2026
3553,14,2026-05-01,Rent,136170.03,Rent expense for May 2026
3554,14,2026-05-01,Electricity,30799.48,Electricity expense for May 2026
3555,14,2026-05-01,Salaries,547863.67,Salaries expense for May 2026
3556,14,2026-05-01,Maintenance,20269.13,Maintenance expense for May 2026
3557,14,2026-05-01,Delivery,27376.12,Delivery expense for May 2026
3558,14,2026-05-01,Cleaning,7903.57,Cleaning expense for May 2026
3559,14,2026-05-01,Repairs,27769.55,Repairs expense for May 2026
3560,14,2026-05-01,Miscellaneous,7578.94,Miscellaneous expense for May 2026
3561,14,2026-06-01,Rent,136459.57,Rent expense for June 2026
3562,14,2026-06-01,Electricity,48766.13,Electricity expense for June 2026
3563,14,2026-06-01,salaries,586165.16,Salaries expense for June 2026
3564,14,2026-06-01,Maintenance,26083.24,Maintenance expense for June 2026
3565,14,2026-06-01,Delivery,46313.97,Delivery expense for June 2026
3566,14,2026-06-01,Cleaning,5486.28,Cleaning expense for June 2026
3567,14,2026-06-01,Repairs,19382.03,Repairs expense for June 2026
3568,14,2026-06-01,Miscellaneous,17311.01,Miscellaneous expense for June 2026
3569,14,2026-07-01,Rent,213441.2,Rent expense for July 2026
3570,14,2026-07-01,Electricity,36842.12,Electricity expense for July 2026
3571,14,2026-07-01,Salaries,570934.91,Salaries expense for July 2026
3572,14,2026-07-01,Maintenance,16165.53,Maintenance expense for July 2026
3573,14,2026-07-01,Delivery,13682.37,Delivery expense for July 2026
3574,14,2026-07-01,Cleaning,7562.25,Cleaning expense for July 2026
3575,14,2026-07-01,Repairs,35223.06,Repairs expense for July 2026
3576,14,2026-07-01,Miscellaneous,6428.49,Miscellaneous expense for July 2026
3577,14,2026-08-01,Rent,210714.38,Rent expense for August 2026
3578,14,2026-08-01,Electricity,36714.84,Electricity expense for August 2026
3579,14,2026-08-01,Salaries,472716.11,Salaries expense for August 2026
3580,14,2026-08-01,Maintenance,15925.82,Maintenance expense for August 2026
3581,14,2026-08-01,Delivery,41415.58,Delivery expense for August 2026
3582,14,2026-08-01,Cleaning,8935.68,Cleaning expense for August 2026
3583,14,2026-08-01,Repairs,11580.61,Repairs expense for August 2026
3584,14,2026-08-01,Miscellaneous,8633.58,Miscellaneous expense for August 2026
3585,15,2024-01-01,Rent,128631.68,Rent expense for January 2024
3586,15,2024-01-01,Electricity,36157.5,Electricity expense for January 2024
3587,15,2024-01-01,Salaries,567200.99,Salaries expense for January 2024
3588,15,2024-01-01,Maintenance,21416.47,Maintenance expense for January 2024
3589,15,2024-01-01,Delivery,45483.02,Delivery expense for January 2024
3590,15,2024-01-01,Cleaning,8899.58,Cleaning expense for January 2024
3591,15,2024-01-01,Repairs,29174.55,Repairs expense for January 2024
3592,15,2024-01-01,Miscellaneous,7494.87,Miscellaneous expense for January 2024
3593,15,2024-02-01,Rent,148254.82,Rent expense for February 2024
3594,15,2024-02-01,Electricity,62629.1,Electricity expense for February 2024
3595,15,2024-02-01,Salaries,585697.3,Salaries expense for February 2024
3596,15,2024-02-01,Maintenance,13066.78,Maintenance expense for February 2024
3597,15,2024-02-01,Delivery,20097.83,Delivery expense for February 2024
3598,15,2024-02-01,Cleaning,14173.54,Cleaning expense for February 2024
3599,15,2024-02-01,REPAIRS,5145.68,Repairs expense for February 2024
3600,15,2024-02-01,Miscellaneous,17857.31,Miscellaneous expense for February 2024
3601,15,2024-03-01,Rent,117952.6,Rent expense for March 2024
3602,15,2024-03-01,Electricity,57119.02,Electricity expense for March 2024
3603,15,2024-03-01,Salaries,632058.08,Salaries expense for March 2024
3604,15,2024-03-01,Maintenance,28327.4,Maintenance expense for March 2024
3605,15,2024-03-01,Delivery,27511.36,Delivery expense for March 2024
3606,15,2024-03-01,Cleaning,8950.0,Cleaning expense for March 2024
3607,15,2024-03-01,Repairs,36293.41,Repairs expense for March 2024
3608,15,2024-03-01,Miscellaneous,11061.58,Miscellaneous expense for March 2024
3609,15,2024-04-01,Rent,250934.94,Rent expense for April 2024
3610,15,2024-04-01,Electricity,54332.21,Electricity expense for April 2024
3611,15,2024-04-01,Salaries,432796.57,Salaries expense for April 2024
3612,15,2024-04-01,Maintenance,28116.92,Maintenance expense for April 2024
3613,15,2024-04-01,Delivery,40052.89,Delivery expense for April 2024
3614,15,2024-04-01,Cleaning,7180.29,Cleaning expense for April 2024
3615,15,2024-04-01,Repairs,20337.39,Repairs expense for April 2024
3616,15,2024-04-01,Miscellaneous,8943.53,Miscellaneous expense for April 2024
3617,15,2024-05-01,Rent,108671.01,Rent expense for May 2024
3618,15,2024-05-01,Electricity,58575.32,Electricity expense for May 2024
3619,15,2024-05-01,Salaries,513661.94,Salaries expense for May 2024
3620,15,2024-05-01,Maintenance,22819.16,Maintenance expense for May 2024
3621,15,2024-05-01,Delivery,51398.43,Delivery expense for May 2024
3622,15,2024-05-01,Cleaning,13406.79,Cleaning expense for May 2024
3623,15,2024-05-01,Repairs,27810.4,Repairs expense for May 2024
3624,15,2024-05-01,Miscellaneous,17014.17,Miscellaneous expense for May 2024
3625,15,2024-06-01,Rent,217504.34,Rent expense for June 2024
3626,15,2024-06-01,Electricity,40630.74,Electricity expense for June 2024
3627,15,2024-06-01,Salaries,592898.31,Salaries expense for June 2024
3628,15,2024-06-01,Maintenance,9200.85,Maintenance expense for June 2024
3629,15,2024-06-01,Delivery,38988.88,Delivery expense for June 2024
3630,15,2024-06-01,Cleaning,13104.18,Cleaning expense for June 2024
3631,15,2024-06-01,Repairs,15487.24,Repairs expense for June 2024
3632,15,2024-06-01,Miscellaneous,19328.91,Miscellaneous expense for June 2024
3633,15,2024-07-01,Rent,209150.93,Rent expense for July 2024
3634,15,2024-07-01,Electricity,43493.93,Electricity expense for July 2024
3635,15,2024-07-01,Salaries,528251.31,Salaries expense for July 2024
3636,15,2024-07-01,Maintenance,19242.46,Maintenance expense for July 2024
3637,15,2024-07-01,Delivery,16486.14,Delivery expense for July 2024
3638,15,2024-07-01,Cleaning,14538.61,Cleaning expense for July 2024
3639,15,2024-07-01,Repairs,29510.4,Repairs expense for July 2024
3640,15,2024-07-01,Miscellaneous,7167.31,Miscellaneous expense for July 2024
3641,15,2024-08-01,Rent,154177.25,Rent expense for August 2024
3642,15,2024-08-01,Electricity,31027.83,Electricity expense for August 2024
3643,15,2024-08-01,Salaries,574189.65,Salaries expense for August 2024
3644,15,2024-08-01,Maintenance,15090.55,Maintenance expense for August 2024
3645,15,2024-08-01,Delivery,37163.46,Delivery expense for August 2024
3646,15,2024-08-01,Cleaning,11477.33,Cleaning expense for August 2024
3647,15,2024-08-01,Repairs,10294.48,Repairs expense for August 2024
3648,15,2024-08-01,Miscellaneous,12273.26,Miscellaneous expense for August 2024
3649,15,2024-09-01,Rent,181293.05,Rent expense for September 2024
3650,15,2024-09-01,Electricity,28555.56,Electricity expense for September 2024
3651,15,2024-09-01,Salaries,516186.55,Salaries expense for September 2024
3652,15,2024-09-01,Maintenance,11500.48,Maintenance expense for September 2024
3653,15,2024-09-01,Delivery,24224.57,Delivery expense for September 2024
3654,15,2024-09-01,Cleaning,13638.18,Cleaning expense for September 2024
3655,15,2024-09-01,Repairs,30066.19,Repairs expense for September 2024
3656,15,2024-09-01,Miscellaneous,6388.38,Miscellaneous expense for September 2024
3657,15,2024-10-01,Rent,118319.01,Rent expense for October 2024
3658,15,2024-10-01,Electricity,32854.47,Electricity expense for October 2024
3659,15,2024-10-01,Salaries,394630.28,Salaries expense for October 2024
3660,15,2024-10-01,Maintenance,11899.98,Maintenance expense for October 2024
3661,15,2024-10-01,Delivery,60970.12,Delivery expense for October 2024
3662,15,2024-10-01,Cleaning,7130.95,Cleaning expense for October 2024
3663,15,2024-10-01,Repairs,9330.51,Repairs expense for October 2024
3664,15,2024-10-01,Miscellaneous,8113.52,Miscellaneous expense for October 2024
3665,15,2024-11-01,Rent,141343.06,Rent expense for November 2024
3666,15,2024-11-01,Electricity,39879.74,Electricity expense for November 2024
3667,15,2024-11-01,Salaries,642599.61,Salaries expense for November 2024
3668,15,2024-11-01,Maintenance,28443.17,Maintenance expense for November 2024
3669,15,2024-11-01,Delivery,19005.54,Delivery expense for November 2024
3670,15,2024-11-01,Cleaning,8072.99,Cleaning expense for November 2024
3671,15,2024-11-01,Repairs,24004.82,Repairs expense for November 2024
3672,15,2024-11-01,Miscellaneous,6912.42,Miscellaneous expense for November 2024
3673,15,2024-12-01,Rent,212466.68,Rent expense for December 2024
3674,15,2024-12-01,Electricity,57126.61,Electricity expense for December 2024
3675,15,2024-12-01,Salaries,696030.53,Salaries expense for December 2024
3676,15,2024-12-01,Maintenance,28281.8,Maintenance expense for December 2024
3677,15,2024-12-01,Delivery,54541.87,Delivery expense for December 2024
3678,15,2024-12-01,Cleaning,5280.56,Cleaning expense for December 2024
3679,15,2024-12-01,Repairs,28676.82,Repairs expense for December 2024
3680,15,2024-12-01,Miscellaneous,11389.21,Miscellaneous expense for December 2024
3681,15,2025-01-01,Rent,85904.06,Rent expense for January 2025
3682,15,2025-01-01,Electricity,35405.81,Electricity expense for January 2025
3683,15,2025-01-01,Salaries,396612.32,Salaries expense for January 2025
3684,15,2025-01-01,Maintenance,20972.31,Maintenance expense for January 2025
3685,15,2025-01-01,Delivery,45310.71,Delivery expense for January 2025
3686,15,2025-01-01,Cleaning,7653.15,Cleaning expense for January 2025
3687,15,2025-01-01,Repairs,35518.91,Repairs expense for January 2025
3688,15,2025-01-01,Miscellaneous,14209.75,Miscellaneous expense for January 2025
3689,15,2025-02-01,Rent,251522.69,Rent expense for February 2025
3690,15,2025-02-01,Electricity,51080.19,Electricity expense for February 2025
3691,15,2025-02-01,Salaries,478063.59,Salaries expense for February 2025
3692,15,2025-02-01,Maintenance,23537.55,Maintenance expense for February 2025
3693,15,2025-02-01,Delivery,16340.32,Delivery expense for February 2025
3694,15,2025-02-01,Cleaning,13496.1,Cleaning expense for February 2025
3695,15,2025-02-01,Repairs,31094.74,Repairs expense for February 2025
3696,15,2025-02-01,Miscellaneous,13882.09,Miscellaneous expense for February 2025
3697,15,2025-03-01,Rent,82843.82,Rent expense for March 2025
3698,15,2025-03-01,Electricity,57877.48,Electricity expense for March 2025
3699,15,2025-03-01,Salaries,450883.01,Salaries expense for March 2025
3700,15,2025-03-01,Maintenance,15745.0,Maintenance expense for March 2025
3701,15,2025-03-01,DELIVERY,24100.7,Delivery expense for March 2025
3702,15,2025-03-01,Cleaning,12818.27,Cleaning expense for March 2025
3703,15,2025-03-01,Repairs,10544.25,Repairs expense for March 2025
3704,15,2025-03-01,Miscellaneous,4401.6,Miscellaneous expense for March 2025
3705,15,2025-04-01,Rent,150757.96,Rent expense for April 2025
3706,15,2025-04-01,Electricity,44908.75,Electricity expense for April 2025
3707,15,2025-04-01,Salaries,528909.88,Salaries expense for April 2025
3708,15,2025-04-01,Maintenance,9846.0,Maintenance expense for April 2025
3709,15,2025-04-01,Delivery,17524.52,Delivery expense for April 2025
3710,15,2025-04-01,Cleaning,9945.43,Cleaning expense for April 2025
3711,15,2025-04-01,Repairs,36012.8,Repairs expense for April 2025
3712,15,2025-04-01,Miscellaneous,14809.04,Miscellaneous expense for April 2025
3713,15,2025-05-01,Rent,239919.94,Rent expense for May 2025
3714,15,2025-05-01,Electricity,28058.64,Electricity expense for May 2025
3715,15,2025-05-01,Salaries,447348.73,Salaries expense for May 2025
3716,15,2025-05-01,Maintenance,29714.01,Maintenance expense for May 2025
3717,15,2025-05-01,Delivery,50005.82,Delivery expense for May 2025
3718,15,2025-05-01,Cleaning,12220.09,Cleaning expense for May 2025
3719,15,2025-05-01,Repairs,26397.18,Repairs expense for May 2025
3720,15,2025-05-01,Miscellaneous,17722.67,Miscellaneous expense for May 2025
3721,15,2025-06-01,Rent,153415.7,Rent expense for June 2025
3722,15,2025-06-01,Electricity,41867.36,Electricity expense for June 2025
3723,15,2025-06-01,Salaries,603812.38,Salaries expense for June 2025
3724,15,2025-06-01,Maintenance,13911.21,Maintenance expense for June 2025
3725,15,2025-06-01,Delivery,26981.14,Delivery expense for June 2025
3726,15,2025-06-01,Cleaning,6505.97,Cleaning expense for June 2025
3727,15,2025-06-01,Repairs,24305.19,Repairs expense for June 2025
3728,15,2025-06-01,Miscellaneous,14272.69,Miscellaneous expense for June 2025
3729,15,2025-07-01,Rent,231221.89,Rent expense for July 2025
3730,15,2025-07-01,Electricity,46098.71,Electricity expense for July 2025
3731,15,2025-07-01,Salaries,560902.92,Salaries expense for July 2025
3732,15,2025-07-01,Maintenance,10022.18,Maintenance expense for July 2025
3733,15,2025-07-01,Delivery,28327.18,Delivery expense for July 2025
3734,15,2025-07-01,Cleaning,6696.03,Cleaning expense for July 2025
3735,15,2025-07-01,Repairs,3509.61,Repairs expense for July 2025
3736,15,2025-07-01,Miscellaneous,5970.52,Miscellaneous expense for July 2025
3737,15,2025-08-01,Rent,157992.2,Rent expense for August 2025
3738,15,2025-08-01,Electricity,60531.26,Electricity expense for August 2025
3739,15,2025-08-01,Salaries,720244.15,Salaries expense for August 2025
3740,15,2025-08-01,Maintenance,8638.03,Maintenance expense for August 2025
3741,15,2025-08-01,Delivery,30047.46,Delivery expense for August 2025
3742,15,2025-08-01,Cleaning,7459.11,Cleaning expense for August 2025
3743,15,2025-08-01,Repairs,31526.47,Repairs expense for August 2025
3744,15,2025-08-01,Miscellaneous,3255.46,Miscellaneous expense for August 2025
3745,15,2025-09-01,Rent,220339.71,Rent expense for September 2025
3746,15,2025-09-01,Electricity,46446.94,Electricity expense for September 2025
3747,15,2025-09-01,Salaries,635502.4,Salaries expense for September 2025
3748,15,2025-09-01,Maintenance,16810.69,Maintenance expense for September 2025
3749,15,2025-09-01,Delivery,50130.4,Delivery expense for September 2025
3750,15,2025-09-01,Cleaning,10682.73,Cleaning expense for September 2025
3751,15,2025-09-01,Repairs,6208.28,Repairs expense for September 2025
3752,15,2025-09-01,Miscellaneous,6645.34,Miscellaneous expense for September 2025
3753,15,2025-10-01,Rent,245160.48,Rent expense for October 2025
3754,15,2025-10-01,Electricity,70312.99,Electricity expense for October 2025
3755,15,2025-10-01,Salaries,377763.76,Salaries expense for October 2025
3756,15,2025-10-01,Maintenance,18222.71,Maintenance expense for October 2025
3757,15,2025-10-01,Delivery,48168.8,Delivery expense for October 2025
3758,15,2025-10-01,Cleaning,14644.26,Cleaning expense for October 2025
3759,15,2025-10-01,Repairs,15390.9,Repairs expense for October 2025
3760,15,2025-10-01,Miscellaneous,8940.72,Miscellaneous expense for October 2025
3761,15,2025-11-01,Rent,190312.34,Rent expense for November 2025
3762,15,2025-11-01,Electricity,53881.6,Electricity expense for November 2025
3763,15,2025-11-01,Salaries,646923.14,Salaries expense for November 2025
3764,15,2025-11-01,Maintenance,18765.44,Maintenance expense for November 2025
3765,15,2025-11-01,Delivery,42402.28,Delivery expense for November 2025
3766,15,2025-11-01,Cleaning,13665.59,Cleaning expense for November 2025
3767,15,2025-11-01,Repairs,7591.89,Repairs expense for November 2025
3768,15,2025-11-01,Miscellaneous,15302.12,Miscellaneous expense for November 2025
3769,15,2025-12-01,Rent,106299.71,Rent expense for December 2025
3770,15,2025-12-01,Electricity,65900.03,Electricity expense for December 2025
3771,15,2025-12-01,Salaries,710752.4,Salaries expense for December 2025
3772,15,2025-12-01,Maintenance,16839.29,Maintenance expense for December 2025
3773,15,2025-12-01,Delivery,59295.62,Delivery expense for December 2025
3774,15,2025-12-01,Cleaning,5541.36,Cleaning expense for December 2025
3775,15,2025-12-01,Repairs,13838.15,Repairs expense for December 2025
3776,15,2025-12-01,Miscellaneous,9068.18,Miscellaneous expense for December 2025
3777,15,2026-01-01,Rent,180227.25,Rent expense for January 2026
3778,15,2026-01-01,Electricity,48211.4,Electricity expense for January 2026
3779,15,2026-01-01,Salaries,406410.8,Salaries expense for January 2026
3780,15,2026-01-01,Maintenance,10506.66,Maintenance expense for January 2026
3781,15,2026-01-01,Delivery,46690.43,Delivery expense for January 2026
3782,15,2026-01-01,Cleaning,11361.1,Cleaning expense for January 2026
3783,15,2026-01-01,Repairs,4008.85,Repairs expense for January 2026
3784,15,2026-01-01,Miscellaneous,3816.88,Miscellaneous expense for January 2026
3785,15,2026-02-01,Rent,228964.55,Rent expense for February 2026
3786,15,2026-02-01,Electricity,55920.32,Electricity expense for February 2026
3787,15,2026-02-01,Salaries,394205.05,Salaries expense for February 2026
3788,15,2026-02-01,Maintenance,12330.33,Maintenance expense for February 2026
3789,15,2026-02-01,Delivery,37435.21,Delivery expense for February 2026
3790,15,2026-02-01,Cleaning,12886.33,Cleaning expense for February 2026
3791,15,2026-02-01,Repairs,17188.29,Repairs expense for February 2026
3792,15,2026-02-01,Miscellaneous,15071.59,Miscellaneous expense for February 2026
3793,15,2026-03-01,Rent,157960.03,Rent expense for March 2026
3794,15,2026-03-01,Electricity,69557.25,Electricity expense for March 2026
3795,15,2026-03-01,Salaries,705529.37,Salaries expense for March 2026
3796,15,2026-03-01,Maintenance,9287.23,Maintenance expense for March 2026
3797,15,2026-03-01,Delivery,16954.02,Delivery expense for March 2026
3798,15,2026-03-01,Cleaning,9299.68,Cleaning expense for March 2026
3799,15,2026-03-01,Repairs,33731.27,Repairs expense for March 2026
3800,15,2026-03-01,Miscellaneous,15427.94,Miscellaneous expense for March 2026
3801,15,2026-04-01,Rent,160163.89,Rent expense for April 2026
3802,15,2026-04-01,Electricity,26232.47,Electricity expense for April 2026
3803,15,2026-04-01,Salaries,634439.97,Salaries expense for April 2026
3804,15,2026-04-01,Maintenance,9154.12,Maintenance expense for April 2026
3805,15,2026-04-01,Delivery,19378.64,Delivery expense for April 2026
3806,15,2026-04-01,Cleaning,13897.62,Cleaning expense for April 2026
3807,15,2026-04-01,Repairs,8621.62,Repairs expense for April 2026
3808,15,2026-04-01,Miscellaneous,20426.21,Miscellaneous expense for April 2026
3809,15,2026-05-01,Rent,191807.0,Rent expense for May 2026
3810,15,2026-05-01,Electricity,57120.68,Electricity expense for May 2026
3811,15,2026-05-01,Salaries,557785.76,Salaries expense for May 2026
3812,15,2026-05-01,Maintenance,14890.08,Maintenance expense for May 2026
3813,15,2026-05-01,Delivery,57122.68,Delivery expense for May 2026
3814,15,2026-05-01,Cleaning,5852.68,Cleaning expense for May 2026
3815,15,2026-05-01,Repairs,15421.56,Repairs expense for May 2026
3816,15,2026-05-01,Miscellaneous,11385.9,Miscellaneous expense for May 2026
3817,15,2026-06-01,Rent,143636.79,Rent expense for June 2026
3818,15,2026-06-01,Electricity,52045.39,Electricity expense for June 2026
3819,15,2026-06-01,Salaries,485292.25,Salaries expense for June 2026
3820,15,2026-06-01,Maintenance,16913.11,Maintenance expense for June 2026
3821,15,2026-06-01,Delivery,45052.73,Delivery expense for June 2026
3822,15,2026-06-01,Cleaning,14134.61,Cleaning expense for June 2026
3823,15,2026-06-01,Repairs,30501.23,Repairs expense for June 2026
3824,15,2026-06-01,Miscellaneous,10464.47,Miscellaneous expense for June 2026
3825,15,2026-07-01,Rent,139381.94,Rent expense for July 2026
3826,15,2026-07-01,Electricity,66268.49,Electricity expense for July 2026
3827,15,2026-07-01,Salaries,372032.32,Salaries expense for July 2026
3828,15,2026-07-01,Maintenance,20513.59,Maintenance expense for July 2026
3829,15,2026-07-01,Delivery,38073.01,Delivery expense for July 2026
3830,15,2026-07-01,Cleaning,8489.92,Cleaning expense for July 2026
3831,15,2026-07-01,Repairs,28518.19,Repairs expense for July 2026
3832,15,2026-07-01,Miscellaneous,9539.31,Miscellaneous expense for July 2026
3833,15,2026-08-01,Rent,249838.79,Rent expense for August 2026
3834,15,2026-08-01,Electricity,40744.24,Electricity expense for August 2026
3835,15,2026-08-01,Salaries,444202.03,Salaries expense for August 2026
3836,15,2026-08-01,Maintenance,12750.99,Maintenance expense for August 2026
3837,15,2026-08-01,Delivery,34383.0,Delivery expense for August 2026
3838,15,2026-08-01,Cleaning,9204.57,Cleaning expense for August 2026
3839,15,2026-08-01,Repairs,6596.41,Repairs expense for August 2026
3840,15,2026-08-01,Miscellaneous,15209.35,Miscellaneous expense for August 2026
3841,16,2024-01-01,Rent,132096.69,Rent expense for January 2024
3842,16,2024-01-01,Electricity,52538.79,Electricity expense for January 2024
3843,16,2024-01-01,Salaries,460822.52,Salaries expense for January 2024
3844,16,2024-01-01,Maintenance,9925.69,Maintenance expense for January 2024
3845,16,2024-01-01,Delivery,42169.06,Delivery expense for January 2024
3846,16,2024-01-01,Cleaning,7852.0,Cleaning expense for January 2024
3847,16,2024-01-01,Repairs,26574.58,Repairs expense for January 2024
3848,16,2024-01-01,Miscellaneous,10706.36,Miscellaneous expense for January 2024
3849,16,2024-02-01,Rent,275535.26,Rent expense for February 2024
3850,16,2024-02-01,Electricity,29117.3,Electricity expense for February 2024
3851,16,2024-02-01,Salaries,646829.0,Salaries expense for February 2024
3852,16,2024-02-01,Maintenance,17878.18,Maintenance expense for February 2024
3853,16,2024-02-01,Delivery,29794.55,Delivery expense for February 2024
3854,16,2024-02-01,Cleaning,14235.3,Cleaning expense for February 2024
3855,16,2024-02-01,Repairs,33310.22,Repairs expense for February 2024
3856,16,2024-02-01,Miscellaneous,18140.77,Miscellaneous expense for February 2024
3857,16,2024-03-01,Rent,144712.01,Rent expense for March 2024
3858,16,2024-03-01,Electricity,64595.37,Electricity expense for March 2024
3859,16,2024-03-01,SALARIES,550883.82,Salaries expense for March 2024
3860,16,2024-03-01,Maintenance,14911.93,Maintenance expense for March 2024
3861,16,2024-03-01,Delivery,46683.33,Delivery expense for March 2024
3862,16,2024-03-01,Cleaning,7032.42,Cleaning expense for March 2024
3863,16,2024-03-01,Repairs,30970.41,Repairs expense for March 2024
3864,16,2024-03-01,Miscellaneous,6825.9,Miscellaneous expense for March 2024
3865,16,2024-04-01,Rent,213725.88,Rent expense for April 2024
3866,16,2024-04-01,Electricity,51388.61,Electricity expense for April 2024
3867,16,2024-04-01,Salaries,694147.32,Salaries expense for April 2024
3868,16,2024-04-01,Maintenance,18101.77,Maintenance expense for April 2024
3869,16,2024-04-01,Delivery,40110.93,Delivery expense for April 2024
3870,16,2024-04-01,Cleaning,16553.96,Cleaning expense for April 2024
3871,16,2024-04-01,Repairs,26928.84,Repairs expense for April 2024
3872,16,2024-04-01,Miscellaneous,8257.26,Miscellaneous expense for April 2024
3873,16,2024-05-01,Rent,171726.13,Rent expense for May 2024
3874,16,2024-05-01,Electricity,34617.68,Electricity expense for May 2024
3875,16,2024-05-01,Salaries,462494.85,Salaries expense for May 2024
3876,16,2024-05-01,Maintenance,29546.69,Maintenance expense for May 2024
3877,16,2024-05-01,Delivery,46222.0,Delivery expense for May 2024
3878,16,2024-05-01,Cleaning,9222.27,Cleaning expense for May 2024
3879,16,2024-05-01,Repairs,20099.45,Repairs expense for May 2024
3880,16,2024-05-01,Miscellaneous,13351.62,Miscellaneous expense for May 2024
3881,16,2024-06-01,Rent,232244.03,Rent expense for June 2024
3882,16,2024-06-01,Electricity,42273.18,Electricity expense for June 2024
3883,16,2024-06-01,Salaries,770771.55,Salaries expense for June 2024
3884,16,2024-06-01,Maintenance,11097.1,Maintenance expense for June 2024
3885,16,2024-06-01,Delivery,50898.62,Delivery expense for June 2024
3886,16,2024-06-01,Cleaning,16892.71,Cleaning expense for June 2024
3887,16,2024-06-01,Repairs,31463.73,Repairs expense for June 2024
3888,16,2024-06-01,Miscellaneous,9811.11,Miscellaneous expense for June 2024
3889,16,2024-07-01,Rent,273953.84,Rent expense for July 2024
3890,16,2024-07-01,Electricity,70996.0,Electricity expense for July 2024
3891,16,2024-07-01,Salaries,659697.84,Salaries expense for July 2024
3892,16,2024-07-01,Maintenance,30445.86,Maintenance expense for July 2024
3893,16,2024-07-01,Delivery,65348.23,Delivery expense for July 2024
3894,16,2024-07-01,Cleaning,9156.71,Cleaning expense for July 2024
3895,16,2024-07-01,Repairs,11176.68,Repairs expense for July 2024
3896,16,2024-07-01,Miscellaneous,20700.95,Miscellaneous expense for July 2024
3897,16,2024-08-01,Rent,119176.18,Rent expense for August 2024
3898,16,2024-08-01,Electricity,52177.58,Electricity expense for August 2024
3899,16,2024-08-01,Salaries,575611.73,Salaries expense for August 2024
3900,16,2024-08-01,Maintenance,25519.68,Maintenance expense for August 2024
3901,16,2024-08-01,Delivery,56795.01,Delivery expense for August 2024
3902,16,2024-08-01,Cleaning,8490.61,Cleaning expense for August 2024
3903,16,2024-08-01,Repairs,37409.52,Repairs expense for August 2024
3904,16,2024-08-01,Miscellaneous,19396.19,Miscellaneous expense for August 2024
3905,16,2024-09-01,Rent,273839.94,Rent expense for September 2024
3906,16,2024-09-01,Electricity,55897.12,Electricity expense for September 2024
3907,16,2024-09-01,Salaries,477986.45,Salaries expense for September 2024
3908,16,2024-09-01,Maintenance,31616.51,Maintenance expense for September 2024
3909,16,2024-09-01,Delivery,17123.68,Delivery expense for September 2024
3910,16,2024-09-01,Cleaning,12929.38,Cleaning expense for September 2024
3911,16,2024-09-01,Repairs,17563.59,Repairs expense for September 2024
3912,16,2024-09-01,Miscellaneous,5057.69,Miscellaneous expense for September 2024
3913,16,2024-10-01,Rent,161319.63,Rent expense for October 2024
3914,16,2024-10-01,Electricity,77642.27,Electricity expense for October 2024
3915,16,2024-10-01,Salaries,633300.18,Salaries expense for October 2024
3916,16,2024-10-01,Maintenance,21237.54,Maintenance expense for October 2024
3917,16,2024-10-01,Delivery,60643.03,Delivery expense for October 2024
3918,16,2024-10-01,Cleaning,8419.3,Cleaning expense for October 2024
3919,16,2024-10-01,Repairs,29957.16,Repairs expense for October 2024
3920,16,2024-10-01,Miscellaneous,16768.9,Miscellaneous expense for October 2024
3921,16,2024-11-01,Rent,264234.29,Rent expense for November 2024
3922,16,2024-11-01,Electricity,38434.51,Electricity expense for November 2024
3923,16,2024-11-01,Salaries,782085.14,Salaries expense for November 2024
3924,16,2024-11-01,Maintenance,23260.45,Maintenance expense for November 2024
3925,16,2024-11-01,Delivery,47441.27,Delivery expense for November 2024
3926,16,2024-11-01,Cleaning,13943.96,Cleaning expense for November 2024
3927,16,2024-11-01,Repairs,22246.11,Repairs expense for November 2024
3928,16,2024-11-01,Miscellaneous,21999.91,Miscellaneous expense for November 2024
3929,16,2024-12-01,Rent,189478.47,Rent expense for December 2024
3930,16,2024-12-01,Electricity,62779.44,Electricity expense for December 2024
3931,16,2024-12-01,Salaries,432486.04,Salaries expense for December 2024
3932,16,2024-12-01,Maintenance,13359.59,Maintenance expense for December 2024
3933,16,2024-12-01,Delivery,58583.64,Delivery expense for December 2024
3934,16,2024-12-01,Cleaning,7469.94,Cleaning expense for December 2024
3935,16,2024-12-01,Repairs,40341.06,Repairs expense for December 2024
3936,16,2024-12-01,Miscellaneous,12640.92,Miscellaneous expense for December 2024
3937,16,2025-01-01,Rent,150672.4,Rent expense for January 2025
3938,16,2025-01-01,Electricity,60198.79,Electricity expense for January 2025
3939,16,2025-01-01,Salaries,641985.81,Salaries expense for January 2025
3940,16,2025-01-01,Maintenance,10920.94,Maintenance expense for January 2025
3941,16,2025-01-01,Delivery,66655.14,Delivery expense for January 2025
3942,16,2025-01-01,Cleaning,13303.54,Cleaning expense for January 2025
3943,16,2025-01-01,Repairs,20794.81,Repairs expense for January 2025
3944,16,2025-01-01,Miscellaneous,3328.25,Miscellaneous expense for January 2025
3945,16,2025-02-01,Rent,159610.89,Rent expense for February 2025
3946,16,2025-02-01,Electricity,61429.99,Electricity expense for February 2025
3947,16,2025-02-01,Salaries,629531.59,Salaries expense for February 2025
3948,16,2025-02-01,Maintenance,9060.35,Maintenance expense for February 2025
3949,16,2025-02-01,Delivery,29742.01,Delivery expense for February 2025
3950,16,2025-02-01,Cleaning,8674.5,Cleaning expense for February 2025
3951,16,2025-02-01,Repairs,28529.73,Repairs expense for February 2025
3952,16,2025-02-01,Miscellaneous,14616.29,Miscellaneous expense for February 2025
3953,16,2025-03-01,Rent,180618.91,Rent expense for March 2025
3954,16,2025-03-01,Electricity,73178.96,Electricity expense for March 2025
3955,16,2025-03-01,Salaries,687698.34,Salaries expense for March 2025
3956,16,2025-03-01,Maintenance,29725.23,Maintenance expense for March 2025
3957,16,2025-03-01,Delivery,25841.54,Delivery expense for March 2025
3958,16,2025-03-01,Cleaning,14159.86,Cleaning expense for March 2025
3959,16,2025-03-01,Repairs,43990.65,Repairs expense for March 2025
3960,16,2025-03-01,Miscellaneous,6805.89,Miscellaneous expense for March 2025
3961,16,2025-04-01,Rent,228922.11,Rent expense for April 2025
3962,16,2025-04-01,Electricity,42402.65,Electricity expense for April 2025
3963,16,2025-04-01,Salaries,706841.4,Salaries expense for April 2025
3964,16,2025-04-01,Maintenance,19072.65,Maintenance expense for April 2025
3965,16,2025-04-01,Delivery,33206.07,Delivery expense for April 2025
3966,16,2025-04-01,CLEANING,8243.24,Cleaning expense for April 2025
3967,16,2025-04-01,Repairs,41058.01,Repairs expense for April 2025
3968,16,2025-04-01,Miscellaneous,16808.48,Miscellaneous expense for April 2025
3969,16,2025-05-01,Rent,272747.15,Rent expense for May 2025
3970,16,2025-05-01,Electricity,77534.11,Electricity expense for May 2025
3971,16,2025-05-01,Salaries,625806.25,Salaries expense for May 2025
3972,16,2025-05-01,Maintenance,32523.74,Maintenance expense for May 2025
3973,16,2025-05-01,Delivery,46506.96,Delivery expense for May 2025
3974,16,2025-05-01,Cleaning,14398.32,Cleaning expense for May 2025
3975,16,2025-05-01,Repairs,26394.69,Repairs expense for May 2025
3976,16,2025-05-01,Miscellaneous,22500.34,Miscellaneous expense for May 2025
3977,16,2025-06-01,Rent,238754.25,Rent expense for June 2025
3978,16,2025-06-01,Electricity,59792.31,Electricity expense for June 2025
3979,16,2025-06-01,Salaries,685546.16,Salaries expense for June 2025
3980,16,2025-06-01,Maintenance,24919.33,Maintenance expense for June 2025
3981,16,2025-06-01,Delivery,53596.24,Delivery expense for June 2025
3982,16,2025-06-01,Cleaning,15704.04,Cleaning expense for June 2025
3983,16,2025-06-01,Repairs,18292.33,Repairs expense for June 2025
3984,16,2025-06-01,Miscellaneous,9305.34,Miscellaneous expense for June 2025
3985,16,2025-07-01,Rent,220250.96,Rent expense for July 2025
3986,16,2025-07-01,Electricity,62785.98,Electricity expense for July 2025
3987,16,2025-07-01,Salaries,572587.01,Salaries expense for July 2025
3988,16,2025-07-01,Maintenance,13114.76,Maintenance expense for July 2025
3989,16,2025-07-01,Delivery,23892.84,Delivery expense for July 2025
3990,16,2025-07-01,Cleaning,7757.93,Cleaning expense for July 2025
3991,16,2025-07-01,Repairs,14279.09,Repairs expense for July 2025
3992,16,2025-07-01,Miscellaneous,6598.67,Miscellaneous expense for July 2025
3993,16,2025-08-01,Rent,113779.68,Rent expense for August 2025
3994,16,2025-08-01,Electricity,32763.87,Electricity expense for August 2025
3995,16,2025-08-01,Salaries,624228.1,Salaries expense for August 2025
3996,16,2025-08-01,Maintenance,29443.26,Maintenance expense for August 2025
3997,16,2025-08-01,Delivery,40282.49,Delivery expense for August 2025
3998,16,2025-08-01,Cleaning,15081.69,Cleaning expense for August 2025
3999,16,2025-08-01,Repairs,10405.37,Repairs expense for August 2025
4000,16,2025-08-01,Miscellaneous,13126.97,Miscellaneous expense for August 2025
4001,16,2025-09-01,Rent,226611.21,Rent expense for September 2025
4002,16,2025-09-01,Electricity,37036.32,Electricity expense for September 2025
4003,16,2025-09-01,Salaries,431785.59,Salaries expense for September 2025
4004,16,2025-09-01,Maintenance,26976.69,Maintenance expense for September 2025
4005,16,2025-09-01,Delivery,26463.13,Delivery expense for September 2025
4006,16,2025-09-01,Cleaning,12137.14,Cleaning expense for September 2025
4007,16,2025-09-01,Repairs,32307.68,Repairs expense for September 2025
4008,16,2025-09-01,Miscellaneous,22073.0,Miscellaneous expense for September 2025
4009,16,2025-10-01,Rent,211671.18,Rent expense for October 2025
4010,16,2025-10-01,Electricity,34946.34,Electricity expense for October 2025
4011,16,2025-10-01,Salaries,558723.33,Salaries expense for October 2025
4012,16,2025-10-01,Maintenance,16931.65,Maintenance expense for October 2025
4013,16,2025-10-01,Delivery,65860.3,Delivery expense for October 2025
4014,16,2025-10-01,Cleaning,8573.2,Cleaning expense for October 2025
4015,16,2025-10-01,Repairs,18352.85,Repairs expense for October 2025
4016,16,2025-10-01,Miscellaneous,17383.24,Miscellaneous expense for October 2025
4017,16,2025-11-01,Rent,259646.83,Rent expense for November 2025
4018,16,2025-11-01,Electricity,54370.18,Electricity expense for November 2025
4019,16,2025-11-01,Salaries,562198.17,Salaries expense for November 2025
4020,16,2025-11-01,Maintenance,18115.22,Maintenance expense for November 2025
4021,16,2025-11-01,Delivery,21060.51,Delivery expense for November 2025
4022,16,2025-11-01,Cleaning,12808.12,Cleaning expense for November 2025
4023,16,2025-11-01,Repairs,8314.18,Repairs expense for November 2025
4024,16,2025-11-01,Miscellaneous,11317.23,Miscellaneous expense for November 2025
4025,16,2025-12-01,Rent,239117.85,Rent expense for December 2025
4026,16,2025-12-01,Electricity,46687.83,Electricity expense for December 2025
4027,16,2025-12-01,Salaries,570497.43,Salaries expense for December 2025
4028,16,2025-12-01,Maintenance,10438.62,Maintenance expense for December 2025
4029,16,2025-12-01,Delivery,59452.95,Delivery expense for December 2025
4030,16,2025-12-01,Cleaning,11981.16,Cleaning expense for December 2025
4031,16,2025-12-01,Repairs,27608.84,Repairs expense for December 2025
4032,16,2025-12-01,Miscellaneous,14757.35,Miscellaneous expense for December 2025
4033,16,2026-01-01,Rent,250481.34,Rent expense for January 2026
4034,16,2026-01-01,Electricity,34232.5,Electricity expense for January 2026
4035,16,2026-01-01,Salaries,483660.49,Salaries expense for January 2026
4036,16,2026-01-01,Maintenance,18723.95,Maintenance expense for January 2026
4037,16,2026-01-01,Delivery,30985.92,Delivery expense for January 2026
4038,16,2026-01-01,Cleaning,5966.67,Cleaning expense for January 2026
4039,16,2026-01-01,Repairs,23296.25,Repairs expense for January 2026
4040,16,2026-01-01,Miscellaneous,8544.06,Miscellaneous expense for January 2026
4041,16,2026-02-01,Rent,175888.62,Rent expense for February 2026
4042,16,2026-02-01,Electricity,31585.21,Electricity expense for February 2026
4043,16,2026-02-01,Salaries,729588.73,Salaries expense for February 2026
4044,16,2026-02-01,Maintenance,25006.74,Maintenance expense for February 2026
4045,16,2026-02-01,Delivery,65969.24,Delivery expense for February 2026
4046,16,2026-02-01,Cleaning,6312.59,Cleaning expense for February 2026
4047,16,2026-02-01,Repairs,28133.19,Repairs expense for February 2026
4048,16,2026-02-01,Miscellaneous,17425.2,Miscellaneous expense for February 2026
4049,16,2026-03-01,Rent,192427.64,Rent expense for March 2026
4050,16,2026-03-01,Electricity,29844.4,Electricity expense for March 2026
4051,16,2026-03-01,Salaries,526099.37,Salaries expense for March 2026
4052,16,2026-03-01,Maintenance,31235.2,Maintenance expense for March 2026
4053,16,2026-03-01,Delivery,22209.75,Delivery expense for March 2026
4054,16,2026-03-01,Cleaning,14612.79,Cleaning expense for March 2026
4055,16,2026-03-01,Repairs,16317.49,Repairs expense for March 2026
4056,16,2026-03-01,Miscellaneous,18543.22,Miscellaneous expense for March 2026
4057,16,2026-04-01,Rent,200500.38,Rent expense for April 2026
4058,16,2026-04-01,Electricity,78314.69,Electricity expense for April 2026
4059,16,2026-04-01,Salaries,471920.6,Salaries expense for April 2026
4060,16,2026-04-01,Maintenance,18854.63,Maintenance expense for April 2026
4061,16,2026-04-01,Delivery,22026.64,Delivery expense for April 2026
4062,16,2026-04-01,Cleaning,13713.42,Cleaning expense for April 2026
4063,16,2026-04-01,Repairs,21390.66,Repairs expense for April 2026
4064,16,2026-04-01,Miscellaneous,13661.39,Miscellaneous expense for April 2026
4065,16,2026-05-01,Rent,162640.66,Rent expense for May 2026
4066,16,2026-05-01,Electricity,65225.31,Electricity expense for May 2026
4067,16,2026-05-01,Salaries,603851.66,Salaries expense for May 2026
4068,16,2026-05-01,Maintenance,28541.89,Maintenance expense for May 2026
4069,16,2026-05-01,Delivery,29423.01,Delivery expense for May 2026
4070,16,2026-05-01,Cleaning,13608.69,Cleaning expense for May 2026
4071,16,2026-05-01,Repairs,19748.49,Repairs expense for May 2026
4072,16,2026-05-01,Miscellaneous,18351.01,Miscellaneous expense for May 2026
4073,16,2026-06-01,Rent,147627.6,Rent expense for June 2026
4074,16,2026-06-01,Electricity,31085.34,Electricity expense for June 2026
4075,16,2026-06-01,Salaries,517478.53,Salaries expense for June 2026
4076,16,2026-06-01,Maintenance,15754.68,Maintenance expense for June 2026
4077,16,2026-06-01,Delivery,58645.09,Delivery expense for June 2026
4078,16,2026-06-01,Cleaning,8246.1,Cleaning expense for June 2026
4079,16,2026-06-01,Repairs,24218.48,Repairs expense for June 2026
4080,16,2026-06-01,Miscellaneous,12848.11,Miscellaneous expense for June 2026
4081,16,2026-07-01,Rent,149443.45,Rent expense for July 2026
4082,16,2026-07-01,Electricity,32117.25,Electricity expense for July 2026
4083,16,2026-07-01,Salaries,438365.26,Salaries expense for July 2026
4084,16,2026-07-01,Maintenance,22719.11,Maintenance expense for July 2026
4085,16,2026-07-01,Delivery,52707.63,Delivery expense for July 2026
4086,16,2026-07-01,Cleaning,7671.48,Cleaning expense for July 2026
4087,16,2026-07-01,Repairs,6102.88,Repairs expense for July 2026
4088,16,2026-07-01,Miscellaneous,12223.26,Miscellaneous expense for July 2026
4089,16,2026-08-01,Rent,254416.59,Rent expense for August 2026
4090,16,2026-08-01,Electricity,68231.69,Electricity expense for August 2026
4091,16,2026-08-01,Salaries,521501.77,Salaries expense for August 2026
4092,16,2026-08-01,Maintenance,10742.09,Maintenance expense for August 2026
4093,16,2026-08-01,Delivery,65695.64,Delivery expense for August 2026
4094,16,2026-08-01,Cleaning,14897.8,Cleaning expense for August 2026
4095,16,2026-08-01,Repairs,6175.88,Repairs expense for August 2026
4096,16,2026-08-01,Miscellaneous,20380.6,Miscellaneous expense for August 2026
4097,17,2024-01-01,Rent,203332.12,Rent expense for January 2024
4098,17,2024-01-01,Electricity,36487.7,Electricity expense for January 2024
4099,17,2024-01-01,Salaries,518023.53,Salaries expense for January 2024
4100,17,2024-01-01,Maintenance,7135.54,Maintenance expense for January 2024
4101,17,2024-01-01,Delivery,48559.17,Delivery expense for January 2024
4102,17,2024-01-01,Cleaning,12616.51,Cleaning expense for January 2024
4103,17,2024-01-01,Repairs,12213.06,Repairs expense for January 2024
4104,17,2024-01-01,Miscellaneous,6986.78,Miscellaneous expense for January 2024
4105,17,2024-02-01,Rent,197301.27,Rent expense for February 2024
4106,17,2024-02-01,Electricity,52435.01,Electricity expense for February 2024
4107,17,2024-02-01,Salaries,430784.92,Salaries expense for February 2024
4108,17,2024-02-01,Maintenance,23424.02,Maintenance expense for February 2024
4109,17,2024-02-01,Delivery,20633.77,Delivery expense for February 2024
4110,17,2024-02-01,Cleaning,7891.96,Cleaning expense for February 2024
4111,17,2024-02-01,Repairs,31065.39,Repairs expense for February 2024
4112,17,2024-02-01,Miscellaneous,5783.56,Miscellaneous expense for February 2024
4113,17,2024-03-01,rent,205738.71,Rent expense for March 2024
4114,17,2024-03-01,Electricity,34916.3,Electricity expense for March 2024
4115,17,2024-03-01,Salaries,501348.95,Salaries expense for March 2024
4116,17,2024-03-01,Maintenance,9736.74,Maintenance expense for March 2024
4117,17,2024-03-01,Delivery,15490.36,Delivery expense for March 2024
4118,17,2024-03-01,Cleaning,7125.79,Cleaning expense for March 2024
4119,17,2024-03-01,Repairs,33782.32,Repairs expense for March 2024
4120,17,2024-03-01,Miscellaneous,13763.27,Miscellaneous expense for March 2024
4121,17,2024-04-01,Rent,149280.57,Rent expense for April 2024
4122,17,2024-04-01,Electricity,35635.47,Electricity expense for April 2024
4123,17,2024-04-01,Salaries,358984.71,Salaries expense for April 2024
4124,17,2024-04-01,Maintenance,22985.44,Maintenance expense for April 2024
4125,17,2024-04-01,Delivery,48704.63,Delivery expense for April 2024
4126,17,2024-04-01,Cleaning,8319.51,Cleaning expense for April 2024
4127,17,2024-04-01,Repairs,19881.62,Repairs expense for April 2024
4128,17,2024-04-01,Miscellaneous,1719.89,Miscellaneous expense for April 2024
4129,17,2024-05-01,Rent,92932.32,Rent expense for May 2024
4130,17,2024-05-01,Electricity,41057.26,Electricity expense for May 2024
4131,17,2024-05-01,Salaries,559870.73,Salaries expense for May 2024
4132,17,2024-05-01,Maintenance,23524.25,Maintenance expense for May 2024
4133,17,2024-05-01,Delivery,22974.15,Delivery expense for May 2024
4134,17,2024-05-01,Cleaning,7197.19,Cleaning expense for May 2024
4135,17,2024-05-01,Repairs,23445.21,Repairs expense for May 2024
4136,17,2024-05-01,Miscellaneous,7400.04,Miscellaneous expense for May 2024
4137,17,2024-06-01,Rent,162458.1,Rent expense for June 2024
4138,17,2024-06-01,Electricity,41372.54,Electricity expense for June 2024
4139,17,2024-06-01,Salaries,313346.67,Salaries expense for June 2024
4140,17,2024-06-01,Maintenance,14462.19,Maintenance expense for June 2024
4141,17,2024-06-01,Delivery,51032.79,Delivery expense for June 2024
4142,17,2024-06-01,Cleaning,11992.08,Cleaning expense for June 2024
4143,17,2024-06-01,Repairs,22236.29,Repairs expense for June 2024
4144,17,2024-06-01,Miscellaneous,2456.54,Miscellaneous expense for June 2024
4145,17,2024-07-01,Rent,160391.0,Rent expense for July 2024
4146,17,2024-07-01,Electricity,44805.57,Electricity expense for July 2024
4147,17,2024-07-01,Salaries,435316.67,Salaries expense for July 2024
4148,17,2024-07-01,Maintenance,12979.92,Maintenance expense for July 2024
4149,17,2024-07-01,Delivery,34616.77,Delivery expense for July 2024
4150,17,2024-07-01,Cleaning,9058.9,Cleaning expense for July 2024
4151,17,2024-07-01,Repairs,30007.67,Repairs expense for July 2024
4152,17,2024-07-01,Miscellaneous,9159.25,Miscellaneous expense for July 2024
4153,17,2024-08-01,Rent,121440.74,Rent expense for August 2024
4154,17,2024-08-01,Electricity,30769.4,Electricity expense for August 2024
4155,17,2024-08-01,Salaries,528607.45,Salaries expense for August 2024
4156,17,2024-08-01,Maintenance,18254.95,Maintenance expense for August 2024
4157,17,2024-08-01,Delivery,30652.97,Delivery expense for August 2024
4158,17,2024-08-01,Cleaning,4360.43,Cleaning expense for August 2024
4159,17,2024-08-01,Repairs,14534.48,Repairs expense for August 2024
4160,17,2024-08-01,Miscellaneous,12074.64,Miscellaneous expense for August 2024
4161,17,2024-09-01,RENT,172933.12,Rent expense for September 2024
4162,17,2024-09-01,Electricity,59043.64,Electricity expense for September 2024
4163,17,2024-09-01,Salaries,513683.36,Salaries expense for September 2024
4164,17,2024-09-01,Maintenance,17106.03,Maintenance expense for September 2024
4165,17,2024-09-01,Delivery,31246.78,Delivery expense for September 2024
4166,17,2024-09-01,Cleaning,5323.31,Cleaning expense for September 2024
4167,17,2024-09-01,Repairs,23841.15,Repairs expense for September 2024
4168,17,2024-09-01,Miscellaneous,16958.18,Miscellaneous expense for September 2024
4169,17,2024-10-01,Rent,124043.23,Rent expense for October 2024
4170,17,2024-10-01,Electricity,31595.56,Electricity expense for October 2024
4171,17,2024-10-01,Salaries,403943.16,Salaries expense for October 2024
4172,17,2024-10-01,Maintenance,24116.52,Maintenance expense for October 2024
4173,17,2024-10-01,Delivery,47573.52,Delivery expense for October 2024
4174,17,2024-10-01,Cleaning,12037.84,Cleaning expense for October 2024
4175,17,2024-10-01,Repairs,32248.58,Repairs expense for October 2024
4176,17,2024-10-01,Miscellaneous,9195.87,Miscellaneous expense for October 2024
4177,17,2024-11-01,Rent,84383.93,Rent expense for November 2024
4178,17,2024-11-01,Electricity,31202.27,Electricity expense for November 2024
4179,17,2024-11-01,Salaries,549845.66,Salaries expense for November 2024
4180,17,2024-11-01,Maintenance,24672.72,Maintenance expense for November 2024
4181,17,2024-11-01,Delivery,42006.65,Delivery expense for November 2024
4182,17,2024-11-01,Cleaning,8416.31,Cleaning expense for November 2024
4183,17,2024-11-01,Repairs,10982.3,Repairs expense for November 2024
4184,17,2024-11-01,Miscellaneous,5882.94,Miscellaneous expense for November 2024
4185,17,2024-12-01,Rent,139324.81,Rent expense for December 2024
4186,17,2024-12-01,Electricity,48405.56,Electricity expense for December 2024
4187,17,2024-12-01,Salaries,434599.43,Salaries expense for December 2024
4188,17,2024-12-01,Maintenance,24726.07,Maintenance expense for December 2024
4189,17,2024-12-01,Delivery,40900.57,Delivery expense for December 2024
4190,17,2024-12-01,Cleaning,9146.99,Cleaning expense for December 2024
4191,17,2024-12-01,Repairs,25101.09,Repairs expense for December 2024
4192,17,2024-12-01,Miscellaneous,14446.39,Miscellaneous expense for December 2024
4193,17,2025-01-01,Rent,134900.3,Rent expense for January 2025
4194,17,2025-01-01,Electricity,40901.56,Electricity expense for January 2025
4195,17,2025-01-01,Salaries,447300.16,Salaries expense for January 2025
4196,17,2025-01-01,Maintenance,9714.78,Maintenance expense for January 2025
4197,17,2025-01-01,Delivery,13674.03,Delivery expense for January 2025
4198,17,2025-01-01,Cleaning,11621.89,Cleaning expense for January 2025
4199,17,2025-01-01,Repairs,10846.08,Repairs expense for January 2025
4200,17,2025-01-01,Miscellaneous,11122.04,Miscellaneous expense for January 2025
4201,17,2025-02-01,Rent,207786.55,Rent expense for February 2025
4202,17,2025-02-01,Electricity,58111.51,Electricity expense for February 2025
4203,17,2025-02-01,Salaries,505484.49,Salaries expense for February 2025
4204,17,2025-02-01,Maintenance,7426.52,Maintenance expense for February 2025
4205,17,2025-02-01,Delivery,28032.49,Delivery expense for February 2025
4206,17,2025-02-01,Cleaning,4369.68,Cleaning expense for February 2025
4207,17,2025-02-01,Repairs,32411.57,Repairs expense for February 2025
4208,17,2025-02-01,Miscellaneous,13151.22,Miscellaneous expense for February 2025
4209,17,2025-03-01,Rent,103530.97,Rent expense for March 2025
4210,17,2025-03-01,Electricity,24950.78,Electricity expense for March 2025
4211,17,2025-03-01,Salaries,401832.99,Salaries expense for March 2025
4212,17,2025-03-01,Maintenance,14513.92,Maintenance expense for March 2025
4213,17,2025-03-01,Delivery,21758.64,Delivery expense for March 2025
4214,17,2025-03-01,Cleaning,8733.7,Cleaning expense for March 2025
4215,17,2025-03-01,Repairs,21851.03,Repairs expense for March 2025
4216,17,2025-03-01,Miscellaneous,16930.16,Miscellaneous expense for March 2025
4217,17,2025-04-01,Rent,209256.07,Rent expense for April 2025
4218,17,2025-04-01,Electricity,28591.57,Electricity expense for April 2025
4219,17,2025-04-01,Salaries,323828.0,Salaries expense for April 2025
4220,17,2025-04-01,Maintenance,8597.14,Maintenance expense for April 2025
4221,17,2025-04-01,Delivery,45101.02,Delivery expense for April 2025
4222,17,2025-04-01,Cleaning,10414.41,Cleaning expense for April 2025
4223,17,2025-04-01,Repairs,14824.46,Repairs expense for April 2025
4224,17,2025-04-01,Miscellaneous,6100.74,Miscellaneous expense for April 2025
4225,17,2025-05-01,Rent,138297.45,Rent expense for May 2025
4226,17,2025-05-01,Electricity,23643.95,Electricity expense for May 2025
4227,17,2025-05-01,Salaries,565958.77,Salaries expense for May 2025
4228,17,2025-05-01,Maintenance,21338.84,Maintenance expense for May 2025
4229,17,2025-05-01,Delivery,14834.85,Delivery expense for May 2025
4230,17,2025-05-01,Cleaning,7645.8,Cleaning expense for May 2025
4231,17,2025-05-01,Repairs,28813.19,Repairs expense for May 2025
4232,17,2025-05-01,Miscellaneous,2666.7,Miscellaneous expense for May 2025
4233,17,2025-06-01,Rent,131036.85,Rent expense for June 2025
4234,17,2025-06-01,Electricity,40438.92,Electricity expense for June 2025
4235,17,2025-06-01,Salaries,448932.62,Salaries expense for June 2025
4236,17,2025-06-01,Maintenance,18390.75,Maintenance expense for June 2025
4237,17,2025-06-01,Delivery,48639.66,Delivery expense for June 2025
4238,17,2025-06-01,Cleaning,8607.25,Cleaning expense for June 2025
4239,17,2025-06-01,Repairs,14264.02,Repairs expense for June 2025
4240,17,2025-06-01,Miscellaneous,10145.86,Miscellaneous expense for June 2025
4241,17,2025-07-01,Rent,92847.67,Rent expense for July 2025
4242,17,2025-07-01,Electricity,38596.59,Electricity expense for July 2025
4243,17,2025-07-01,Salaries,546013.03,Salaries expense for July 2025
4244,17,2025-07-01,Maintenance,15672.24,Maintenance expense for July 2025
4245,17,2025-07-01,Delivery,38482.25,Delivery expense for July 2025
4246,17,2025-07-01,Cleaning,8081.56,Cleaning expense for July 2025
4247,17,2025-07-01,REPAIRS,20596.66,Repairs expense for July 2025
4248,17,2025-07-01,Miscellaneous,9571.93,Miscellaneous expense for July 2025
4249,17,2025-08-01,Rent,146546.38,Rent expense for August 2025
4250,17,2025-08-01,Electricity,32272.9,Electricity expense for August 2025
4251,17,2025-08-01,Salaries,555237.97,Salaries expense for August 2025
4252,17,2025-08-01,Maintenance,10845.51,Maintenance expense for August 2025
4253,17,2025-08-01,Delivery,22244.48,Delivery expense for August 2025
4254,17,2025-08-01,Cleaning,5842.51,Cleaning expense for August 2025
4255,17,2025-08-01,Repairs,19427.98,Repairs expense for August 2025
4256,17,2025-08-01,Miscellaneous,12613.6,Miscellaneous expense for August 2025
4257,17,2025-09-01,Rent,194363.27,Rent expense for September 2025
4258,17,2025-09-01,Electricity,35841.18,Electricity expense for September 2025
4259,17,2025-09-01,Salaries,412002.42,Salaries expense for September 2025
4260,17,2025-09-01,Maintenance,15395.37,Maintenance expense for September 2025
4261,17,2025-09-01,Delivery,49179.54,Delivery expense for September 2025
4262,17,2025-09-01,Cleaning,10516.09,Cleaning expense for September 2025
4263,17,2025-09-01,Repairs,16924.71,Repairs expense for September 2025
4264,17,2025-09-01,Miscellaneous,12506.41,Miscellaneous expense for September 2025
4265,17,2025-10-01,Rent,119360.29,Rent expense for October 2025
4266,17,2025-10-01,Electricity,30686.7,Electricity expense for October 2025
4267,17,2025-10-01,Salaries,490898.9,Salaries expense for October 2025
4268,17,2025-10-01,Maintenance,10142.93,Maintenance expense for October 2025
4269,17,2025-10-01,Delivery,13827.01,Delivery expense for October 2025
4270,17,2025-10-01,Cleaning,8756.98,Cleaning expense for October 2025
4271,17,2025-10-01,Repairs,7854.8,Repairs expense for October 2025
4272,17,2025-10-01,Miscellaneous,9919.04,Miscellaneous expense for October 2025
4273,17,2025-11-01,Rent,81281.5,Rent expense for November 2025
4274,17,2025-11-01,Electricity,54253.92,Electricity expense for November 2025
4275,17,2025-11-01,Salaries,309128.48,Salaries expense for November 2025
4276,17,2025-11-01,Maintenance,13106.03,Maintenance expense for November 2025
4277,17,2025-11-01,Delivery,24586.75,Delivery expense for November 2025
4278,17,2025-11-01,Cleaning,4500.54,Cleaning expense for November 2025
4279,17,2025-11-01,Repairs,8769.49,Repairs expense for November 2025
4280,17,2025-11-01,Miscellaneous,11836.86,Miscellaneous expense for November 2025
4281,17,2025-12-01,Rent,189702.96,Rent expense for December 2025
4282,17,2025-12-01,Electricity,51093.8,Electricity expense for December 2025
4283,17,2025-12-01,salaries,390418.53,Salaries expense for December 2025
4284,17,2025-12-01,Maintenance,16000.93,Maintenance expense for December 2025
4285,17,2025-12-01,Delivery,40692.91,Delivery expense for December 2025
4286,17,2025-12-01,Cleaning,7135.15,Cleaning expense for December 2025
4287,17,2025-12-01,Repairs,7192.4,Repairs expense for December 2025
4288,17,2025-12-01,Miscellaneous,8767.79,Miscellaneous expense for December 2025
4289,17,2026-01-01,Rent,149737.0,Rent expense for January 2026
4290,17,2026-01-01,Electricity,26049.96,Electricity expense for January 2026
4291,17,2026-01-01,Salaries,353820.17,Salaries expense for January 2026
4292,17,2026-01-01,Maintenance,12144.97,Maintenance expense for January 2026
4293,17,2026-01-01,Delivery,37033.79,Delivery expense for January 2026
4294,17,2026-01-01,Cleaning,6028.67,Cleaning expense for January 2026
4295,17,2026-01-01,Repairs,16423.95,Repairs expense for January 2026
4296,17,2026-01-01,Miscellaneous,6056.52,Miscellaneous expense for January 2026
4297,17,2026-02-01,Rent,97794.84,Rent expense for February 2026
4298,17,2026-02-01,Electricity,38966.78,Electricity expense for February 2026
4299,17,2026-02-01,Salaries,508713.16,Salaries expense for February 2026
4300,17,2026-02-01,Maintenance,13427.76,Maintenance expense for February 2026
4301,17,2026-02-01,Delivery,25949.69,Delivery expense for February 2026
4302,17,2026-02-01,Cleaning,4552.3,Cleaning expense for February 2026
4303,17,2026-02-01,Repairs,28329.79,Repairs expense for February 2026
4304,17,2026-02-01,Miscellaneous,3205.4,Miscellaneous expense for February 2026
4305,17,2026-03-01,Rent,174737.92,Rent expense for March 2026
4306,17,2026-03-01,Electricity,43045.56,Electricity expense for March 2026
4307,17,2026-03-01,Salaries,332345.58,Salaries expense for March 2026
4308,17,2026-03-01,Maintenance,20508.42,Maintenance expense for March 2026
4309,17,2026-03-01,Delivery,34186.72,Delivery expense for March 2026
4310,17,2026-03-01,Cleaning,4586.12,Cleaning expense for March 2026
4311,17,2026-03-01,Repairs,28133.66,Repairs expense for March 2026
4312,17,2026-03-01,Miscellaneous,5530.38,Miscellaneous expense for March 2026
4313,17,2026-04-01,Rent,147573.91,Rent expense for April 2026
4314,17,2026-04-01,Electricity,35347.19,Electricity expense for April 2026
4315,17,2026-04-01,Salaries,537827.16,Salaries expense for April 2026
4316,17,2026-04-01,Maintenance,22542.38,Maintenance expense for April 2026
4317,17,2026-04-01,Delivery,17857.73,Delivery expense for April 2026
4318,17,2026-04-01,Cleaning,9842.39,Cleaning expense for April 2026
4319,17,2026-04-01,Repairs,7705.89,Repairs expense for April 2026
4320,17,2026-04-01,Miscellaneous,10425.78,Miscellaneous expense for April 2026
4321,17,2026-05-01,Rent,183686.2,Rent expense for May 2026
4322,17,2026-05-01,Electricity,32165.1,Electricity expense for May 2026
4323,17,2026-05-01,Salaries,484338.59,Salaries expense for May 2026
4324,17,2026-05-01,Maintenance,24844.2,Maintenance expense for May 2026
4325,17,2026-05-01,Delivery,43820.33,Delivery expense for May 2026
4326,17,2026-05-01,Cleaning,12385.96,Cleaning expense for May 2026
4327,17,2026-05-01,Repairs,13390.25,Repairs expense for May 2026
4328,17,2026-05-01,Miscellaneous,3017.43,Miscellaneous expense for May 2026
4329,17,2026-06-01,Rent,107613.15,Rent expense for June 2026
4330,17,2026-06-01,Electricity,23021.84,Electricity expense for June 2026
4331,17,2026-06-01,Salaries,500448.43,Salaries expense for June 2026
4332,17,2026-06-01,Maintenance,6879.31,Maintenance expense for June 2026
4333,17,2026-06-01,Delivery,21438.65,Delivery expense for June 2026
4334,17,2026-06-01,Cleaning,7976.97,Cleaning expense for June 2026
4335,17,2026-06-01,Repairs,8800.09,Repairs expense for June 2026
4336,17,2026-06-01,Miscellaneous,6565.1,Miscellaneous expense for June 2026
4337,17,2026-07-01,Rent,148068.41,Rent expense for July 2026
4338,17,2026-07-01,Electricity,51560.61,Electricity expense for July 2026
4339,17,2026-07-01,Salaries,464575.15,Salaries expense for July 2026
4340,17,2026-07-01,Maintenance,13065.1,Maintenance expense for July 2026
4341,17,2026-07-01,Delivery,24893.3,Delivery expense for July 2026
4342,17,2026-07-01,Cleaning,9553.05,Cleaning expense for July 2026
4343,17,2026-07-01,Repairs,11783.13,Repairs expense for July 2026
4344,17,2026-07-01,Miscellaneous,4152.51,Miscellaneous expense for July 2026
4345,17,2026-08-01,Rent,192844.33,Rent expense for August 2026
4346,17,2026-08-01,Electricity,31567.88,Electricity expense for August 2026
4347,17,2026-08-01,Salaries,500256.51,Salaries expense for August 2026
4348,17,2026-08-01,Maintenance,9728.08,Maintenance expense for August 2026
4349,17,2026-08-01,Delivery,31723.0,Delivery expense for August 2026
4350,17,2026-08-01,Cleaning,10064.15,Cleaning expense for August 2026
4351,17,2026-08-01,Repairs,3966.88,Repairs expense for August 2026
4352,17,2026-08-01,Miscellaneous,16754.42,Miscellaneous expense for August 2026
4353,18,2024-01-01,Rent,87521.38,Rent expense for January 2024
4354,18,2024-01-01,Electricity,56693.28,Electricity expense for January 2024
4355,18,2024-01-01,Salaries,409341.28,Salaries expense for January 2024
4356,18,2024-01-01,Maintenance,14923.82,Maintenance expense for January 2024
4357,18,2024-01-01,Delivery,13283.96,Delivery expense for January 2024
4358,18,2024-01-01,Cleaning,11425.34,Cleaning expense for January 2024
4359,18,2024-01-01,Repairs,3896.73,Repairs expense for January 2024
4360,18,2024-01-01,Miscellaneous,5830.36,Miscellaneous expense for January 2024
4361,18,2024-02-01,Rent,176797.78,Rent expense for February 2024
4362,18,2024-02-01,Electricity,51621.88,Electricity expense for February 2024
4363,18,2024-02-01,Salaries,488782.83,Salaries expense for February 2024
4364,18,2024-02-01,Maintenance,9301.74,Maintenance expense for February 2024
4365,18,2024-02-01,Delivery,39104.94,Delivery expense for February 2024
4366,18,2024-02-01,Cleaning,5488.24,Cleaning expense for February 2024
4367,18,2024-02-01,Repairs,24234.32,Repairs expense for February 2024
4368,18,2024-02-01,Miscellaneous,3104.32,Miscellaneous expense for February 2024
4369,18,2024-03-01,Rent,159332.5,Rent expense for March 2024
4370,18,2024-03-01,Electricity,24114.84,Electricity expense for March 2024
4371,18,2024-03-01,Salaries,518140.42,Salaries expense for March 2024
4372,18,2024-03-01,Maintenance,14921.4,Maintenance expense for March 2024
4373,18,2024-03-01,Delivery,25059.89,Delivery expense for March 2024
4374,18,2024-03-01,Cleaning,5514.78,Cleaning expense for March 2024
4375,18,2024-03-01,Repairs,27451.86,Repairs expense for March 2024
4376,18,2024-03-01,Miscellaneous,16568.44,Miscellaneous expense for March 2024
4377,18,2024-04-01,Rent,109057.13,Rent expense for April 2024
4378,18,2024-04-01,Electricity,51108.65,Electricity expense for April 2024
4379,18,2024-04-01,Salaries,396664.39,Salaries expense for April 2024
4380,18,2024-04-01,Maintenance,17210.96,Maintenance expense for April 2024
4381,18,2024-04-01,Delivery,31941.46,Delivery expense for April 2024
4382,18,2024-04-01,Cleaning,6236.53,Cleaning expense for April 2024
4383,18,2024-04-01,Repairs,7985.15,Repairs expense for April 2024
4384,18,2024-04-01,Miscellaneous,11425.01,Miscellaneous expense for April 2024
4385,18,2024-05-01,Rent,179838.42,Rent expense for May 2024
4386,18,2024-05-01,Electricity,50892.33,Electricity expense for May 2024
4387,18,2024-05-01,Salaries,574643.58,Salaries expense for May 2024
4388,18,2024-05-01,Maintenance,23844.89,Maintenance expense for May 2024
4389,18,2024-05-01,Delivery,46609.53,Delivery expense for May 2024
4390,18,2024-05-01,Cleaning,10122.34,Cleaning expense for May 2024
4391,18,2024-05-01,Repairs,35007.74,Repairs expense for May 2024
4392,18,2024-05-01,Miscellaneous,9736.13,Miscellaneous expense for May 2024
4393,18,2024-06-01,Rent,93097.9,Rent expense for June 2024
4394,18,2024-06-01,Electricity,47781.75,Electricity expense for June 2024
4395,18,2024-06-01,Salaries,513264.98,Salaries expense for June 2024
4396,18,2024-06-01,Maintenance,14832.59,Maintenance expense for June 2024
4397,18,2024-06-01,Delivery,25237.68,Delivery expense for June 2024
4398,18,2024-06-01,Cleaning,8377.35,Cleaning expense for June 2024
4399,18,2024-06-01,Repairs,11793.99,Repairs expense for June 2024
4400,18,2024-06-01,Miscellaneous,13488.37,Miscellaneous expense for June 2024
4401,18,2024-07-01,Rent,169635.63,Rent expense for July 2024
4402,18,2024-07-01,Electricity,52474.66,Electricity expense for July 2024
4403,18,2024-07-01,Salaries,561879.36,Salaries expense for July 2024
4404,18,2024-07-01,Maintenance,21495.24,Maintenance expense for July 2024
4405,18,2024-07-01,Delivery,49767.68,Delivery expense for July 2024
4406,18,2024-07-01,Cleaning,6716.3,Cleaning expense for July 2024
4407,18,2024-07-01,Repairs,29255.64,Repairs expense for July 2024
4408,18,2024-07-01,Miscellaneous,15573.19,Miscellaneous expense for July 2024
4409,18,2024-08-01,Rent,107877.21,Rent expense for August 2024
4410,18,2024-08-01,Electricity,42784.07,Electricity expense for August 2024
4411,18,2024-08-01,Salaries,310519.73,Salaries expense for August 2024
4412,18,2024-08-01,Maintenance,24928.78,Maintenance expense for August 2024
4413,18,2024-08-01,Delivery,50836.77,Delivery expense for August 2024
4414,18,2024-08-01,Cleaning,6722.79,Cleaning expense for August 2024
4415,18,2024-08-01,Repairs,11903.79,Repairs expense for August 2024
4416,18,2024-08-01,Miscellaneous,6672.05,Miscellaneous expense for August 2024
4417,18,2024-09-01,Rent,170557.9,Rent expense for September 2024
4418,18,2024-09-01,Electricity,57513.9,Electricity expense for September 2024
4419,18,2024-09-01,Salaries,511237.34,Salaries expense for September 2024
4420,18,2024-09-01,Maintenance,21804.33,Maintenance expense for September 2024
4421,18,2024-09-01,Delivery,14476.9,Delivery expense for September 2024
4422,18,2024-09-01,Cleaning,8429.99,Cleaning expense for September 2024
4423,18,2024-09-01,Repairs,8462.79,Repairs expense for September 2024
4424,18,2024-09-01,Miscellaneous,3495.99,Miscellaneous expense for September 2024
4425,18,2024-10-01,Rent,88899.68,Rent expense for October 2024
4426,18,2024-10-01,Electricity,33313.55,Electricity expense for October 2024
4427,18,2024-10-01,Salaries,346224.07,Salaries expense for October 2024
4428,18,2024-10-01,Maintenance,14317.58,Maintenance expense for October 2024
4429,18,2024-10-01,Delivery,14911.46,Delivery expense for October 2024
4430,18,2024-10-01,Cleaning,12621.5,Cleaning expense for October 2024
4431,18,2024-10-01,Repairs,5837.58,Repairs expense for October 2024
4432,18,2024-10-01,Miscellaneous,2884.28,Miscellaneous expense for October 2024
4433,18,2024-11-01,Rent,103260.02,Rent expense for November 2024
4434,18,2024-11-01,Electricity,48021.59,Electricity expense for November 2024
4435,18,2024-11-01,Salaries,447342.77,Salaries expense for November 2024
4436,18,2024-11-01,Maintenance,23201.24,Maintenance expense for November 2024
4437,18,2024-11-01,Delivery,34526.7,Delivery expense for November 2024
4438,18,2024-11-01,Cleaning,12805.89,Cleaning expense for November 2024
4439,18,2024-11-01,Repairs,15482.91,Repairs expense for November 2024
4440,18,2024-11-01,Miscellaneous,7208.91,Miscellaneous expense for November 2024
4441,18,2024-12-01,Rent,97222.34,Rent expense for December 2024
4442,18,2024-12-01,Electricity,30531.46,Electricity expense for December 2024
4443,18,2024-12-01,Salaries,578387.72,Salaries expense for December 2024
4444,18,2024-12-01,Maintenance,21208.53,Maintenance expense for December 2024
4445,18,2024-12-01,Delivery,41512.3,Delivery expense for December 2024
4446,18,2024-12-01,Cleaning,6318.07,Cleaning expense for December 2024
4447,18,2024-12-01,Repairs,24800.2,Repairs expense for December 2024
4448,18,2024-12-01,Miscellaneous,12700.22,Miscellaneous expense for December 2024
4449,18,2025-01-01,Rent,163248.9,Rent expense for January 2025
4450,18,2025-01-01,Electricity,58432.69,Electricity expense for January 2025
4451,18,2025-01-01,Salaries,538102.53,Salaries expense for January 2025
4452,18,2025-01-01,Maintenance,17144.55,Maintenance expense for January 2025
4453,18,2025-01-01,Delivery,42891.34,Delivery expense for January 2025
4454,18,2025-01-01,Cleaning,9962.39,Cleaning expense for January 2025
4455,18,2025-01-01,Repairs,18039.17,Repairs expense for January 2025
4456,18,2025-01-01,Miscellaneous,15445.8,Miscellaneous expense for January 2025
4457,18,2025-02-01,Rent,120705.9,Rent expense for February 2025
4458,18,2025-02-01,Electricity,28148.06,Electricity expense for February 2025
4459,18,2025-02-01,Salaries,577989.5,Salaries expense for February 2025
4460,18,2025-02-01,Maintenance,14317.3,Maintenance expense for February 2025
4461,18,2025-02-01,Delivery,52591.51,Delivery expense for February 2025
4462,18,2025-02-01,Cleaning,6064.28,Cleaning expense for February 2025
4463,18,2025-02-01,Repairs,32440.27,Repairs expense for February 2025
4464,18,2025-02-01,Miscellaneous,11855.71,Miscellaneous expense for February 2025
4465,18,2025-03-01,Rent,136331.25,Rent expense for March 2025
4466,18,2025-03-01,Electricity,27923.23,Electricity expense for March 2025
4467,18,2025-03-01,SALARIES,318079.75,Salaries expense for March 2025
4468,18,2025-03-01,Maintenance,18635.38,Maintenance expense for March 2025
4469,18,2025-03-01,Delivery,16379.38,Delivery expense for March 2025
4470,18,2025-03-01,Cleaning,8690.32,Cleaning expense for March 2025
4471,18,2025-03-01,Repairs,15824.12,Repairs expense for March 2025
4472,18,2025-03-01,Miscellaneous,12056.87,Miscellaneous expense for March 2025
4473,18,2025-04-01,Rent,102510.91,Rent expense for April 2025
4474,18,2025-04-01,Electricity,48191.0,Electricity expense for April 2025
4475,18,2025-04-01,Salaries,603272.82,Salaries expense for April 2025
4476,18,2025-04-01,Maintenance,10604.74,Maintenance expense for April 2025
4477,18,2025-04-01,Delivery,48398.33,Delivery expense for April 2025
4478,18,2025-04-01,Cleaning,12110.37,Cleaning expense for April 2025
4479,18,2025-04-01,Repairs,31024.2,Repairs expense for April 2025
4480,18,2025-04-01,Miscellaneous,6341.34,Miscellaneous expense for April 2025
4481,18,2025-05-01,Rent,88682.55,Rent expense for May 2025
4482,18,2025-05-01,Electricity,41594.39,Electricity expense for May 2025
4483,18,2025-05-01,Salaries,590461.54,Salaries expense for May 2025
4484,18,2025-05-01,Maintenance,20202.57,Maintenance expense for May 2025
4485,18,2025-05-01,Delivery,20889.91,Delivery expense for May 2025
4486,18,2025-05-01,Cleaning,10757.72,Cleaning expense for May 2025
4487,18,2025-05-01,Repairs,2810.45,Repairs expense for May 2025
4488,18,2025-05-01,Miscellaneous,11105.28,Miscellaneous expense for May 2025
4489,18,2025-06-01,Rent,170302.35,Rent expense for June 2025
4490,18,2025-06-01,Electricity,39739.03,Electricity expense for June 2025
4491,18,2025-06-01,Salaries,417787.73,Salaries expense for June 2025
4492,18,2025-06-01,Maintenance,13596.26,Maintenance expense for June 2025
4493,18,2025-06-01,Delivery,47085.64,Delivery expense for June 2025
4494,18,2025-06-01,Cleaning,8312.82,Cleaning expense for June 2025
4495,18,2025-06-01,Repairs,15714.94,Repairs expense for June 2025
4496,18,2025-06-01,Miscellaneous,9644.77,Miscellaneous expense for June 2025
4497,18,2025-07-01,Rent,173961.86,Rent expense for July 2025
4498,18,2025-07-01,Electricity,39078.84,Electricity expense for July 2025
4499,18,2025-07-01,Salaries,313639.17,Salaries expense for July 2025
4500,18,2025-07-01,Maintenance,16864.63,Maintenance expense for July 2025
4501,18,2025-07-01,Delivery,31649.72,Delivery expense for July 2025
4502,18,2025-07-01,Cleaning,9656.78,Cleaning expense for July 2025
4503,18,2025-07-01,Repairs,3561.62,Repairs expense for July 2025
4504,18,2025-07-01,Miscellaneous,4221.65,Miscellaneous expense for July 2025
4505,18,2025-08-01,Rent,157655.43,Rent expense for August 2025
4506,18,2025-08-01,Electricity,32078.12,Electricity expense for August 2025
4507,18,2025-08-01,Salaries,521814.08,Salaries expense for August 2025
4508,18,2025-08-01,Maintenance,16087.69,Maintenance expense for August 2025
4509,18,2025-08-01,Delivery,28124.92,Delivery expense for August 2025
4510,18,2025-08-01,Cleaning,8147.62,Cleaning expense for August 2025
4511,18,2025-08-01,Repairs,20640.44,Repairs expense for August 2025
4512,18,2025-08-01,Miscellaneous,8197.65,Miscellaneous expense for August 2025
4513,18,2025-09-01,Rent,212363.56,Rent expense for September 2025
4514,18,2025-09-01,Electricity,60267.8,Electricity expense for September 2025
4515,18,2025-09-01,Salaries,412303.65,Salaries expense for September 2025
4516,18,2025-09-01,Maintenance,24113.46,Maintenance expense for September 2025
4517,18,2025-09-01,Delivery,30336.63,Delivery expense for September 2025
4518,18,2025-09-01,Cleaning,10071.22,Cleaning expense for September 2025
4519,18,2025-09-01,Repairs,4554.66,Repairs expense for September 2025
4520,18,2025-09-01,Miscellaneous,15402.11,Miscellaneous expense for September 2025
4521,18,2025-10-01,Rent,130277.04,Rent expense for October 2025
4522,18,2025-10-01,Electricity,31545.53,Electricity expense for October 2025
4523,18,2025-10-01,Salaries,587296.03,Salaries expense for October 2025
4524,18,2025-10-01,Maintenance,12469.26,Maintenance expense for October 2025
4525,18,2025-10-01,Delivery,46756.9,Delivery expense for October 2025
4526,18,2025-10-01,Cleaning,4624.83,Cleaning expense for October 2025
4527,18,2025-10-01,Repairs,5996.78,Repairs expense for October 2025
4528,18,2025-10-01,Miscellaneous,4995.8,Miscellaneous expense for October 2025
4529,18,2025-11-01,Rent,217392.45,Rent expense for November 2025
4530,18,2025-11-01,Electricity,29422.25,Electricity expense for November 2025
4531,18,2025-11-01,Salaries,343072.25,Salaries expense for November 2025
4532,18,2025-11-01,Maintenance,23979.39,Maintenance expense for November 2025
4533,18,2025-11-01,Delivery,18862.25,Delivery expense for November 2025
4534,18,2025-11-01,Cleaning,10652.98,Cleaning expense for November 2025
4535,18,2025-11-01,Repairs,16908.34,Repairs expense for November 2025
4536,18,2025-11-01,Miscellaneous,14568.06,Miscellaneous expense for November 2025
4537,18,2025-12-01,Rent,87619.19,Rent expense for December 2025
4538,18,2025-12-01,Electricity,23327.82,Electricity expense for December 2025
4539,18,2025-12-01,Salaries,584803.41,Salaries expense for December 2025
4540,18,2025-12-01,Maintenance,11164.81,Maintenance expense for December 2025
4541,18,2025-12-01,Delivery,24449.99,Delivery expense for December 2025
4542,18,2025-12-01,Cleaning,4628.34,Cleaning expense for December 2025
4543,18,2025-12-01,Repairs,10474.61,Repairs expense for December 2025
4544,18,2025-12-01,Miscellaneous,16430.37,Miscellaneous expense for December 2025
4545,18,2026-01-01,Rent,127035.87,Rent expense for January 2026
4546,18,2026-01-01,Electricity,28949.87,Electricity expense for January 2026
4547,18,2026-01-01,Salaries,396506.09,Salaries expense for January 2026
4548,18,2026-01-01,Maintenance,25538.76,Maintenance expense for January 2026
4549,18,2026-01-01,Delivery,45485.41,Delivery expense for January 2026
4550,18,2026-01-01,Cleaning,-4626.81,Cleaning expense for January 2026
4551,18,2026-01-01,repairs,12359.27,Repairs expense for January 2026
4552,18,2026-01-01,Miscellaneous,7023.57,Miscellaneous expense for January 2026
4553,18,2026-02-01,Rent,137198.16,Rent expense for February 2026
4554,18,2026-02-01,Electricity,42900.25,Electricity expense for February 2026
4555,18,2026-02-01,Salaries,373754.87,Salaries expense for February 2026
4556,18,2026-02-01,Maintenance,12995.89,Maintenance expense for February 2026
4557,18,2026-02-01,Delivery,25483.7,Delivery expense for February 2026
4558,18,2026-02-01,Cleaning,5907.11,Cleaning expense for February 2026
4559,18,2026-02-01,Repairs,4927.95,Repairs expense for February 2026
4560,18,2026-02-01,Miscellaneous,13254.75,Miscellaneous expense for February 2026
4561,18,2026-03-01,Rent,194654.24,Rent expense for March 2026
4562,18,2026-03-01,Electricity,42711.11,Electricity expense for March 2026
4563,18,2026-03-01,Salaries,451385.42,Salaries expense for March 2026
4564,18,2026-03-01,Maintenance,24563.93,Maintenance expense for March 2026
4565,18,2026-03-01,Delivery,20184.67,Delivery expense for March 2026
4566,18,2026-03-01,Cleaning,5202.24,Cleaning expense for March 2026
4567,18,2026-03-01,Repairs,19434.66,Repairs expense for March 2026
4568,18,2026-03-01,Miscellaneous,15323.83,Miscellaneous expense for March 2026
4569,18,2026-04-01,Rent,115696.75,Rent expense for April 2026
4570,18,2026-04-01,Electricity,28660.55,Electricity expense for April 2026
4571,18,2026-04-01,Salaries,581122.77,Salaries expense for April 2026
4572,18,2026-04-01,Maintenance,25182.26,Maintenance expense for April 2026
4573,18,2026-04-01,Delivery,19305.31,Delivery expense for April 2026
4574,18,2026-04-01,Cleaning,12831.99,Cleaning expense for April 2026
4575,18,2026-04-01,Repairs,20683.49,Repairs expense for April 2026
4576,18,2026-04-01,Miscellaneous,9682.06,Miscellaneous expense for April 2026
4577,18,2026-05-01,Rent,150815.36,Rent expense for May 2026
4578,18,2026-05-01,Electricity,28572.56,Electricity expense for May 2026
4579,18,2026-05-01,Salaries,338582.93,Salaries expense for May 2026
4580,18,2026-05-01,Maintenance,19077.51,Maintenance expense for May 2026
4581,18,2026-05-01,Delivery,38227.62,Delivery expense for May 2026
4582,18,2026-05-01,Cleaning,9867.05,Cleaning expense for May 2026
4583,18,2026-05-01,Repairs,34927.54,Repairs expense for May 2026
4584,18,2026-05-01,Miscellaneous,6388.94,Miscellaneous expense for May 2026
4585,18,2026-06-01,Rent,171210.37,Rent expense for June 2026
4586,18,2026-06-01,Electricity,26026.25,Electricity expense for June 2026
4587,18,2026-06-01,Salaries,428871.48,Salaries expense for June 2026
4588,18,2026-06-01,Maintenance,16026.68,Maintenance expense for June 2026
4589,18,2026-06-01,Delivery,34475.39,Delivery expense for June 2026
4590,18,2026-06-01,Cleaning,9068.72,Cleaning expense for June 2026
4591,18,2026-06-01,Repairs,5430.86,Repairs expense for June 2026
4592,18,2026-06-01,Miscellaneous,15787.77,Miscellaneous expense for June 2026
4593,18,2026-07-01,Rent,126005.99,Rent expense for July 2026
4594,18,2026-07-01,electricity,24787.48,Electricity expense for July 2026
4595,18,2026-07-01,Salaries,557807.75,Salaries expense for July 2026
4596,18,2026-07-01,Maintenance,25297.96,Maintenance expense for July 2026
4597,18,2026-07-01,Delivery,30143.09,Delivery expense for July 2026
4598,18,2026-07-01,Cleaning,10211.38,Cleaning expense for July 2026
4599,18,2026-07-01,Repairs,25793.75,Repairs expense for July 2026
4600,18,2026-07-01,Miscellaneous,14823.88,Miscellaneous expense for July 2026
4601,18,2026-08-01,Rent,167972.42,Rent expense for August 2026
4602,18,2026-08-01,Electricity,43785.53,Electricity expense for August 2026
4603,18,2026-08-01,Salaries,550625.57,Salaries expense for August 2026
4604,18,2026-08-01,Maintenance,17483.48,Maintenance expense for August 2026
4605,18,2026-08-01,Delivery,33047.24,Delivery expense for August 2026
4606,18,2026-08-01,Cleaning,12530.66,Cleaning expense for August 2026
4607,18,2026-08-01,Repairs,31927.62,Repairs expense for August 2026
4608,18,2026-08-01,Miscellaneous,14828.88,Miscellaneous expense for August 2026
4609,19,2024-01-01,Rent,123255.14,Rent expense for January 2024
4610,19,2024-01-01,Electricity,42732.8,Electricity expense for January 2024
4611,19,2024-01-01,Salaries,400282.54,Salaries expense for January 2024
4612,19,2024-01-01,Maintenance,17654.03,Maintenance expense for January 2024
4613,19,2024-01-01,Delivery,23687.49,Delivery expense for January 2024
4614,19,2024-01-01,Cleaning,5248.76,Cleaning expense for January 2024
4615,19,2024-01-01,Repairs,21334.6,Repairs expense for January 2024
4616,19,2024-01-01,Miscellaneous,11015.04,Miscellaneous expense for January 2024
4617,19,2024-02-01,Rent,203584.44,Rent expense for February 2024
4618,19,2024-02-01,Electricity,43591.96,Electricity expense for February 2024
4619,19,2024-02-01,Salaries,637004.73,Salaries expense for February 2024
4620,19,2024-02-01,Maintenance,9532.35,Maintenance expense for February 2024
4621,19,2024-02-01,Delivery,46315.8,Delivery expense for February 2024
4622,19,2024-02-01,Cleaning,13719.29,Cleaning expense for February 2024
4623,19,2024-02-01,Repairs,25735.86,Repairs expense for February 2024
4624,19,2024-02-01,Miscellaneous,17317.96,Miscellaneous expense for February 2024
4625,19,2024-03-01,Rent,226729.03,Rent expense for March 2024
4626,19,2024-03-01,Electricity,41969.08,Electricity expense for March 2024
4627,19,2024-03-01,Salaries,561874.72,Salaries expense for March 2024
4628,19,2024-03-01,Maintenance,28455.44,Maintenance expense for March 2024
4629,19,2024-03-01,Delivery,18583.79,Delivery expense for March 2024
4630,19,2024-03-01,Cleaning,6970.76,Cleaning expense for March 2024
4631,19,2024-03-01,Repairs,32681.59,Repairs expense for March 2024
4632,19,2024-03-01,Miscellaneous,11658.33,Miscellaneous expense for March 2024
4633,19,2024-04-01,Rent,179765.06,Rent expense for April 2024
4634,19,2024-04-01,Electricity,33842.53,Electricity expense for April 2024
4635,19,2024-04-01,Salaries,451308.06,Salaries expense for April 2024
4636,19,2024-04-01,Maintenance,27144.3,Maintenance expense for April 2024
4637,19,2024-04-01,Delivery,54598.9,Delivery expense for April 2024
4638,19,2024-04-01,Cleaning,8207.65,Cleaning expense for April 2024
4639,19,2024-04-01,Repairs,21521.5,Repairs expense for April 2024
4640,19,2024-04-01,Miscellaneous,10143.47,Miscellaneous expense for April 2024
4641,19,2024-05-01,Rent,193516.99,Rent expense for May 2024
4642,19,2024-05-01,Electricity,43881.51,Electricity expense for May 2024
4643,19,2024-05-01,Salaries,568935.14,Salaries expense for May 2024
4644,19,2024-05-01,Maintenance,28642.44,Maintenance expense for May 2024
4645,19,2024-05-01,Delivery,28833.87,Delivery expense for May 2024
4646,19,2024-05-01,Cleaning,11757.79,Cleaning expense for May 2024
4647,19,2024-05-01,Repairs,17015.79,Repairs expense for May 2024
4648,19,2024-05-01,Miscellaneous,15864.34,Miscellaneous expense for May 2024
4649,19,2024-06-01,Rent,234846.79,Rent expense for June 2024
4650,19,2024-06-01,Electricity,41002.71,Electricity expense for June 2024
4651,19,2024-06-01,Salaries,367580.37,Salaries expense for June 2024
4652,19,2024-06-01,Maintenance,21647.81,Maintenance expense for June 2024
4653,19,2024-06-01,Delivery,27930.83,Delivery expense for June 2024
4654,19,2024-06-01,Cleaning,12775.15,Cleaning expense for June 2024
4655,19,2024-06-01,Repairs,31330.24,Repairs expense for June 2024
4656,19,2024-06-01,Miscellaneous,10336.11,Miscellaneous expense for June 2024
4657,19,2024-07-01,Rent,104012.28,Rent expense for July 2024
4658,19,2024-07-01,Electricity,39760.09,Electricity expense for July 2024
4659,19,2024-07-01,Salaries,639560.0,Salaries expense for July 2024
4660,19,2024-07-01,Maintenance,14161.26,Maintenance expense for July 2024
4661,19,2024-07-01,Delivery,59607.69,Delivery expense for July 2024
4662,19,2024-07-01,Cleaning,6395.52,Cleaning expense for July 2024
4663,19,2024-07-01,Repairs,39827.2,Repairs expense for July 2024
4664,19,2024-07-01,Miscellaneous,13443.1,Miscellaneous expense for July 2024
4665,19,2024-08-01,Rent,105095.64,Rent expense for August 2024
4666,19,2024-08-01,Electricity,34480.72,Electricity expense for August 2024
4667,19,2024-08-01,Salaries,665541.66,Salaries expense for August 2024
4668,19,2024-08-01,Maintenance,19934.39,Maintenance expense for August 2024
4669,19,2024-08-01,Delivery,32727.11,Delivery expense for August 2024
4670,19,2024-08-01,Cleaning,8007.22,Cleaning expense for August 2024
4671,19,2024-08-01,Repairs,8266.32,Repairs expense for August 2024
4672,19,2024-08-01,Miscellaneous,6477.32,Miscellaneous expense for August 2024
4673,19,2024-09-01,Rent,135452.92,Rent expense for September 2024
4674,19,2024-09-01,Electricity,41796.51,Electricity expense for September 2024
4675,19,2024-09-01,Salaries,397227.48,Salaries expense for September 2024
4676,19,2024-09-01,Maintenance,22344.45,Maintenance expense for September 2024
4677,19,2024-09-01,Delivery,26228.76,Delivery expense for September 2024
4678,19,2024-09-01,Cleaning,8848.39,Cleaning expense for September 2024
4679,19,2024-09-01,Repairs,17429.94,Repairs expense for September 2024
4680,19,2024-09-01,Miscellaneous,2742.31,Miscellaneous expense for September 2024
4681,19,2024-10-01,Rent,167399.1,Rent expense for October 2024
4682,19,2024-10-01,Electricity,27293.82,Electricity expense for October 2024
4683,19,2024-10-01,Salaries,391509.91,Salaries expense for October 2024
4684,19,2024-10-01,Maintenance,9564.45,Maintenance expense for October 2024
4685,19,2024-10-01,Delivery,24543.07,Delivery expense for October 2024
4686,19,2024-10-01,Cleaning,8965.63,Cleaning expense for October 2024
4687,19,2024-10-01,Repairs,18561.57,Repairs expense for October 2024
4688,19,2024-10-01,Miscellaneous,13872.59,Miscellaneous expense for October 2024
4689,19,2024-11-01,Rent,82325.16,Rent expense for November 2024
4690,19,2024-11-01,Electricity,57799.55,Electricity expense for November 2024
4691,19,2024-11-01,Salaries,379785.85,Salaries expense for November 2024
4692,19,2024-11-01,Maintenance,14784.58,Maintenance expense for November 2024
4693,19,2024-11-01,Delivery,33377.76,Delivery expense for November 2024
4694,19,2024-11-01,Cleaning,14045.84,Cleaning expense for November 2024
4695,19,2024-11-01,Repairs,23532.11,Repairs expense for November 2024
4696,19,2024-11-01,Miscellaneous,3647.05,Miscellaneous expense for November 2024
4697,19,2024-12-01,Rent,233213.62,Rent expense for December 2024
4698,19,2024-12-01,Electricity,30435.97,Electricity expense for December 2024
4699,19,2024-12-01,Salaries,491435.78,Salaries expense for December 2024
4700,19,2024-12-01,Maintenance,12041.41,Maintenance expense for December 2024
4701,19,2024-12-01,Delivery,27471.09,Delivery expense for December 2024
4702,19,2024-12-01,Cleaning,7454.45,Cleaning expense for December 2024
4703,19,2024-12-01,Repairs,20415.18,Repairs expense for December 2024
4704,19,2024-12-01,Miscellaneous,14960.16,Miscellaneous expense for December 2024
4705,19,2025-01-01,Rent,96219.24,Rent expense for January 2025
4706,19,2025-01-01,Electricity,45013.91,Electricity expense for January 2025
4707,19,2025-01-01,Salaries,622963.48,Salaries expense for January 2025
4708,19,2025-01-01,Maintenance,26213.09,Maintenance expense for January 2025
4709,19,2025-01-01,Delivery,43268.89,Delivery expense for January 2025
4710,19,2025-01-01,Cleaning,9667.83,Cleaning expense for January 2025
4711,19,2025-01-01,Repairs,14031.57,Repairs expense for January 2025
4712,19,2025-01-01,Miscellaneous,10245.12,Miscellaneous expense for January 2025
4713,19,2025-02-01,Rent,117191.88,Rent expense for February 2025
4714,19,2025-02-01,Electricity,28408.46,Electricity expense for February 2025
4715,19,2025-02-01,Salaries,402554.28,Salaries expense for February 2025
4716,19,2025-02-01,Maintenance,27562.1,Maintenance expense for February 2025
4717,19,2025-02-01,Delivery,23962.68,Delivery expense for February 2025
4718,19,2025-02-01,Cleaning,12495.11,Cleaning expense for February 2025
4719,19,2025-02-01,Repairs,18361.69,Repairs expense for February 2025
4720,19,2025-02-01,Miscellaneous,8439.53,Miscellaneous expense for February 2025
4721,19,2025-03-01,Rent,173898.48,Rent expense for March 2025
4722,19,2025-03-01,Electricity,27839.81,Electricity expense for March 2025
4723,19,2025-03-01,Salaries,693010.78,Salaries expense for March 2025
4724,19,2025-03-01,Maintenance,9190.72,Maintenance expense for March 2025
4725,19,2025-03-01,Delivery,27906.96,Delivery expense for March 2025
4726,19,2025-03-01,Cleaning,7041.48,Cleaning expense for March 2025
4727,19,2025-03-01,Repairs,37707.31,Repairs expense for March 2025
4728,19,2025-03-01,Miscellaneous,7177.7,Miscellaneous expense for March 2025
4729,19,2025-04-01,Rent,98530.12,Rent expense for April 2025
4730,19,2025-04-01,Electricity,49290.26,Electricity expense for April 2025
4731,19,2025-04-01,Salaries,426512.28,Salaries expense for April 2025
4732,19,2025-04-01,Maintenance,14747.73,Maintenance expense for April 2025
4733,19,2025-04-01,Delivery,29016.17,Delivery expense for April 2025
4734,19,2025-04-01,Cleaning,9562.39,Cleaning expense for April 2025
4735,19,2025-04-01,Repairs,35344.46,Repairs expense for April 2025
4736,19,2025-04-01,Miscellaneous,11335.99,Miscellaneous expense for April 2025
4737,19,2025-05-01,Rent,212858.74,Rent expense for May 2025
4738,19,2025-05-01,Electricity,48973.26,Electricity expense for May 2025
4739,19,2025-05-01,Salaries,373729.24,Salaries expense for May 2025
4740,19,2025-05-01,Maintenance,21313.51,Maintenance expense for May 2025
4741,19,2025-05-01,Delivery,17631.91,Delivery expense for May 2025
4742,19,2025-05-01,Cleaning,7339.75,Cleaning expense for May 2025
4743,19,2025-05-01,Repairs,33884.52,Repairs expense for May 2025
4744,19,2025-05-01,Miscellaneous,7668.7,Miscellaneous expense for May 2025
4745,19,2025-06-01,Rent,175144.62,Rent expense for June 2025
4746,19,2025-06-01,Electricity,30346.92,Electricity expense for June 2025
4747,19,2025-06-01,Salaries,704911.21,Salaries expense for June 2025
4748,19,2025-06-01,Maintenance,23003.81,Maintenance expense for June 2025
4749,19,2025-06-01,Delivery,37307.13,Delivery expense for June 2025
4750,19,2025-06-01,Cleaning,11780.21,Cleaning expense for June 2025
4751,19,2025-06-01,Repairs,22492.67,Repairs expense for June 2025
4752,19,2025-06-01,Miscellaneous,20168.75,Miscellaneous expense for June 2025
4753,19,2025-07-01,Rent,230604.36,Rent expense for July 2025
4754,19,2025-07-01,Electricity,35292.02,Electricity expense for July 2025
4755,19,2025-07-01,Salaries,609436.99,Salaries expense for July 2025
4756,19,2025-07-01,Maintenance,21451.75,Maintenance expense for July 2025
4757,19,2025-07-01,Delivery,32988.13,Delivery expense for July 2025
4758,19,2025-07-01,Cleaning,13397.11,Cleaning expense for July 2025
4759,19,2025-07-01,REPAIRS,39824.11,Repairs expense for July 2025
4760,19,2025-07-01,Miscellaneous,12719.59,Miscellaneous expense for July 2025
4761,19,2025-08-01,Rent,253816.63,Rent expense for August 2025
4762,19,2025-08-01,Electricity,57093.35,Electricity expense for August 2025
4763,19,2025-08-01,Salaries,399493.9,Salaries expense for August 2025
4764,19,2025-08-01,Maintenance,18459.13,Maintenance expense for August 2025
4765,19,2025-08-01,Delivery,27804.91,Delivery expense for August 2025
4766,19,2025-08-01,Cleaning,6146.71,Cleaning expense for August 2025
4767,19,2025-08-01,Repairs,20826.21,Repairs expense for August 2025
4768,19,2025-08-01,Miscellaneous,18434.18,Miscellaneous expense for August 2025
4769,19,2025-09-01,Rent,185630.96,Rent expense for September 2025
4770,19,2025-09-01,Electricity,32061.75,Electricity expense for September 2025
4771,19,2025-09-01,Salaries,686646.96,Salaries expense for September 2025
4772,19,2025-09-01,Maintenance,10850.66,Maintenance expense for September 2025
4773,19,2025-09-01,Delivery,42926.13,Delivery expense for September 2025
4774,19,2025-09-01,Cleaning,7413.12,Cleaning expense for September 2025
4775,19,2025-09-01,Repairs,35618.27,Repairs expense for September 2025
4776,19,2025-09-01,Miscellaneous,8641.64,Miscellaneous expense for September 2025
4777,19,2025-10-01,Rent,84752.12,Rent expense for October 2025
4778,19,2025-10-01,Electricity,65458.07,Electricity expense for October 2025
4779,19,2025-10-01,Salaries,470237.85,Salaries expense for October 2025
4780,19,2025-10-01,Maintenance,12676.51,Maintenance expense for October 2025
4781,19,2025-10-01,delivery,53605.25,Delivery expense for October 2025
4782,19,2025-10-01,Cleaning,7345.24,Cleaning expense for October 2025
4783,19,2025-10-01,Repairs,38531.39,Repairs expense for October 2025
4784,19,2025-10-01,Miscellaneous,3515.84,Miscellaneous expense for October 2025
4785,19,2025-11-01,Rent,206085.96,Rent expense for November 2025
4786,19,2025-11-01,Electricity,45064.1,Electricity expense for November 2025
4787,19,2025-11-01,Salaries,364130.42,Salaries expense for November 2025
4788,19,2025-11-01,Maintenance,23962.85,Maintenance expense for November 2025
4789,19,2025-11-01,Delivery,48483.95,Delivery expense for November 2025
4790,19,2025-11-01,Cleaning,11392.78,Cleaning expense for November 2025
4791,19,2025-11-01,Repairs,28443.5,Repairs expense for November 2025
4792,19,2025-11-01,Miscellaneous,17520.31,Miscellaneous expense for November 2025
4793,19,2025-12-01,Rent,178165.75,Rent expense for December 2025
4794,19,2025-12-01,Electricity,30639.43,Electricity expense for December 2025
4795,19,2025-12-01,Salaries,697262.53,Salaries expense for December 2025
4796,19,2025-12-01,Maintenance,19238.95,Maintenance expense for December 2025
4797,19,2025-12-01,Delivery,18136.89,Delivery expense for December 2025
4798,19,2025-12-01,Cleaning,6040.96,Cleaning expense for December 2025
4799,19,2025-12-01,Repairs,6401.9,Repairs expense for December 2025
4800,19,2025-12-01,Miscellaneous,8093.82,Miscellaneous expense for December 2025
4801,19,2026-01-01,Rent,238222.53,Rent expense for January 2026
4802,19,2026-01-01,Electricity,68531.61,Electricity expense for January 2026
4803,19,2026-01-01,Salaries,416513.95,Salaries expense for January 2026
4804,19,2026-01-01,Maintenance,18051.41,Maintenance expense for January 2026
4805,19,2026-01-01,Delivery,36845.36,Delivery expense for January 2026
4806,19,2026-01-01,Cleaning,5871.22,Cleaning expense for January 2026
4807,19,2026-01-01,Repairs,13173.5,Repairs expense for January 2026
4808,19,2026-01-01,Miscellaneous,17168.65,Miscellaneous expense for January 2026
4809,19,2026-02-01,Rent,181639.27,Rent expense for February 2026
4810,19,2026-02-01,Electricity,50717.98,Electricity expense for February 2026
4811,19,2026-02-01,Salaries,412468.97,Salaries expense for February 2026
4812,19,2026-02-01,Maintenance,17455.41,Maintenance expense for February 2026
4813,19,2026-02-01,Delivery,60580.28,Delivery expense for February 2026
4814,19,2026-02-01,Cleaning,10711.83,Cleaning expense for February 2026
4815,19,2026-02-01,Repairs,34128.65,Repairs expense for February 2026
4816,19,2026-02-01,Miscellaneous,9204.88,Miscellaneous expense for February 2026
4817,19,2026-03-01,Rent,135355.71,Rent expense for March 2026
4818,19,2026-03-01,Electricity,52658.43,Electricity expense for March 2026
4819,19,2026-03-01,Salaries,544407.85,Salaries expense for March 2026
4820,19,2026-03-01,Maintenance,9554.73,Maintenance expense for March 2026
4821,19,2026-03-01,Delivery,34534.29,Delivery expense for March 2026
4822,19,2026-03-01,Cleaning,10779.08,Cleaning expense for March 2026
4823,19,2026-03-01,Repairs,32506.25,Repairs expense for March 2026
4824,19,2026-03-01,Miscellaneous,9553.36,Miscellaneous expense for March 2026
4825,19,2026-04-01,Rent,133227.11,Rent expense for April 2026
4826,19,2026-04-01,Electricity,42480.65,Electricity expense for April 2026
4827,19,2026-04-01,Salaries,544267.2,Salaries expense for April 2026
4828,19,2026-04-01,Maintenance,16978.2,Maintenance expense for April 2026
4829,19,2026-04-01,Delivery,49899.2,Delivery expense for April 2026
4830,19,2026-04-01,Cleaning,8061.67,Cleaning expense for April 2026
4831,19,2026-04-01,Repairs,9988.43,Repairs expense for April 2026
4832,19,2026-04-01,Miscellaneous,11049.73,Miscellaneous expense for April 2026
4833,19,2026-05-01,Rent,100656.47,Rent expense for May 2026
4834,19,2026-05-01,Electricity,44926.96,Electricity expense for May 2026
4835,19,2026-05-01,Salaries,414023.09,Salaries expense for May 2026
4836,19,2026-05-01,Maintenance,25795.91,Maintenance expense for May 2026
4837,19,2026-05-01,Delivery,47387.31,Delivery expense for May 2026
4838,19,2026-05-01,Cleaning,12584.67,Cleaning expense for May 2026
4839,19,2026-05-01,Repairs,36819.28,Repairs expense for May 2026
4840,19,2026-05-01,Miscellaneous,19425.41,Miscellaneous expense for May 2026
4841,19,2026-06-01,Rent,95453.77,Rent expense for June 2026
4842,19,2026-06-01,ELECTRICITY,41569.84,Electricity expense for June 2026
4843,19,2026-06-01,Salaries,559173.43,Salaries expense for June 2026
4844,19,2026-06-01,Maintenance,25621.96,Maintenance expense for June 2026
4845,19,2026-06-01,Delivery,42931.8,Delivery expense for June 2026
4846,19,2026-06-01,Cleaning,6356.5,Cleaning expense for June 2026
4847,19,2026-06-01,Repairs,7888.05,Repairs expense for June 2026
4848,19,2026-06-01,Miscellaneous,19741.17,Miscellaneous expense for June 2026
4849,19,2026-07-01,Rent,115932.9,Rent expense for July 2026
4850,19,2026-07-01,Electricity,37647.72,Electricity expense for July 2026
4851,19,2026-07-01,Salaries,499669.98,Salaries expense for July 2026
4852,19,2026-07-01,Maintenance,29534.83,Maintenance expense for July 2026
4853,19,2026-07-01,Delivery,29855.18,Delivery expense for July 2026
4854,19,2026-07-01,Cleaning,9626.28,Cleaning expense for July 2026
4855,19,2026-07-01,Repairs,21053.96,Repairs expense for July 2026
4856,19,2026-07-01,Miscellaneous,18498.03,Miscellaneous expense for July 2026
4857,19,2026-08-01,Rent,81467.57,Rent expense for August 2026
4858,19,2026-08-01,Electricity,34409.03,Electricity expense for August 2026
4859,19,2026-08-01,Salaries,525005.37,Salaries expense for August 2026
4860,19,2026-08-01,Maintenance,17103.01,Maintenance expense for August 2026
4861,19,2026-08-01,Delivery,21629.18,Delivery expense for August 2026
4862,19,2026-08-01,Cleaning,11950.59,Cleaning expense for August 2026
4863,19,2026-08-01,Repairs,11749.17,Repairs expense for August 2026
4864,19,2026-08-01,Miscellaneous,5678.62,Miscellaneous expense for August 2026
4865,20,2024-01-01,Rent,270932.64,Rent expense for January 2024
4866,20,2024-01-01,Electricity,85987.0,Electricity expense for January 2024
4867,20,2024-01-01,Salaries,682651.92,Salaries expense for January 2024
4868,20,2024-01-01,Maintenance,25752.79,Maintenance expense for January 2024
4869,20,2024-01-01,Delivery,79991.67,Delivery expense for January 2024
4870,20,2024-01-01,Cleaning,9118.61,Cleaning expense for January 2024
4871,20,2024-01-01,Repairs,23532.26,Repairs expense for January 2024
4872,20,2024-01-01,Miscellaneous,10591.81,Miscellaneous expense for January 2024
4873,20,2024-02-01,Rent,368496.79,Rent expense for February 2024
4874,20,2024-02-01,Electricity,91494.39,Electricity expense for February 2024
4875,20,2024-02-01,Salaries,567882.88,Salaries expense for February 2024
4876,20,2024-02-01,Maintenance,21998.49,Maintenance expense for February 2024
4877,20,2024-02-01,Delivery,55745.02,Delivery expense for February 2024
4878,20,2024-02-01,Cleaning,22613.02,Cleaning expense for February 2024
4879,20,2024-02-01,Repairs,22896.4,Repairs expense for February 2024
4880,20,2024-02-01,Miscellaneous,29627.9,Miscellaneous expense for February 2024
4881,20,2024-03-01,Rent,273119.0,Rent expense for March 2024
4882,20,2024-03-01,Electricity,80275.98,Electricity expense for March 2024
4883,20,2024-03-01,Salaries,757299.6,Salaries expense for March 2024
4884,20,2024-03-01,Maintenance,39647.13,Maintenance expense for March 2024
4885,20,2024-03-01,Delivery,30144.76,Delivery expense for March 2024
4886,20,2024-03-01,Cleaning,14768.32,Cleaning expense for March 2024
4887,20,2024-03-01,Repairs,47336.14,Repairs expense for March 2024
4888,20,2024-03-01,Miscellaneous,29807.04,Miscellaneous expense for March 2024
4889,20,2024-04-01,Rent,373047.44,Rent expense for April 2024
4890,20,2024-04-01,Electricity,57343.15,Electricity expense for April 2024
4891,20,2024-04-01,Salaries,622404.8,Salaries expense for April 2024
4892,20,2024-04-01,Maintenance,39595.4,Maintenance expense for April 2024
4893,20,2024-04-01,Delivery,58323.57,Delivery expense for April 2024
4894,20,2024-04-01,Cleaning,22145.99,Cleaning expense for April 2024
4895,20,2024-04-01,Repairs,54148.55,Repairs expense for April 2024
4896,20,2024-04-01,Miscellaneous,30508.62,Miscellaneous expense for April 2024
4897,20,2024-05-01,Rent,156477.05,Rent expense for May 2024
4898,20,2024-05-01,electricity,72990.51,Electricity expense for May 2024
4899,20,2024-05-01,Salaries,666469.7,Salaries expense for May 2024
4900,20,2024-05-01,Maintenance,17821.57,Maintenance expense for May 2024
4901,20,2024-05-01,Delivery,61049.63,Delivery expense for May 2024
4902,20,2024-05-01,Cleaning,11733.69,Cleaning expense for May 2024
4903,20,2024-05-01,Repairs,25487.47,Repairs expense for May 2024
4904,20,2024-05-01,Miscellaneous,24128.85,Miscellaneous expense for May 2024
4905,20,2024-06-01,Rent,142746.68,Rent expense for June 2024
4906,20,2024-06-01,Electricity,101117.13,Electricity expense for June 2024
4907,20,2024-06-01,Salaries,830327.6,Salaries expense for June 2024
4908,20,2024-06-01,Maintenance,13193.11,Maintenance expense for June 2024
4909,20,2024-06-01,Delivery,63084.6,Delivery expense for June 2024
4910,20,2024-06-01,Cleaning,15662.66,Cleaning expense for June 2024
4911,20,2024-06-01,Repairs,43970.61,Repairs expense for June 2024
4912,20,2024-06-01,Miscellaneous,26781.16,Miscellaneous expense for June 2024
4913,20,2024-07-01,Rent,228126.1,Rent expense for July 2024
4914,20,2024-07-01,Electricity,47968.34,Electricity expense for July 2024
4915,20,2024-07-01,Salaries,669746.46,Salaries expense for July 2024
4916,20,2024-07-01,Maintenance,36326.7,Maintenance expense for July 2024
4917,20,2024-07-01,Delivery,90511.48,Delivery expense for July 2024
4918,20,2024-07-01,Cleaning,9573.23,Cleaning expense for July 2024
4919,20,2024-07-01,Repairs,44351.28,Repairs expense for July 2024
4920,20,2024-07-01,Miscellaneous,25785.85,Miscellaneous expense for July 2024
4921,20,2024-08-01,Rent,325516.33,Rent expense for August 2024
4922,20,2024-08-01,Electricity,78408.33,Electricity expense for August 2024
4923,20,2024-08-01,Salaries,882347.99,Salaries expense for August 2024
4924,20,2024-08-01,Maintenance,36918.14,Maintenance expense for August 2024
4925,20,2024-08-01,Delivery,29831.55,Delivery expense for August 2024
4926,20,2024-08-01,Cleaning,22098.05,Cleaning expense for August 2024
4927,20,2024-08-01,Repairs,58339.36,Repairs expense for August 2024
4928,20,2024-08-01,Miscellaneous,27767.06,Miscellaneous expense for August 2024
4929,20,2024-09-01,Rent,331519.12,Rent expense for September 2024
4930,20,2024-09-01,Electricity,76639.16,Electricity expense for September 2024
4931,20,2024-09-01,Salaries,559094.47,Salaries expense for September 2024
4932,20,2024-09-01,Maintenance,25951.58,Maintenance expense for September 2024
4933,20,2024-09-01,Delivery,47832.56,Delivery expense for September 2024
4934,20,2024-09-01,Cleaning,15926.54,Cleaning expense for September 2024
4935,20,2024-09-01,Repairs,8512.22,Repairs expense for September 2024
4936,20,2024-09-01,Miscellaneous,12834.64,Miscellaneous expense for September 2024
4937,20,2024-10-01,Rent,234310.2,Rent expense for October 2024
4938,20,2024-10-01,Electricity,48736.22,Electricity expense for October 2024
4939,20,2024-10-01,Salaries,1070413.55,Salaries expense for October 2024
4940,20,2024-10-01,Maintenance,16641.14,Maintenance expense for October 2024
4941,20,2024-10-01,Delivery,44101.85,Delivery expense for October 2024
4942,20,2024-10-01,Cleaning,10920.88,Cleaning expense for October 2024
4943,20,2024-10-01,Repairs,20064.63,Repairs expense for October 2024
4944,20,2024-10-01,Miscellaneous,16469.71,Miscellaneous expense for October 2024
4945,20,2024-11-01,Rent,151030.6,Rent expense for November 2024
4946,20,2024-11-01,Electricity,55016.39,Electricity expense for November 2024
4947,20,2024-11-01,Salaries,822285.36,Salaries expense for November 2024
4948,20,2024-11-01,Maintenance,43858.74,Maintenance expense for November 2024
4949,20,2024-11-01,Delivery,63769.68,Delivery expense for November 2024
4950,20,2024-11-01,Cleaning,17330.26,Cleaning expense for November 2024
4951,20,2024-11-01,Repairs,20289.72,Repairs expense for November 2024
4952,20,2024-11-01,Miscellaneous,26230.16,Miscellaneous expense for November 2024
4953,20,2024-12-01,Rent,206235.06,Rent expense for December 2024
4954,20,2024-12-01,Electricity,81920.43,Electricity expense for December 2024
4955,20,2024-12-01,Salaries,829539.99,Salaries expense for December 2024
4956,20,2024-12-01,Maintenance,42816.14,Maintenance expense for December 2024
4957,20,2024-12-01,Delivery,28787.18,Delivery expense for December 2024
4958,20,2024-12-01,Cleaning,19982.43,Cleaning expense for December 2024
4959,20,2024-12-01,Repairs,56139.91,Repairs expense for December 2024
4960,20,2024-12-01,Miscellaneous,21403.0,Miscellaneous expense for December 2024
4961,20,2025-01-01,Rent,390020.56,Rent expense for January 2025
4962,20,2025-01-01,Electricity,103224.21,Electricity expense for January 2025
4963,20,2025-01-01,Salaries,744846.52,Salaries expense for January 2025
4964,20,2025-01-01,Maintenance,33333.92,Maintenance expense for January 2025
4965,20,2025-01-01,Delivery,70434.37,Delivery expense for January 2025
4966,20,2025-01-01,Cleaning,10262.7,Cleaning expense for January 2025
4967,20,2025-01-01,Repairs,30615.5,Repairs expense for January 2025
4968,20,2025-01-01,Miscellaneous,22793.14,Miscellaneous expense for January 2025
4969,20,2025-02-01,Rent,328541.94,Rent expense for February 2025
4970,20,2025-02-01,Electricity,71505.8,Electricity expense for February 2025
4971,20,2025-02-01,Salaries,1014475.55,Salaries expense for February 2025
4972,20,2025-02-01,Maintenance,33317.98,Maintenance expense for February 2025
4973,20,2025-02-01,Delivery,51175.7,Delivery expense for February 2025
4974,20,2025-02-01,Cleaning,9396.65,Cleaning expense for February 2025
4975,20,2025-02-01,Repairs,56026.86,Repairs expense for February 2025
4976,20,2025-02-01,Miscellaneous,22523.02,Miscellaneous expense for February 2025
4977,20,2025-03-01,Rent,331748.62,Rent expense for March 2025
4978,20,2025-03-01,Electricity,43555.42,Electricity expense for March 2025
4979,20,2025-03-01,Salaries,593686.16,Salaries expense for March 2025
4980,20,2025-03-01,Maintenance,38844.87,Maintenance expense for March 2025
4981,20,2025-03-01,Delivery,78161.1,Delivery expense for March 2025
4982,20,2025-03-01,Cleaning,14756.59,Cleaning expense for March 2025
4983,20,2025-03-01,Repairs,58043.91,Repairs expense for March 2025
4984,20,2025-03-01,Miscellaneous,26767.81,Miscellaneous expense for March 2025
4985,20,2025-04-01,Rent,230816.49,Rent expense for April 2025
4986,20,2025-04-01,Electricity,93686.53,Electricity expense for April 2025
4987,20,2025-04-01,Salaries,1103146.46,Salaries expense for April 2025
4988,20,2025-04-01,Maintenance,31204.98,Maintenance expense for April 2025
4989,20,2025-04-01,Delivery,76612.93,Delivery expense for April 2025
4990,20,2025-04-01,Cleaning,18336.57,Cleaning expense for April 2025
4991,20,2025-04-01,Repairs,53154.28,Repairs expense for April 2025
4992,20,2025-04-01,Miscellaneous,16652.69,Miscellaneous expense for April 2025
4993,20,2025-05-01,Rent,367387.1,Rent expense for May 2025
4994,20,2025-05-01,Electricity,49402.48,Electricity expense for May 2025
4995,20,2025-05-01,Salaries,989104.43,Salaries expense for May 2025
4996,20,2025-05-01,Maintenance,24003.17,Maintenance expense for May 2025
4997,20,2025-05-01,Delivery,77770.31,Delivery expense for May 2025
4998,20,2025-05-01,Cleaning,14460.75,Cleaning expense for May 2025
4999,20,2025-05-01,Repairs,47039.13,Repairs expense for May 2025
5000,20,2025-05-01,Miscellaneous,5951.9,Miscellaneous expense for May 2025
5001,20,2025-06-01,Rent,157322.0,Rent expense for June 2025
5002,20,2025-06-01,Electricity,80753.47,Electricity expense for June 2025
5003,20,2025-06-01,Salaries,774534.98,Salaries expense for June 2025
5004,20,2025-06-01,Maintenance,37666.36,Maintenance expense for June 2025
5005,20,2025-06-01,Delivery,37424.27,Delivery expense for June 2025
5006,20,2025-06-01,Cleaning,11060.68,Cleaning expense for June 2025
5007,20,2025-06-01,Repairs,25723.43,Repairs expense for June 2025
5008,20,2025-06-01,Miscellaneous,4154.43,Miscellaneous expense for June 2025
5009,20,2025-07-01,Rent,206535.1,Rent expense for July 2025
5010,20,2025-07-01,Electricity,79121.06,Electricity expense for July 2025
5011,20,2025-07-01,Salaries,727585.44,Salaries expense for July 2025
5012,20,2025-07-01,Maintenance,43281.33,Maintenance expense for July 2025
5013,20,2025-07-01,Delivery,79098.43,Delivery expense for July 2025
5014,20,2025-07-01,Cleaning,22824.35,Cleaning expense for July 2025
5015,20,2025-07-01,Repairs,31585.45,Repairs expense for July 2025
5016,20,2025-07-01,Miscellaneous,3989.93,Miscellaneous expense for July 2025
5017,20,2025-08-01,Rent,333818.47,Rent expense for August 2025
5018,20,2025-08-01,Electricity,64412.54,Electricity expense for August 2025
5019,20,2025-08-01,Salaries,1037617.33,Salaries expense for August 2025
5020,20,2025-08-01,Maintenance,41436.17,Maintenance expense for August 2025
5021,20,2025-08-01,Delivery,58312.18,Delivery expense for August 2025
5022,20,2025-08-01,Cleaning,13798.56,Cleaning expense for August 2025
5023,20,2025-08-01,Repairs,5812.37,Repairs expense for August 2025
5024,20,2025-08-01,Miscellaneous,22585.32,Miscellaneous expense for August 2025
5025,20,2025-09-01,Rent,300179.72,Rent expense for September 2025
5026,20,2025-09-01,Electricity,40235.5,Electricity expense for September 2025
5027,20,2025-09-01,Salaries,860971.97,Salaries expense for September 2025
5028,20,2025-09-01,Maintenance,22160.99,Maintenance expense for September 2025
5029,20,2025-09-01,Delivery,54874.73,Delivery expense for September 2025
5030,20,2025-09-01,Cleaning,13452.36,Cleaning expense for September 2025
5031,20,2025-09-01,Repairs,47742.57,Repairs expense for September 2025
5032,20,2025-09-01,Miscellaneous,31675.08,Miscellaneous expense for September 2025
5033,20,2025-10-01,Rent,133885.33,Rent expense for October 2025
5034,20,2025-10-01,Electricity,42958.28,Electricity expense for October 2025
5035,20,2025-10-01,Salaries,645633.76,Salaries expense for October 2025
5036,20,2025-10-01,Maintenance,32645.48,Maintenance expense for October 2025
5037,20,2025-10-01,Delivery,51634.59,Delivery expense for October 2025
5038,20,2025-10-01,Cleaning,21915.02,Cleaning expense for October 2025
5039,20,2025-10-01,Repairs,37667.65,Repairs expense for October 2025
5040,20,2025-10-01,Miscellaneous,14928.48,Miscellaneous expense for October 2025
5041,20,2025-11-01,Rent,223236.72,Rent expense for November 2025
5042,20,2025-11-01,Electricity,93304.68,Electricity expense for November 2025
5043,20,2025-11-01,Salaries,967987.63,Salaries expense for November 2025
5044,20,2025-11-01,Maintenance,27788.8,Maintenance expense for November 2025
5045,20,2025-11-01,Delivery,43337.23,Delivery expense for November 2025
5046,20,2025-11-01,Cleaning,21876.77,Cleaning expense for November 2025
5047,20,2025-11-01,Repairs,14637.54,Repairs expense for November 2025
5048,20,2025-11-01,Miscellaneous,9379.24,Miscellaneous expense for November 2025
5049,20,2025-12-01,Rent,340818.48,Rent expense for December 2025
5050,20,2025-12-01,Electricity,86070.27,Electricity expense for December 2025
5051,20,2025-12-01,Salaries,736235.49,Salaries expense for December 2025
5052,20,2025-12-01,Maintenance,18837.07,Maintenance expense for December 2025
5053,20,2025-12-01,Delivery,90538.43,Delivery expense for December 2025
5054,20,2025-12-01,Cleaning,17483.06,Cleaning expense for December 2025
5055,20,2025-12-01,REPAIRS,19504.14,Repairs expense for December 2025
5056,20,2025-12-01,Miscellaneous,5894.75,Miscellaneous expense for December 2025
5057,20,2026-01-01,Rent,251814.31,Rent expense for January 2026
5058,20,2026-01-01,electricity,58235.61,Electricity expense for January 2026
5059,20,2026-01-01,Salaries,805129.93,Salaries expense for January 2026
5060,20,2026-01-01,Maintenance,17042.21,Maintenance expense for January 2026
5061,20,2026-01-01,Delivery,93821.27,Delivery expense for January 2026
5062,20,2026-01-01,Cleaning,15413.52,Cleaning expense for January 2026
5063,20,2026-01-01,Repairs,7194.55,Repairs expense for January 2026
5064,20,2026-01-01,Miscellaneous,17632.24,Miscellaneous expense for January 2026
5065,20,2026-02-01,Rent,183479.31,Rent expense for February 2026
5066,20,2026-02-01,Electricity,84139.91,Electricity expense for February 2026
5067,20,2026-02-01,Salaries,727429.75,Salaries expense for February 2026
5068,20,2026-02-01,Maintenance,19929.02,Maintenance expense for February 2026
5069,20,2026-02-01,Delivery,28313.16,Delivery expense for February 2026
5070,20,2026-02-01,Cleaning,18925.51,Cleaning expense for February 2026
5071,20,2026-02-01,Repairs,25597.28,Repairs expense for February 2026
5072,20,2026-02-01,Miscellaneous,21305.32,Miscellaneous expense for February 2026
5073,20,2026-03-01,Rent,270479.7,Rent expense for March 2026
5074,20,2026-03-01,Electricity,60832.16,Electricity expense for March 2026
5075,20,2026-03-01,Salaries,640958.74,Salaries expense for March 2026
5076,20,2026-03-01,Maintenance,41042.32,Maintenance expense for March 2026
5077,20,2026-03-01,Delivery,73531.83,Delivery expense for March 2026
5078,20,2026-03-01,Cleaning,17470.15,Cleaning expense for March 2026
5079,20,2026-03-01,Repairs,30476.59,Repairs expense for March 2026
5080,20,2026-03-01,Miscellaneous,13725.67,Miscellaneous expense for March 2026
5081,20,2026-04-01,Rent,391083.86,Rent expense for April 2026
5082,20,2026-04-01,Electricity,50671.4,Electricity expense for April 2026
5083,20,2026-04-01,Salaries,1094370.85,Salaries expense for April 2026
5084,20,2026-04-01,Maintenance,22214.64,Maintenance expense for April 2026
5085,20,2026-04-01,Delivery,37401.96,Delivery expense for April 2026
5086,20,2026-04-01,Cleaning,16222.75,Cleaning expense for April 2026
5087,20,2026-04-01,Repairs,45606.6,Repairs expense for April 2026
5088,20,2026-04-01,Miscellaneous,15538.91,Miscellaneous expense for April 2026
5089,20,2026-05-01,Rent,394206.42,Rent expense for May 2026
5090,20,2026-05-01,Electricity,68356.44,Electricity expense for May 2026
5091,20,2026-05-01,Salaries,564364.71,Salaries expense for May 2026
5092,20,2026-05-01,Maintenance,14794.68,Maintenance expense for May 2026
5093,20,2026-05-01,Delivery,29969.02,Delivery expense for May 2026
5094,20,2026-05-01,Cleaning,11584.1,Cleaning expense for May 2026
5095,20,2026-05-01,Repairs,34178.96,Repairs expense for May 2026
5096,20,2026-05-01,Miscellaneous,30132.16,Miscellaneous expense for May 2026
5097,20,2026-06-01,Rent,193085.1,Rent expense for June 2026
5098,20,2026-06-01,Electricity,68937.0,Electricity expense for June 2026
5099,20,2026-06-01,Salaries,732743.34,Salaries expense for June 2026
5100,20,2026-06-01,Maintenance,40109.81,Maintenance expense for June 2026
5101,20,2026-06-01,Delivery,55176.87,Delivery expense for June 2026
5102,20,2026-06-01,Cleaning,8639.33,Cleaning expense for June 2026
5103,20,2026-06-01,Repairs,40724.2,Repairs expense for June 2026
5104,20,2026-06-01,Miscellaneous,21985.99,Miscellaneous expense for June 2026
5105,20,2026-07-01,Rent,232390.42,Rent expense for July 2026
5106,20,2026-07-01,Electricity,67982.77,Electricity expense for July 2026
5107,20,2026-07-01,Salaries,1086175.44,Salaries expense for July 2026
5108,20,2026-07-01,Maintenance,-38808.45,Maintenance expense for July 2026
5109,20,2026-07-01,Delivery,90646.58,Delivery expense for July 2026
5110,20,2026-07-01,Cleaning,12613.97,Cleaning expense for July 2026
5111,20,2026-07-01,Repairs,40194.2,Repairs expense for July 2026
5112,20,2026-07-01,Miscellaneous,29161.66,Miscellaneous expense for July 2026
5113,20,2026-08-01,Rent,287190.32,Rent expense for August 2026
5114,20,2026-08-01,ELECTRICITY,40211.2,Electricity expense for August 2026
5115,20,2026-08-01,Salaries,664418.74,Salaries expense for August 2026
5116,20,2026-08-01,Maintenance,33959.62,Maintenance expense for August 2026
5117,20,2026-08-01,Delivery,59670.26,Delivery expense for August 2026
5118,20,2026-08-01,Cleaning,22613.93,Cleaning expense for August 2026
5119,20,2026-08-01,Repairs,40800.65,Repairs expense for August 2026
5120,20,2026-08-01,Miscellaneous,6699.11,Miscellaneous expense for August 2026
