WastageID,BranchID,IngredientID,WastageDate,WastageQuantity,WastageReason,EstimatedWastageCost
1,1,41,2024-01-03,26.78,Expired,1217.69
2,1,46,2024-01-02,24.8,Preparation Error,5895.95
3,1,6,2024-01-06,32.86,Overproduction,7277.83
4,1,1,2024-01-14,36.0,Storage Issue,10803.24
5,1,43,2024-01-11,33.7,Preparation Error,1778.35
6,1,20,2024-01-02,18.29,Spoilage,2145.42
7,1,64,2024-01-17,32.39,Expired,5277.63
8,1,33,2024-01-16,5.81,Storage Issue,1022.68
9,1,7,2024-01-28,6.77,Overproduction,845.3
10,1,49,2024-01-10,4.26,Spoilage,800.54
11,1,15,2024-01-20,25.23,Preparation Error,2950.14
12,1,23,2024-01-13,17.5,Spoilage,6078.98
13,1,34,2024-01-21,23.4,Overproduction,7961.62
14,1,63,2024-01-01,4.66,Quality Issue,1611.8
15,1,58,2024-01-23,18.09,Expired,2405.25
16,1,17,2024-01-18,28.69,Overproduction,5895.8
17,1,28,2024-01-26,17.92,Quality Issue,3230.8
18,1,32,2024-01-20,7.65,Quality Issue,845.55
19,1,22,2024-01-17,30.0,Expired,5828.1
20,1,16,2024-01-02,31.29,Storage Issue,6264.57
21,1,18,2024-01-11,27.53,Spoilage,1040.63
22,1,29,2024-01-26,13.19,Overproduction,2684.82
23,1,26,2024-01-15,21.56,Storage Issue,4235.89
24,1,8,2024-01-17,22.78,Spoilage,4141.63
25,1,38,2024-01-22,11.75,Expired,3822.39
26,1,2,2024-01-26,26.59,Quality Issue,3263.66
27,1,37,2024-01-26,13.57,Quality Issue,1575.34
28,1,19,2024-01-11,14.99,Expired,4193.75
29,1,14,2024-01-21,36.47,Expired,2201.69
30,1,35,2024-01-13,10.14,Spoilage,697.43
31,1,36,2024-01-15,12.22,Quality Issue,4218.47
32,1,10,2024-01-23,19.73,Expired,1353.68
33,1,54,2024-01-09,22.68,Storage Issue,3369.57
34,1,23,2024-02-12,16.52,Expired,4145.86
35,1,1,2024-02-17,25.02,Preparation Error,4994.24
36,1,3,2024-02-05,9.03,Overproduction,1797.33
37,1,33,2024-02-04,24.25,Expired,7703.26
38,1,18,2024-02-28,5.77,Spoilage,336.79
39,1,62,2024-02-23,32.94,Spoilage,7806.45
40,1,30,2024-02-07,10.57,Overproduction,1846.26
41,1,22,2024-02-05,22.74,Storage Issue,2126.87
42,1,58,2024-02-15,8.33,Overproduction,319.87
43,1,61,2024-02-25,17.05,Overproduction,604.42
44,1,8,2024-02-07,29.64,Expired,7643.56
45,1,2,2024-02-19,9.04,Spoilage,589.95
46,1,55,2024-02-10,23.53,Preparation Error,7312.18
47,1,41,2024-02-01,37.31,Spoilage,9467.79
48,1,27,2024-02-26,32.08,Spoilage,5009.61
49,1,36,2024-02-01,7.0,Overproduction,1894.9
50,1,26,2024-02-21,17.7,Overproduction,4242.34
51,1,7,2024-02-09,36.4,Expired,4304.3
52,1,35,2024-02-14,32.88,Preparation Error,4230.34
53,1,5,2024-02-09,15.89,Spoilage,530.25
54,1,13,2024-02-03,16.91,Spoilage,4760.67
55,1,39,2024-02-26,20.84,Overproduction,5787.68
56,1,47,2024-02-16,5.65,Overproduction,509.74
57,1,54,2024-02-19,11.19,Overproduction,1572.08
58,1,4,2024-02-23,11.88,Spoilage,1079.42
59,1,12,2024-02-13,29.85,Expired,8066.96
60,1,20,2024-02-23,36.1,Quality Issue,5542.07
61,1,46,2024-02-17,36.19,Spoilage,12031.73
62,1,32,2024-02-10,21.08,Spoilage,4093.95
63,1,40,2024-02-12,27.92,Spoilage,6613.97
64,1,37,2024-02-20,20.73,Preparation Error,5496.97
65,1,19,2024-02-16,18.35,Expired,4910.09
66,1,29,2024-02-14,6.01,Quality Issue,475.69
67,1,16,2024-03-10,18.93,Spoilage,4317.74
68,1,50,2024-03-09,33.87,Expired,3030.01
69,1,37,2024-03-06,8.47,Quality Issue,1540.18
70,1,19,2024-03-03,10.96,Storage Issue,1660.0
71,1,45,2024-03-28,3.04,Overproduction,483.39
72,1,30,2024-03-12,35.1,Spoilage,8409.61
73,1,7,2024-03-06,33.63,Quality Issue,9589.93
74,1,21,2024-03-08,26.2,SPOILAGE,3649.66
75,1,24,2024-03-21,7.3,Overproduction,2434.84
76,1,42,2024-03-19,29.82,Overproduction,3627.6
77,1,12,2024-03-09,23.63,Storage Issue,7306.87
78,1,59,2024-03-17,29.93,Overproduction,772.49
79,1,34,2024-03-12,199.99,Quality Issue,964.81
80,1,23,2024-03-21,31.68,Expired,988.73
81,1,48,2024-03-11,10.71,Preparation Error,3468.33
82,1,52,2024-03-01,14.95,Overproduction,3114.98
83,1,60,2024-03-19,27.38,Storage Issue,6525.48
84,1,29,2024-03-16,10.21,Expired,3278.33
85,1,40,2024-03-08,23.8,Expired,7359.44
86,1,63,2024-03-22,19.95,Expired,5449.54
87,1,31,2024-03-07,3.13,Spoilage,435.88
88,1,27,2024-03-17,5.51,Spoilage,1682.53
89,1,58,2024-03-24,32.19,Overproduction,5987.02
90,1,62,2024-03-15,4.72,Expired,1559.63
91,1,11,2024-03-18,3.77,Expired,130.93
92,1,38,2024-03-22,24.52,Quality Issue,1523.67
93,1,35,2024-03-26,10.51,Storage Issue,2080.14
94,1,44,2024-03-18,28.93,Storage Issue,4104.01
95,1,36,2024-03-24,5.53,Expired,1060.49
96,1,9,2024-03-25,33.44,Spoilage,7198.63
97,1,46,2024-03-10,83.23,Quality Issue,3087.12
98,1,8,2024-03-17,3.64,Overproduction,766.51
99,1,13,2024-03-08,19.79,Expired,4158.08
100,1,9,2024-04-19,28.61,Overproduction,2890.75
101,1,32,2024-04-10,29.08,Storage Issue,3799.3
102,1,11,2024-04-08,35.62,Spoilage,7480.91
103,1,23,2024-04-02,33.0,Preparation Error,7862.25
104,1,50,2024-04-21,29.78,Overproduction,5196.31
105,1,61,2024-04-24,35.41,Expired,8283.46
106,1,31,2024-04-07,29.23,Overproduction,9059.25
107,1,43,2024-04-18,23.14,Spoilage,4791.37
108,1,30,2024-04-21,6.41,Expired,1058.03
109,1,19,2024-04-25,27.73,Spoilage,3558.04
110,1,46,2024-04-15,8.41,Spoilage,2558.41
111,1,36,2024-04-07,33.58,Spoilage,7240.52
112,1,13,2024-04-13,15.54,Spoilage,5150.89
113,1,15,2024-04-12,3.48,Expired,531.99
114,1,33,2024-04-03,15.77,Preparation Error,823.04
115,1,59,2024-04-21,25.29,Spoilage,5742.09
116,1,24,2024-04-19,15.73,Spoilage,2510.51
117,1,64,2024-04-07,11.02,Preparation Error,2247.09
118,1,16,2024-04-21,29.36,Preparation Error,614.21
119,1,10,2024-04-01,15.04,Expired,4184.88
120,1,3,2024-04-11,9.22,Expired,573.67
121,1,63,2024-04-21,25.43,Overproduction,1821.55
122,1,58,2024-04-01,14.82,Expired,4810.42
123,1,26,2024-04-22,22.85,Spoilage,5475.09
124,1,52,2024-04-05,6.03,Spoilage,550.42
125,1,55,2024-04-25,34.88,Quality Issue,9510.38
126,1,38,2024-04-14,25.16,Quality Issue,5726.16
127,1,56,2024-04-10,7.52,Expired,2578.61
128,1,28,2024-04-06,14.34,Expired,2179.68
129,1,34,2024-04-18,4.61,Storage Issue,761.39
130,1,17,2024-04-25,30.03,Preparation Error,8469.06
131,1,47,2024-04-17,33.02,Spoilage,11448.69
132,1,27,2024-04-19,27.62,Preparation Error,8279.1
133,1,55,2024-05-02,26.13,Quality Issue,5200.13
134,1,35,2024-05-20,7.01,Storage Issue,2326.41
135,1,54,2024-05-09,14.25,Preparation Error,2241.95
136,1,39,2024-05-24,14.73,Overproduction,3099.63
137,1,14,2024-05-11,30.61,Spoilage,704.95
138,1,58,2024-05-22,31.44,Quality Issue,6221.35
139,1,26,2024-05-14,4.42,Expired,851.38
140,1,64,2024-05-14,28.46,Overproduction,9171.24
141,1,40,2024-05-13,9.9,Preparation Error,1066.82
142,1,53,2024-05-04,6.73,Expired,1522.93
143,1,13,2024-05-04,24.34,Quality Issue,5882.49
144,1,22,2024-05-12,4.89,Storage Issue,256.48
145,1,17,2024-05-11,30.66,Quality Issue,7906.91
146,1,29,2024-05-05,27.87,Expired,7498.7
147,1,50,2024-05-10,36.9,Spoilage,7680.73
148,1,45,2024-05-13,31.05,Preparation Error,8627.55
149,1,11,2024-05-26,36.9,Spoilage,9854.88
150,1,3,2024-05-18,11.45,Spoilage,2366.71
151,1,21,2024-05-22,9.88,Spoilage,2527.4
152,1,61,2024-05-11,34.51,Expired,6443.36
153,1,1,2024-05-28,31.2,Expired,1327.87
154,1,51,2024-05-07,6.14,Storage Issue,1478.7
155,1,65,2024-05-14,34.78,Expired,1455.54
156,1,12,2024-05-22,242.41,Expired,11897.83
157,1,48,2024-05-05,27.98,Spoilage,8628.19
158,1,32,2024-05-22,9.18,Overproduction,2719.57
159,1,36,2024-05-26,5.49,Overproduction,1196.93
160,1,28,2024-05-24,29.33,Quality Issue,8546.76
161,1,30,2024-05-04,25.83,Overproduction,3152.55
162,1,19,2024-05-22,37.31,Overproduction,3838.45
163,1,56,2024-05-24,5.79,Overproduction,518.09
164,1,44,2024-05-06,14.66,Expired,1141.72
165,1,25,2024-05-13,4.01,Overproduction,170.38
166,1,55,2024-06-09,219.66,Spoilage,4898.1
167,1,49,2024-06-06,26.59,Expired,2465.42
168,1,38,2024-06-05,12.96,Storage Issue,3719.26
169,1,45,2024-06-08,18.52,Expired,4039.4
170,1,58,2024-06-22,17.95,Expired,1689.63
171,1,65,2024-06-21,20.67,Spoilage,712.49
172,1,12,2024-06-25,15.53,Spoilage,2076.83
173,1,4,2024-06-08,18.37,Spoilage,6154.87
174,1,13,2024-06-15,23.81,Spoilage,4873.19
175,1,22,2024-06-11,7.46,Quality Issue,168.0
176,1,31,2024-06-24,27.42,Spoilage,1735.69
177,1,63,2024-06-13,28.48,Expired,4090.01
178,1,27,2024-06-28,26.45,Expired,3768.33
179,1,5,2024-06-06,15.82,Expired,3519.16
180,1,43,2024-06-24,5.8,Overproduction,1498.72
181,1,52,2024-06-18,12.17,Overproduction,781.44
182,1,11,2024-06-22,35.89,Expired,11424.86
183,1,6,2024-06-09,35.81,Preparation Error,8742.3
184,1,30,2024-06-11,10.45,Storage Issue,1795.0
185,1,9,2024-06-24,9.13,Quality Issue,2050.69
186,1,14,2024-06-06,20.01,Spoilage,3780.09
187,1,8,2024-06-09,28.12,Spoilage,9191.02
188,1,51,2024-06-05,29.71,Expired,5937.54
189,1,42,2024-06-13,30.2,Spoilage,9723.8
190,1,32,2024-06-06,19.07,Spoilage,6257.25
191,1,37,2024-06-05,21.17,Spoilage,4326.72
192,1,15,2024-06-20,14.33,Preparation Error,813.23
193,1,56,2024-06-27,26.76,Spoilage,961.75
194,1,53,2024-06-04,16.6,Expired,479.91
195,1,23,2024-06-07,2.85,Preparation Error,985.3
196,1,60,2024-06-22,4.58,Expired,334.2
197,1,34,2024-06-01,26.49,Expired,4479.46
198,1,21,2024-06-03,18.43,Overproduction,2685.8
199,1,49,2024-07-14,19.13,expired,2668.44
200,1,60,2024-07-27,28.42,Expired,9152.95
201,1,55,2024-07-03,29.23,Expired,4073.79
202,1,30,2024-07-18,19.17,Spoilage,4492.68
203,1,25,2024-07-07,16.45,Overproduction,2165.31
204,1,34,2024-07-18,29.45,Preparation Error,3151.74
205,1,50,2024-07-07,36.07,Spoilage,11085.03
206,1,16,2024-07-04,35.87,Quality Issue,6628.78
207,1,44,2024-07-27,36.94,Overproduction,8173.71
208,1,2,2024-07-20,19.69,Spoilage,1644.31
209,1,59,2024-07-27,23.48,Storage Issue,6466.16
210,1,19,2024-07-22,8.17,Overproduction,1686.7
211,1,27,2024-07-16,24.16,Spoilage,2581.01
212,1,9,2024-07-22,7.89,Preparation Error,827.35
213,1,41,2024-07-28,6.22,Overproduction,1514.76
214,1,35,2024-07-04,18.99,Expired,3300.84
215,1,13,2024-07-26,9.87,Overproduction,2736.75
216,1,15,2024-07-25,25.14,Spoilage,4008.07
217,1,36,2024-07-05,30.85,Expired,3302.49
218,1,53,2024-07-10,3.13,Expired,379.14
219,1,47,2024-07-28,20.27,Storage Issue,2581.18
220,1,39,2024-07-21,13.36,Spoilage,1101.0
221,1,22,2024-07-19,17.52,Storage Issue,2002.54
222,1,23,2024-07-10,5.35,Storage Issue,404.19
223,1,6,2024-07-24,33.08,Overproduction,6043.05
224,1,8,2024-07-09,32.9,Expired,3221.24
225,1,32,2024-07-06,36.42,Quality Issue,9889.49
226,1,18,2024-07-17,20.33,Storage Issue,1091.31
227,1,1,2024-07-02,22.4,Expired,4245.02
228,1,7,2024-07-03,10.93,Overproduction,1245.58
229,1,64,2024-07-02,16.99,Spoilage,5181.61
230,1,57,2024-07-07,4.55,Expired,1123.35
231,1,31,2024-07-11,15.66,Expired,5351.02
232,1,5,2024-08-20,6.2,spoilage,400.52
233,1,34,2024-08-01,31.67,Quality Issue,10752.28
234,1,11,2024-08-02,16.25,Quality Issue,4895.31
235,1,62,2024-08-17,11.29,Storage Issue,1347.91
236,1,24,2024-08-12,23.7,Preparation Error,7007.62
237,1,7,2024-08-19,26.41,Storage Issue,6987.29
238,1,13,2024-08-12,17.24,Preparation Error,3177.5
239,1,31,2024-08-28,26.15,Spoilage,2679.59
240,1,56,2024-08-12,11.86,Overproduction,3362.07
241,1,45,2024-08-18,4.08,spoilage,643.5
242,1,33,2024-08-07,5.46,Expired,1269.61
243,1,30,2024-08-12,7.49,Spoilage,982.84
244,1,52,2024-08-02,8.11,Storage Issue,363.49
245,1,43,2024-08-04,35.65,Spoilage,8513.22
246,1,46,2024-08-09,34.82,Expired,7647.86
247,1,12,2024-08-20,34.65,Spoilage,2781.36
248,1,4,2024-08-10,21.5,Spoilage,4976.18
249,1,6,2024-08-13,15.41,Spoilage,4641.8
250,1,14,2024-08-26,20.85,Expired,2019.95
251,1,50,2024-08-20,31.38,Expired,10241.8
252,1,10,2024-08-13,7.16,Storage Issue,530.91
253,1,61,2024-08-21,29.52,Expired,8774.23
254,1,9,2024-08-23,35.41,Overproduction,8460.16
255,1,19,2024-08-07,3.47,Preparation Error,1092.01
256,1,47,2024-08-12,4.22,Spoilage,1013.64
257,1,21,2024-08-01,34.19,Spoilage,8831.96
258,1,63,2024-08-05,33.97,Preparation Error,3674.53
259,1,25,2024-08-20,23.66,Overproduction,1028.26
260,1,38,2024-08-02,18.17,Spoilage,5905.07
261,1,39,2024-08-21,31.74,Overproduction,9905.1
262,1,41,2024-08-27,4.04,Overproduction,272.26
263,1,18,2024-08-08,10.2,Expired,2820.4
264,1,32,2024-08-25,29.09,Spoilage,2523.27
265,1,20,2024-09-17,36.98,Quality Issue,4182.81
266,1,22,2024-09-26,34.08,Expired,9564.21
267,1,59,2024-09-16,20.61,Quality Issue,3307.08
268,1,28,2024-09-27,6.65,Expired,1009.07
269,1,54,2024-09-06,30.71,Storage Issue,9281.18
270,1,13,2024-09-09,32.34,Spoilage,8169.41
271,1,2,2024-09-27,7.9,Quality Issue,1458.81
272,1,26,2024-09-13,33.9,Spoilage,7520.71
273,1,53,2024-09-23,33.78,Spoilage,5985.82
274,1,18,2024-09-09,25.02,Expired,8346.92
275,1,55,2024-09-03,36.06,Expired,6969.68
276,1,50,2024-09-23,24.76,Expired,1325.65
277,1,40,2024-09-03,30.3,Overproduction,7493.8
278,1,45,2024-09-24,10.63,Expired,1915.1
279,1,32,2024-09-22,17.33,Expired,2479.75
280,1,29,2024-09-10,31.3,Overproduction,3564.13
281,1,42,2024-09-09,18.02,Preparation Error,1594.05
282,1,48,2024-09-04,35.35,Storage Issue,1667.46
283,1,11,2024-09-27,9.29,Expired,3077.68
284,1,65,2024-09-02,10.66,Preparation Error,2662.76
285,1,36,2024-09-02,32.46,Expired,5272.48
286,1,56,2024-09-15,14.45,Quality Issue,4062.18
287,1,31,2024-09-03,21.65,Storage Issue,1572.87
288,1,39,2024-09-19,17.96,Expired,3639.59
289,1,33,2024-09-11,9.75,Spoilage,2901.4
290,1,19,2024-09-14,21.79,Expired,5653.42
291,1,47,2024-09-21,13.14,Spoilage,2190.96
292,1,21,2024-09-01,16.32,Expired,412.9
293,1,64,2024-09-27,35.54,Overproduction,6772.15
294,1,43,2024-09-03,13.81,Overproduction,3967.61
295,1,3,2024-09-08,32.38,Overproduction,1831.74
296,1,35,2024-09-12,13.4,Expired,4061.41
297,1,58,2024-09-21,7.62,Expired,758.27
298,1,31,2024-10-25,18.17,Spoilage,3729.39
299,1,64,2024-10-14,23.82,Overproduction,1049.75
300,1,14,2024-10-28,17.92,Preparation Error,2933.86
301,1,65,2024-10-18,35.35,Spoilage,936.07
302,1,2,2024-10-10,16.77,Overproduction,5348.79
303,1,15,2024-10-01,18.98,Expired,5415.56
304,1,28,2024-10-10,13.61,Expired,538.82
305,1,33,2024-10-19,30.87,Preparation Error,7415.59
306,1,10,2024-10-26,34.85,Expired,1578.36
307,1,47,2024-10-16,15.64,Overproduction,3218.4
308,1,62,2024-10-23,15.49,Expired,2083.1
309,1,1,2024-10-27,19.07,Preparation Error,2091.79
310,1,49,2024-10-23,23.64,Spoilage,5526.32
311,1,13,2024-10-03,16.32,Storage Issue,4717.46
312,1,38,2024-10-07,20.9,Storage Issue,1648.8
313,1,52,2024-10-27,11.38,Expired,1005.31
314,1,40,2024-10-11,3.38,Expired,1023.06
315,1,54,2024-10-12,18.04,Expired,3270.11
316,1,56,2024-10-15,11.09,Expired,2653.28
317,1,18,2024-10-13,10.04,Overproduction,938.94
318,1,21,2024-10-28,14.08,Expired,4908.57
319,1,60,2024-10-13,15.5,Overproduction,4089.21
320,1,61,2024-10-17,24.4,Preparation Error,2466.84
321,1,35,2024-10-19,13.72,Preparation Error,4090.62
322,1,44,2024-10-20,16.89,Expired,2266.47
323,1,9,2024-10-17,4.0,Expired,1193.24
324,1,16,2024-10-13,37.38,Preparation Error,4192.91
325,1,3,2024-10-02,37.41,Preparation Error,12527.49
326,1,4,2024-10-21,28.7,Spoilage,3051.96
327,1,39,2024-10-11,5.11,Overproduction,517.23
328,1,6,2024-10-16,6.4,Overproduction,302.34
329,1,22,2024-10-16,30.81,Expired,10311.18
330,1,30,2024-10-02,17.68,Spoilage,2459.46
331,1,17,2024-11-20,19.11,Preparation Error,387.17
332,1,22,2024-11-05,5.57,Expired,744.37
333,1,47,2024-11-23,34.04,Expired,8123.65
334,1,28,2024-11-24,12.85,Overproduction,663.7
335,1,10,2024-11-14,15.24,Storage Issue,3966.06
336,1,46,2024-11-06,23.17,Spoilage,7788.83
337,1,63,2024-11-09,22.57,Preparation Error,3765.35
338,1,20,2024-11-22,13.19,Preparation Error,1360.81
339,1,41,2024-11-12,34.08,Expired,4809.37
340,1,59,2024-11-19,12.48,Overproduction,1297.92
341,1,12,2024-11-04,2.59,Spoilage,647.09
342,1,56,2024-11-12,11.92,Overproduction,3850.28
343,1,15,2024-11-06,36.94,Overproduction,3804.08
344,1,40,2024-11-21,23.36,Preparation Error,1737.28
345,1,60,2024-11-08,29.57,Spoilage,6457.79
346,1,57,2024-11-12,6.03,Expired,710.64
347,1,23,2024-11-10,14.18,Expired,1760.16
348,1,35,2024-11-06,32.29,Overproduction,1802.75
349,1,21,2024-11-04,35.91,Overproduction,11081.11
350,1,26,2024-11-28,31.85,Preparation Error,5840.97
351,1,29,2024-11-14,20.72,Expired,2462.99
352,1,61,2024-11-13,13.54,Preparation Error,4000.53
353,1,42,2024-11-11,12.98,Expired,3062.5
354,1,24,2024-11-12,35.38,Expired,9548.71
355,1,34,2024-11-18,36.0,Spoilage,7396.92
356,1,45,2024-11-16,12.59,Storage Issue,2200.86
357,1,64,2024-11-26,28.66,Expired,3978.29
358,1,6,2024-11-03,17.4,Expired,1155.19
359,1,7,2024-11-13,29.35,Expired,7848.78
360,1,38,2024-11-05,7.21,Preparation Error,1024.18
361,1,2,2024-11-28,35.86,Spoilage,1459.5
362,1,43,2024-11-09,11.06,Preparation Error,1305.19
363,1,39,2024-11-23,29.36,Spoilage,6798.9
364,1,39,2024-12-13,17.17,Overproduction,5974.13
365,1,2,2024-12-23,47.95,Expired,392.64
366,1,63,2024-12-21,35.54,Expired,10023.35
367,1,3,2024-12-17,20.07,Overproduction,2109.56
368,1,28,2024-12-18,32.75,Expired,3978.14
369,1,40,2024-12-14,26.77,Preparation Error,6366.98
370,1,49,2024-12-05,29.07,Quality Issue,778.79
371,1,25,2024-12-21,36.35,Preparation Error,5969.03
372,1,61,2024-12-04,8.9,Preparation Error,1151.04
373,1,31,2024-12-23,30.97,Preparation Error,3516.95
374,1,13,2024-12-17,2.76,Overproduction,358.36
375,1,64,2024-12-17,3.04,Overproduction,93.81
376,1,36,2024-12-15,36.0,Preparation Error,1602.72
377,1,24,2024-12-14,24.17,Expired,2831.27
378,1,18,2024-12-26,19.11,Spoilage,6520.91
379,1,12,2024-12-05,15.62,Preparation Error,2780.52
380,1,62,2024-12-10,31.08,Expired,9498.05
381,1,26,2024-12-24,30.31,Spoilage,6214.46
382,1,41,2024-12-27,35.77,Preparation Error,8829.82
383,1,20,2024-12-14,2.53,Expired,851.4
384,1,19,2024-12-23,20.26,Storage Issue,3752.56
385,1,55,2024-12-26,15.19,Preparation Error,5095.03
386,1,30,2024-12-23,16.6,Spoilage,2621.14
387,1,1,2024-12-26,9.37,Spoilage,2799.66
388,1,29,2024-12-25,9.31,Expired,256.21
389,1,53,2024-12-07,17.83,Storage Issue,4975.1
390,1,33,2024-12-16,35.04,Preparation Error,10075.75
391,1,15,2024-12-14,11.87,Preparation Error,1735.39
392,1,60,2024-12-18,14.51,Expired,700.54
393,1,44,2024-12-05,27.94,Spoilage,6122.49
394,1,14,2024-12-25,33.09,Spoilage,1829.88
395,1,22,2024-12-16,13.35,Overproduction,2316.63
396,1,7,2024-12-04,25.58,Overproduction,6937.55
397,1,35,2025-01-22,17.42,Spoilage,2145.1
398,1,40,2025-01-21,3.47,Preparation Error,1061.13
399,1,1,2025-01-23,25.06,Quality Issue,8710.61
400,1,54,2025-01-25,6.24,Preparation Error,1297.48
401,1,51,2025-01-21,18.69,Preparation Error,1520.06
402,1,24,2025-01-05,34.43,Expired,9429.34
403,1,21,2025-01-01,21.35,Preparation Error,3405.97
404,1,44,2025-01-20,20.35,Preparation Error,6277.36
405,1,18,2025-01-20,8.15,Expired,288.92
406,1,28,2025-01-13,28.24,Expired,8934.01
407,1,59,2025-01-15,32.25,Spoilage,3690.69
408,1,8,2025-01-03,5.78,Preparation Error,1034.5
409,1,61,2025-01-14,32.75,Overproduction,4024.65
410,1,15,2025-01-06,19.86,Preparation Error,6278.14
411,1,63,2025-01-24,35.5,Expired,4719.37
412,1,16,2025-01-10,19.18,Overproduction,5555.49
413,1,37,2025-01-04,31.95,Expired,10794.95
414,1,36,2025-01-14,23.54,Quality Issue,4403.16
415,1,13,2025-01-15,23.52,Expired,3325.73
416,1,50,2025-01-23,5.07,Overproduction,1123.11
417,1,17,2025-01-14,7.26,Quality Issue,506.75
418,1,57,2025-01-02,22.08,Overproduction,2754.92
419,1,41,2025-01-25,23.6,Expired,6730.01
420,1,20,2025-01-01,27.78,Quality Issue,6418.57
421,1,12,2025-01-18,3.57,Expired,238.76
422,1,49,2025-01-03,10.3,Spoilage,623.36
423,1,19,2025-01-10,31.05,Overproduction,8988.35
424,1,47,2025-01-10,83.79,Spoilage,1339.44
425,1,39,2025-01-24,30.75,Expired,8704.4
426,1,30,2025-01-26,29.85,Overproduction,6923.41
427,1,14,2025-01-01,33.47,Expired,5327.09
428,1,22,2025-01-22,4.58,Overproduction,425.25
429,1,43,2025-01-10,4.78,Storage Issue,817.57
430,1,23,2025-02-10,26.88,Storage Issue,9375.74
431,1,62,2025-02-05,4.59,Spoilage,826.2
432,1,38,2025-02-19,27.96,Expired,9016.54
433,1,42,2025-02-22,5.21,Storage Issue,911.02
434,1,19,2025-02-23,11.41,Expired,3868.45
435,1,26,2025-02-02,18.92,Expired,3003.93
436,1,24,2025-02-19,20.03,Quality Issue,5292.73
437,1,20,2025-02-19,22.02,Preparation Error,5364.73
438,1,61,2025-02-04,7.35,Expired,944.4
439,1,40,2025-02-02,27.4,Expired,4723.49
440,1,47,2025-02-28,25.76,Expired,1306.8
441,1,45,2025-02-12,17.02,Preparation Error,4182.15
442,1,41,2025-02-19,2.96,Expired,290.44
443,1,36,2025-02-15,16.02,Spoilage,1502.52
444,1,17,2025-02-15,32.05,Expired,5433.12
445,1,6,2025-02-28,5.89,Storage Issue,1710.16
446,1,63,2025-02-16,11.4,Spoilage,2124.28
447,1,30,2025-02-04,21.06,Overproduction,3018.53
448,1,7,2025-02-24,16.87,Spoilage,5533.02
449,1,28,2025-02-06,11.87,Spoilage,3586.4
450,1,52,2025-02-19,28.57,Storage Issue,9245.25
451,1,25,2025-02-11,17.39,Preparation Error,2693.19
452,1,58,2025-02-09,7.97,Overproduction,2064.39
453,1,4,2025-02-16,27.31,Overproduction,4000.1
454,1,57,2025-02-01,12.02,Overproduction,1406.7
455,1,44,2025-02-16,28.1,Expired,4739.91
456,1,18,2025-02-03,34.91,Preparation Error,1056.73
457,1,21,2025-02-16,15.3,Spoilage,3295.77
458,1,48,2025-02-05,22.85,Spoilage,3469.09
459,1,65,2025-02-24,10.44,Preparation Error,2786.96
460,1,33,2025-02-12,5.47,Spoilage,1497.58
461,1,60,2025-02-24,17.21,Overproduction,4259.13
462,1,35,2025-02-17,19.96,Overproduction,2491.41
463,1,53,2025-03-16,25.47,Storage Issue,7538.1
464,1,3,2025-03-11,9.29,Preparation Error,1977.47
465,1,28,2025-03-22,15.34,expired,4287.07
466,1,25,2025-03-04,26.39,Expired,5239.47
467,1,51,2025-03-01,31.48,Preparation Error,6080.36
468,1,59,2025-03-07,8.87,Quality Issue,2526.71
469,1,32,2025-03-28,5.63,Spoilage,650.49
470,1,42,2025-03-16,6.45,Preparation Error,470.79
471,1,9,2025-03-14,12.05,Overproduction,3326.4
472,1,31,2025-03-17,6.1,Storage Issue,1084.21
473,1,55,2025-03-15,7.01,Spoilage,933.8
474,1,46,2025-03-27,7.64,Overproduction,591.41
475,1,44,2025-03-04,18.78,Storage Issue,3805.02
476,1,5,2025-03-12,9.42,Expired,1212.07
477,1,30,2025-03-16,7.27,Expired,2475.0
478,1,40,2025-03-15,23.45,Expired,2579.97
479,1,54,2025-03-20,13.97,Spoilage,753.12
480,1,50,2025-03-24,9.88,Expired,1462.24
481,1,61,2025-03-16,17.48,Quality Issue,1956.19
482,1,16,2025-03-01,36.91,Spoilage,12576.71
483,1,6,2025-03-19,14.74,Quality Issue,3631.05
484,1,19,2025-03-02,19.47,Overproduction,6050.11
485,1,4,2025-03-09,12.78,Spoilage,662.39
486,1,17,2025-03-19,19.3,Preparation Error,6401.62
487,1,65,2025-03-06,27.57,Expired,3318.33
488,1,11,2025-03-12,25.49,Expired,4261.93
489,1,57,2025-03-01,33.66,Expired,4943.98
490,1,29,2025-03-25,13.11,Overproduction,2967.84
491,1,26,2025-03-06,31.62,Expired,4959.6
492,1,47,2025-03-17,8.28,Expired,1526.09
493,1,2,2025-03-06,21.63,Storage Issue,3148.46
494,1,20,2025-03-16,16.02,Quality Issue,2350.13
495,1,64,2025-03-21,31.54,Expired,4569.83
496,1,55,2025-04-10,35.65,Expired,885.9
497,1,56,2025-04-06,12.15,Preparation Error,2252.49
498,1,10,2025-04-22,23.66,Overproduction,1690.74
499,1,29,2025-04-27,34.23,Preparation Error,2080.16
500,1,24,2025-04-23,7.94,Quality Issue,1018.94
501,1,46,2025-04-27,26.03,Expired,4861.36
502,1,39,2025-04-06,15.72,Storage Issue,1718.51
503,1,2,2025-04-12,19.72,Preparation Error,2322.82
504,1,42,2025-04-24,12.65,Storage Issue,2971.23
505,1,12,2025-04-17,15.3,Quality Issue,2817.8
506,1,8,2025-04-05,5.81,Expired,1808.07
507,1,54,2025-04-26,10.1,Spoilage,1876.88
508,1,50,2025-04-07,5.25,Spoilage,1112.79
509,1,3,2025-04-01,11.79,Expired,1438.26
510,1,27,2025-04-08,12.46,Expired,4196.28
511,1,33,2025-04-28,3.4,Expired,1096.13
512,1,38,2025-04-23,10.19,Storage Issue,1530.95
513,1,52,2025-04-27,4.99,Storage Issue,738.57
514,1,26,2025-04-02,8.78,Overproduction,1585.14
515,1,60,2025-04-26,7.26,Expired,642.95
516,1,11,2025-04-06,29.02,Expired,3576.72
517,1,5,2025-04-04,32.18,Overproduction,1880.92
518,1,63,2025-04-28,4.53,Preparation Error,1338.89
519,1,25,2025-04-11,13.7,Expired,1022.71
520,1,9,2025-04-24,28.35,Expired,5076.35
521,1,43,2025-04-11,6.27,Spoilage,372.06
522,1,61,2025-04-18,18.01,Overproduction,1859.35
523,1,20,2025-04-19,4.14,Overproduction,782.79
524,1,13,2025-04-19,14.63,Preparation Error,4041.54
525,1,49,2025-04-14,24.88,Expired,1117.61
526,1,51,2025-04-07,7.56,Expired,2389.49
527,1,35,2025-04-06,22.94,Storage Issue,1169.94
528,1,22,2025-04-26,29.42,Spoilage,4360.34
529,1,33,2025-05-06,19.28,Spoilage,1988.35
530,1,8,2025-05-09,12.52,Storage Issue,1841.07
531,1,29,2025-05-18,19.52,Overproduction,5932.91
532,1,53,2025-05-07,35.59,Expired,6996.64
533,1,9,2025-05-13,9.93,Expired,2577.53
534,1,10,2025-05-18,27.52,Expired,6805.7
535,1,54,2025-05-05,20.57,Expired,4123.26
536,1,59,2025-05-14,9.62,Overproduction,1790.09
537,1,2,2025-05-14,6.36,Quality Issue,1842.49
538,1,7,2025-05-12,14.05,Quality Issue,1686.28
539,1,38,2025-05-09,28.36,Preparation Error,2106.3
540,1,21,2025-05-11,7.33,Storage Issue,1978.81
541,1,25,2025-05-28,22.83,Expired,1367.06
542,1,4,2025-05-20,21.92,Overproduction,461.85
543,1,34,2025-05-16,36.9,Preparation Error,2061.97
544,1,44,2025-05-10,9.71,Spoilage,3022.04
545,1,36,2025-05-19,3.45,Expired,680.0
546,1,61,2025-05-02,24.6,Storage Issue,1490.76
547,1,40,2025-05-22,27.21,Preparation Error,5287.18
548,1,5,2025-05-13,21.91,Spoilage,5242.84
549,1,55,2025-05-13,13.41,Spoilage,3434.97
550,1,37,2025-05-17,32.37,Expired,2216.7
551,1,52,2025-05-02,8.75,Preparation Error,2828.44
552,1,30,2025-05-20,35.44,Expired,4403.77
553,1,1,2025-05-17,32.16,Quality Issue,937.46
554,1,35,2025-05-14,34.81,Expired,8326.55
555,1,65,2025-05-16,10.42,Overproduction,3575.0
556,1,22,2025-05-14,37.14,Overproduction,3716.6
557,1,26,2025-05-20,34.53,Expired,9433.94
558,1,63,2025-05-16,19.39,Preparation Error,6417.9
559,1,60,2025-05-27,34.32,Expired,1353.92
560,1,20,2025-05-11,14.55,Overproduction,2387.95
561,1,39,2025-05-05,15.51,Spoilage,2244.76
562,1,14,2025-06-24,24.55,Storage Issue,3412.45
563,1,15,2025-06-05,4.2,Expired,590.06
564,1,42,2025-06-11,14.71,Expired,2102.06
565,1,29,2025-06-22,12.85,Preparation Error,3314.14
566,1,54,2025-06-20,24.71,Spoilage,7862.23
567,1,53,2025-06-07,24.25,Expired,6702.46
568,1,40,2025-06-03,9.28,Storage Issue,3145.08
569,1,48,2025-06-28,22.6,Expired,1524.14
570,1,19,2025-06-21,13.78,Expired,3220.66
571,1,60,2025-06-23,29.36,Expired,9889.92
572,1,23,2025-06-27,34.09,Spoilage,9685.99
573,1,2,2025-06-16,36.47,Preparation Error,11977.84
574,1,11,2025-06-20,15.93,Preparation Error,2895.44
575,1,55,2025-06-04,3.06,Expired,590.98
576,1,45,2025-06-16,5.28,Overproduction,1348.3
577,1,20,2025-06-09,28.53,Spoilage,3011.06
578,1,1,2025-06-24,3.98,Expired,521.62
579,1,33,2025-06-04,34.69,Quality Issue,7796.92
580,1,57,2025-06-10,33.27,Expired,1054.99
581,1,36,2025-06-18,12.58,Overproduction,3040.96
582,1,41,2025-06-08,12.1,Spoilage,3633.63
583,1,32,2025-06-24,3.44,Storage Issue,167.18
584,1,44,2025-06-20,3.99,Quality Issue,247.42
585,1,13,2025-06-15,13.04,Preparation Error,957.01
586,1,27,2025-06-16,18.32,Spoilage,4847.47
587,1,5,2025-06-24,32.23,Overproduction,6919.46
588,1,37,2025-06-09,5.78,Overproduction,1608.98
589,1,50,2025-06-18,28.29,Spoilage,5781.06
590,1,22,2025-06-04,6.65,Storage Issue,492.23
591,1,9,2025-06-15,13.04,Expired,4367.36
592,1,30,2025-06-23,24.26,Preparation Error,2647.01
593,1,39,2025-06-17,11.37,Overproduction,2089.46
594,1,52,2025-06-19,34.58,Overproduction,7936.11
595,1,63,2025-07-22,25.51,Expired,2277.02
596,1,65,2025-07-09,27.87,Quality Issue,4200.29
597,1,9,2025-07-19,3.62,Expired,970.88
598,1,7,2025-07-16,25.57,Spoilage,5051.35
599,1,54,2025-07-21,2.6,Overproduction,739.86
600,1,24,2025-07-18,14.42,Preparation Error,2851.7
601,1,30,2025-07-22,21.61,Expired,6727.41
602,1,62,2025-07-16,32.65,Expired,3110.89
603,1,47,2025-07-27,6.89,Expired,1336.66
604,1,33,2025-07-26,17.68,Expired,3279.11
605,1,38,2025-07-22,18.79,Expired,3088.7
606,1,58,2025-07-26,17.24,Spoilage,1838.82
607,1,1,2025-07-24,3.75,Spoilage,814.65
608,1,52,2025-07-10,13.5,preparation error,3659.71
609,1,20,2025-07-06,17.15,Overproduction,2384.19
610,1,27,2025-07-07,34.32,Preparation Error,7834.91
611,1,18,2025-07-08,14.48,Overproduction,1757.44
612,1,12,2025-07-06,28.96,Expired,6458.08
613,1,25,2025-07-25,33.13,Overproduction,9425.82
614,1,51,2025-07-21,2.52,Quality Issue,560.07
615,1,15,2025-07-02,27.1,Expired,6040.05
616,1,6,2025-07-14,37.34,Storage Issue,5997.55
617,1,31,2025-07-08,8.46,Expired,578.75
618,1,61,2025-07-14,33.76,Expired,9470.02
619,1,60,2025-07-27,36.93,Spoilage,4737.01
620,1,21,2025-07-01,15.56,Spoilage,3420.4
621,1,17,2025-07-21,14.01,Spoilage,3151.83
622,1,19,2025-07-15,19.67,Storage Issue,1262.42
623,1,59,2025-07-13,18.5,Spoilage,2006.69
624,1,2,2025-07-20,36.72,Overproduction,3528.79
625,1,22,2025-07-20,18.51,Storage Issue,2355.77
626,1,5,2025-07-12,22.71,Storage Issue,7433.66
627,1,41,2025-07-19,22.17,Quality Issue,3397.33
628,1,32,2025-08-23,30.99,Storage Issue,3176.47
629,1,43,2025-08-13,4.08,Preparation Error,1357.46
630,1,53,2025-08-28,30.86,Expired,10303.54
631,1,27,2025-08-07,7.85,Preparation Error,658.07
632,1,51,2025-08-02,31.76,Overproduction,6934.16
633,1,10,2025-08-02,13.74,Preparation Error,2788.67
634,1,24,2025-08-25,24.27,Preparation Error,4613.24
635,1,22,2025-08-25,12.78,Expired,1621.65
636,1,13,2025-08-27,29.41,Spoilage,3825.06
637,1,47,2025-08-13,3.48,Preparation Error,1118.02
638,1,59,2025-08-07,5.32,Expired,1766.13
639,1,39,2025-08-06,14.86,Spoilage,2415.49
640,1,49,2025-08-18,26.06,Expired,8410.86
641,1,62,2025-08-11,25.46,Storage Issue,1728.22
642,1,7,2025-08-22,6.13,Expired,888.97
643,1,37,2025-08-09,6.01,Spoilage,1232.41
644,1,5,2025-08-10,18.47,Quality Issue,2205.32
645,1,57,2025-08-22,3.67,Quality Issue,1213.6
646,1,56,2025-08-17,24.66,Storage Issue,7958.52
647,1,41,2025-08-23,2.53,Expired,705.16
648,1,52,2025-08-10,17.62,Spoilage,5175.17
649,1,1,2025-08-26,35.52,Expired,2842.31
650,1,16,2025-08-26,25.74,Expired,8330.24
651,1,35,2025-08-08,29.36,Expired,8371.42
652,1,14,2025-08-28,18.33,Spoilage,1440.0
653,1,38,2025-08-13,18.9,Expired,2199.01
654,1,3,2025-08-09,28.59,Preparation Error,9491.88
655,1,2,2025-08-01,8.68,Quality Issue,2073.3
656,1,18,2025-08-07,35.1,Storage Issue,10582.3
657,1,44,2025-08-13,23.16,Expired,6213.36
658,1,64,2025-08-25,27.75,Expired,4044.84
659,1,40,2025-08-28,28.66,Spoilage,8123.1
660,1,11,2025-08-11,26.71,Expired,3453.6
661,1,55,2025-09-28,11.79,Spoilage,1623.01
662,1,6,2025-09-26,12.12,Preparation Error,2048.16
663,1,61,2025-09-19,6.14,Expired,380.62
664,1,26,2025-09-04,37.43,Expired,4049.55
665,1,9,2025-09-27,29.38,Expired,1548.62
666,1,16,2025-09-17,15.61,Storage Issue,2232.7
667,1,24,2025-09-09,36.58,Spoilage,11896.18
668,1,63,2025-09-01,17.33,Overproduction,1657.79
669,1,44,2025-09-15,24.47,Expired,4138.86
670,1,39,2025-09-07,30.79,Expired,9125.85
671,1,59,2025-09-17,25.01,Expired,5916.12
672,1,32,2025-09-05,22.1,Expired,7258.97
673,1,23,2025-09-23,9.96,Expired,2133.93
674,1,57,2025-09-02,17.47,Expired,4734.72
675,1,14,2025-09-14,32.05,Expired,5588.56
676,1,65,2025-09-28,29.98,Expired,1184.81
677,1,54,2025-09-24,4.29,Expired,1173.7
678,1,27,2025-09-02,34.34,Expired,10090.47
679,1,21,2025-09-01,23.73,Spoilage,4363.47
680,1,52,2025-09-15,27.82,Preparation Error,2403.93
681,1,45,2025-09-18,4.26,Expired,330.41
682,1,22,2025-09-10,6.27,Spoilage,1457.77
683,1,38,2025-09-01,58.66,Preparation Error,2229.83
684,1,62,2025-09-09,9.03,Spoilage,442.83
685,1,17,2025-09-07,25.11,Expired,6524.83
686,1,11,2025-09-14,17.55,Expired,3042.47
687,1,5,2025-09-18,4.05,Quality Issue,521.32
688,1,28,2025-09-20,9.08,Quality Issue,2672.33
689,1,56,2025-09-01,13.75,Storage Issue,3051.68
690,1,20,2025-09-17,27.31,Spoilage,931.27
691,1,40,2025-09-27,18.49,Expired,2307.74
692,1,2,2025-09-12,4.77,Spoilage,557.42
693,1,34,2025-09-28,35.97,Expired,6788.98
694,1,57,2025-10-16,14.18,Expired,971.47
695,1,60,2025-10-10,7.26,Expired,2474.35
696,1,19,2025-10-26,9.57,Overproduction,1036.53
697,1,49,2025-10-09,12.35,Expired,2653.03
698,1,46,2025-10-13,20.98,Preparation Error,2226.61
699,1,44,2025-10-05,25.28,Preparation Error,933.59
700,1,43,2025-10-21,8.44,Overproduction,1513.63
701,1,62,2025-10-05,34.04,Spoilage,11114.74
702,1,52,2025-10-01,15.73,Overproduction,2432.8
703,1,63,2025-10-22,3.59,Quality Issue,1103.03
704,1,53,2025-10-28,26.78,Storage Issue,2241.22
705,1,58,2025-10-15,32.17,expired,4295.02
706,1,42,2025-10-22,11.22,Spoilage,1830.32
707,1,38,2025-10-07,35.74,Storage Issue,3553.99
708,1,61,2025-10-12,12.88,Spoilage,1857.17
709,1,22,2025-10-21,25.64,Preparation Error,7013.82
710,1,4,2025-10-13,21.48,Spoilage,2910.11
711,1,17,2025-10-07,17.6,Quality Issue,3817.09
712,1,18,2025-10-23,7.47,Spoilage,2461.14
713,1,1,2025-10-17,28.06,Preparation Error,7260.81
714,1,25,2025-10-06,30.97,Expired,978.65
715,1,5,2025-10-16,12.0,Preparation Error,961.44
716,1,27,2025-10-23,35.49,EXPIRED,6699.09
717,1,11,2025-10-02,19.92,Preparation Error,2599.16
718,1,13,2025-10-05,28.42,Overproduction,5106.51
719,1,55,2025-10-13,34.04,Spoilage,1921.56
720,1,40,2025-10-17,3.33,Expired,1139.06
721,1,32,2025-10-06,36.75,Preparation Error,1918.72
722,1,65,2025-10-01,36.68,Expired,11114.41
723,1,39,2025-10-25,18.78,Storage Issue,4658.57
724,1,41,2025-10-28,6.91,Overproduction,1964.65
725,1,14,2025-10-21,11.09,Preparation Error,333.7
726,1,7,2025-10-02,17.4,Overproduction,4522.96
727,1,26,2025-11-04,19.55,Spoilage,1399.39
728,1,44,2025-11-05,11.12,Expired,1069.19
729,1,2,2025-11-17,19.93,Storage Issue,2713.27
730,1,55,2025-11-21,4.5,Expired,485.46
731,1,63,2025-11-08,32.58,Preparation Error,4008.32
732,1,51,2025-11-14,31.6,Expired,6626.84
733,1,43,2025-11-24,5.13,Storage Issue,335.96
734,1,49,2025-11-14,20.43,Spoilage,6281.2
735,1,7,2025-11-17,16.93,PREPARATION ERROR,1773.08
736,1,10,2025-11-06,36.27,Spoilage,6815.86
737,1,30,2025-11-21,22.05,Quality Issue,5189.47
738,1,14,2025-11-20,7.23,Storage Issue,1298.58
739,1,47,2025-11-03,33.34,Spoilage,5352.07
740,1,61,2025-11-13,37.21,Expired,2426.09
741,1,45,2025-11-21,8.34,Preparation Error,1919.87
742,1,39,2025-11-14,10.88,Spoilage,3668.74
743,1,36,2025-11-24,11.31,Preparation Error,3760.58
744,1,25,2025-11-07,36.11,Expired,9941.44
745,1,34,2025-11-19,20.66,Expired,4031.8
746,1,46,2025-11-11,7.36,Spoilage,1237.88
747,1,58,2025-11-07,29.8,Expired,837.38
748,1,21,2025-11-10,25.6,Spoilage,7890.18
749,1,62,2025-11-02,18.03,Expired,653.23
750,1,19,2025-11-27,9.49,Expired,2555.66
751,1,56,2025-11-04,29.03,Spoilage,1902.92
752,1,9,2025-11-19,4.59,Spoilage,245.61
753,1,64,2025-11-25,29.11,Expired,6227.21
754,1,40,2025-11-05,27.32,Spoilage,2770.52
755,1,24,2025-11-11,5.51,Quality Issue,1111.26
756,1,1,2025-11-13,30.65,OVERPRODUCTION,9620.12
757,1,48,2025-11-13,36.36,Expired,11004.72
758,1,31,2025-11-19,25.97,Preparation Error,1540.28
759,1,3,2025-11-05,24.37,Overproduction,6450.01
760,1,59,2025-12-10,27.59,Expired,7340.87
761,1,18,2025-12-18,13.91,Overproduction,3389.17
762,1,50,2025-12-10,35.22,Storage Issue,3232.84
763,1,62,2025-12-28,11.12,Expired,2320.19
764,1,35,2025-12-10,10.45,Overproduction,2775.94
765,1,5,2025-12-25,7.32,Spoilage,459.04
766,1,56,2025-12-15,5.92,Overproduction,952.71
767,1,24,2025-12-22,35.86,Expired,2413.38
768,1,39,2025-12-26,31.88,Preparation Error,1709.41
769,1,19,2025-12-15,12.38,Expired,2808.77
770,1,25,2025-12-25,5.6,Expired,1488.48
771,1,61,2025-12-05,17.76,Expired,2424.77
772,1,60,2025-12-18,19.42,Spoilage,3311.69
773,1,26,2025-12-09,33.27,Quality Issue,9199.82
774,1,1,2025-12-28,33.6,Overproduction,1450.85
775,1,53,2025-12-17,21.75,Overproduction,6365.57
776,1,34,2025-12-14,16.31,Overproduction,368.61
777,1,16,2025-12-01,14.31,Expired,4065.61
778,1,14,2025-12-25,6.65,Preparation Error,749.99
779,1,7,2025-12-28,27.47,Expired,7719.62
780,1,38,2025-12-08,25.24,Preparation Error,3550.26
781,1,55,2025-12-26,21.11,Expired,1954.36
782,1,27,2025-12-04,2.56,Expired,77.06
783,1,33,2025-12-02,5.07,Spoilage,847.15
784,1,12,2025-12-19,22.23,Overproduction,4994.64
785,1,10,2025-12-19,8.6,Preparation Error,2999.68
786,1,37,2025-12-09,24.36,Expired,6981.58
787,1,17,2025-12-02,15.11,Expired,2584.57
788,1,11,2025-12-19,20.45,Overproduction,6697.38
789,1,48,2025-12-18,27.57,Quality Issue,3870.28
790,1,13,2025-12-15,29.99,Expired,10155.21
791,1,36,2025-12-23,21.22,Quality Issue,2351.6
792,1,45,2025-12-19,27.47,Expired,8262.98
793,1,23,2026-01-03,13.92,Preparation Error,4237.39
794,1,44,2026-01-17,14.57,Quality Issue,4612.28
795,1,38,2026-01-12,35.16,Quality Issue,4560.6
796,1,41,2026-01-27,22.03,Storage Issue,7026.03
797,1,59,2026-01-23,35.94,Spoilage,5004.29
798,1,29,2026-01-21,7.53,Storage Issue,1969.77
799,1,62,2026-01-04,34.25,Expired,8500.51
800,1,58,2026-01-12,26.92,Overproduction,6991.12
801,1,25,2026-01-16,29.88,Expired,8286.32
802,1,39,2026-01-23,13.01,Spoilage,337.61
803,1,21,2026-01-03,21.24,Spoilage,4946.8
804,1,30,2026-01-04,7.84,Spoilage,887.1
805,1,53,2026-01-10,19.88,Expired,2587.58
806,1,10,2026-01-19,6.4,Preparation Error,2239.74
807,1,54,2026-01-01,13.19,Spoilage,789.16
808,1,45,2026-01-18,6.15,Preparation Error,505.9
809,1,33,2026-01-01,26.13,Preparation Error,3711.51
810,1,63,2026-01-09,17.04,Expired,697.62
811,1,27,2026-01-01,28.83,Overproduction,5052.75
812,1,2,2026-01-06,32.07,Overproduction,10594.32
813,1,18,2026-01-21,19.67,Expired,2999.28
814,1,37,2026-01-09,28.78,Expired,1393.53
815,1,49,2026-01-13,29.7,Overproduction,4981.88
816,1,26,2026-01-03,9.76,Storage Issue,1308.33
817,1,28,2026-01-04,28.36,Preparation Error,8129.11
818,1,47,2026-01-09,26.82,Quality Issue,7240.86
819,1,52,2026-01-25,2.84,Preparation Error,221.18
820,1,35,2026-01-07,6.09,Expired,741.4
821,1,4,2026-01-10,21.89,Expired,5674.33
822,1,6,2026-01-17,13.06,Spoilage,3507.52
823,1,8,2026-01-05,23.87,Expired,6997.97
824,1,61,2026-01-21,32.77,Expired,7634.1
825,1,36,2026-01-22,7.43,Spoilage,907.28
826,1,13,2026-02-03,2.7,Spoilage,548.13
827,1,54,2026-02-03,26.31,Spoilage,5813.19
828,1,23,2026-02-14,31.4,Storage Issue,8874.27
829,1,64,2026-02-27,23.87,Expired,4896.93
830,1,29,2026-02-21,34.96,Overproduction,2231.15
831,1,2,2026-02-08,37.42,Storage Issue,7699.16
832,1,26,2026-02-21,14.16,Expired,469.97
833,1,7,2026-02-02,26.68,Preparation Error,5311.72
834,1,58,2026-02-12,7.73,Spoilage,1537.03
835,1,1,2026-02-19,31.49,Overproduction,10635.12
836,1,25,2026-02-18,7.92,Overproduction,159.67
837,1,51,2026-02-24,33.1,Preparation Error,3254.06
838,1,33,2026-02-06,4.03,Overproduction,240.63
839,1,12,2026-02-21,35.62,Expired,9937.98
840,1,59,2026-02-02,19.56,Expired,3862.51
841,1,10,2026-02-23,27.95,Quality Issue,9664.27
842,1,36,2026-02-25,29.21,Expired,8974.48
843,1,62,2026-02-07,3.49,Preparation Error,334.45
844,1,52,2026-02-02,29.8,Overproduction,2063.65
845,1,18,2026-02-18,15.75,Preparation Error,4886.44
846,1,20,2026-02-14,11.28,Preparation Error,3521.95
847,1,5,2026-02-23,11.85,Overproduction,3508.07
848,1,19,2026-02-27,10.57,Quality Issue,2580.77
849,1,24,2026-02-14,20.99,Expired,2212.35
850,1,50,2026-02-05,27.29,Storage Issue,6567.61
851,1,34,2026-02-18,8.85,Storage Issue,1612.56
852,1,14,2026-02-09,25.53,Spoilage,2531.3
853,1,57,2026-02-05,5.28,Quality Issue,1304.37
854,1,32,2026-02-16,4.31,Spoilage,522.16
855,1,11,2026-02-28,9.06,Preparation Error,1348.4
856,1,63,2026-02-15,32.78,Expired,10329.63
857,1,40,2026-02-23,13.8,Storage Issue,278.07
858,1,65,2026-02-08,8.67,Expired,966.71
859,1,6,2026-03-04,6.07,Overproduction,544.6
860,1,32,2026-03-18,29.19,Spoilage,1027.78
861,1,55,2026-03-09,25.44,Spoilage,5981.2
862,1,31,2026-03-11,36.41,Storage Issue,10517.39
863,1,58,2026-03-16,35.95,Spoilage,1184.91
864,1,16,2026-03-17,33.42,Expired,10460.79
865,1,45,2026-03-03,7.56,Overproduction,1589.72
866,1,24,2026-03-02,32.66,Spoilage,6335.71
867,1,56,2026-03-11,201.32,Preparation Error,4961.68
868,1,1,2026-03-23,3.54,Preparation Error,1229.69
869,1,64,2026-03-04,37.02,Quality Issue,3724.21
870,1,49,2026-03-15,21.85,Preparation Error,4213.55
871,1,39,2026-03-28,19.93,Preparation Error,1906.9
872,1,44,2026-03-23,8.95,Spoilage,698.99
873,1,36,2026-03-25,37.48,Spoilage,2504.04
874,1,28,2026-03-11,25.78,Storage Issue,5507.64
875,1,29,2026-03-02,37.21,Quality Issue,10626.43
876,1,30,2026-03-12,23.86,Expired,723.44
877,1,37,2026-03-04,21.99,Expired,2401.97
878,1,23,2026-03-20,29.66,Expired,4645.35
879,1,52,2026-03-23,18.74,Spoilage,3986.0
880,1,59,2026-03-26,15.17,Spoilage,3186.76
881,1,40,2026-03-02,8.92,Spoilage,2515.53
882,1,9,2026-03-01,13.08,Overproduction,1400.08
883,1,13,2026-03-08,19.62,Quality Issue,2565.9
884,1,26,2026-03-01,7.59,Spoilage,2382.05
885,1,57,2026-03-23,31.86,Expired,7784.04
886,1,46,2026-03-18,25.79,Spoilage,1324.57
887,1,4,2026-03-23,11.15,Overproduction,2451.22
888,1,41,2026-03-17,23.28,Expired,1767.18
889,1,60,2026-03-28,23.52,Overproduction,2665.52
890,1,8,2026-03-06,24.89,Overproduction,7179.02
891,1,14,2026-03-09,28.38,Overproduction,8320.16
892,1,27,2026-04-01,13.18,Overproduction,4460.51
893,1,30,2026-04-03,6.52,Spoilage,1059.89
894,1,22,2026-04-17,14.15,Preparation Error,4746.76
895,1,19,2026-04-06,9.45,Spoilage,2441.03
896,1,3,2026-04-07,25.86,Preparation Error,5907.98
897,1,44,2026-04-10,37.47,Preparation Error,5508.09
898,1,46,2026-04-20,23.76,Spoilage,6649.24
899,1,37,2026-04-26,8.02,Quality Issue,1149.43
900,1,47,2026-04-25,26.39,Storage Issue,3886.19
901,1,57,2026-04-07,17.12,Storage Issue,557.26
902,1,36,2026-04-19,20.64,Preparation Error,6044.63
903,1,10,2026-04-07,259.7,Quality Issue,11541.07
904,1,49,2026-04-21,17.88,Spoilage,5498.99
905,1,54,2026-04-19,29.39,Overproduction,1376.63
906,1,33,2026-04-03,26.74,Quality Issue,1074.68
907,1,58,2026-04-14,18.11,Expired,4094.31
908,1,18,2026-04-13,8.91,Expired,962.01
909,1,14,2026-04-12,23.28,Preparation Error,1386.32
910,1,7,2026-04-24,20.97,Preparation Error,6945.26
911,1,5,2026-04-24,7.53,spoilage,155.42
912,1,65,2026-04-26,35.44,Storage Issue,2751.56
913,1,15,2026-04-17,32.48,Expired,4962.29
914,1,20,2026-04-24,34.77,Spoilage,4091.73
915,1,41,2026-04-26,4.47,Expired,563.98
916,1,48,2026-04-18,13.06,Storage Issue,3563.94
917,1,50,2026-04-06,18.36,Preparation Error,1095.17
918,1,2,2026-04-20,31.2,Storage Issue,10077.6
919,1,32,2026-04-27,4.78,Storage Issue,1507.9
920,1,35,2026-04-01,24.21,Expired,5138.33
921,1,24,2026-04-19,20.51,Expired,2457.51
922,1,13,2026-04-13,14.32,Preparation Error,1150.33
923,1,60,2026-04-16,13.22,Overproduction,1186.23
924,1,56,2026-04-25,6.59,Expired,1506.67
925,1,30,2026-05-06,7.01,Storage Issue,762.48
926,1,16,2026-05-02,7.99,Quality Issue,2279.15
927,1,12,2026-05-12,26.0,Expired,3162.64
928,1,11,2026-05-05,24.15,Spoilage,2954.51
929,1,22,2026-05-12,21.8,Spoilage,6516.67
930,1,57,2026-05-23,24.02,Expired,1295.16
931,1,49,2026-05-24,5.73,preparation error,532.6
932,1,52,2026-05-26,32.11,Overproduction,5216.59
933,1,56,2026-05-19,10.2,Expired,1085.08
934,1,4,2026-05-26,27.73,Spoilage,9491.42
935,1,7,2026-05-28,15.54,Preparation Error,3588.19
936,1,64,2026-05-27,4.99,Expired,1533.13
937,1,8,2026-05-13,14.83,Expired,2993.58
938,1,21,2026-05-02,17.47,Preparation Error,4798.48
939,1,31,2026-05-13,24.21,Spoilage,4645.41
940,1,2,2026-05-05,33.7,Overproduction,905.86
941,1,27,2026-05-08,32.8,Preparation Error,11286.15
942,1,26,2026-05-21,3.66,Quality Issue,806.26
943,1,63,2026-05-12,35.23,Quality Issue,2871.95
944,1,25,2026-05-21,28.06,Expired,8279.66
945,1,50,2026-05-27,11.05,Spoilage,3304.17
946,1,17,2026-05-19,25.48,Expired,1078.57
947,1,61,2026-05-07,26.02,Spoilage,2182.56
948,1,36,2026-05-22,20.12,Expired,6643.02
949,1,19,2026-05-09,7.39,Quality Issue,433.65
950,1,20,2026-05-22,33.26,Quality Issue,4788.11
951,1,40,2026-05-09,2.91,Overproduction,216.65
952,1,33,2026-05-08,35.65,Expired,4900.45
953,1,32,2026-05-27,20.65,Spoilage,3052.69
954,1,60,2026-05-07,24.69,Quality Issue,1125.86
955,1,35,2026-05-19,13.91,Expired,2585.87
956,1,42,2026-05-13,9.52,Expired,2748.42
957,1,45,2026-05-15,7.44,Quality Issue,2567.69
958,1,35,2026-06-20,15.62,Overproduction,882.53
959,1,13,2026-06-17,25.99,Expired,8662.47
960,1,33,2026-06-06,13.43,spoilage,1143.97
961,1,14,2026-06-17,24.69,Spoilage,3559.06
962,1,23,2026-06-06,30.36,Spoilage,819.42
963,1,58,2026-06-19,28.29,Spoilage,6617.6
964,1,59,2026-06-12,22.92,Expired,1918.4
965,1,50,2026-06-02,31.98,Preparation Error,3663.31
966,1,57,2026-06-09,18.94,Spoilage,3213.93
967,1,60,2026-06-12,31.74,Spoilage,2943.88
968,1,5,2026-06-21,7.5,Expired,1033.42
969,1,25,2026-06-24,34.43,Preparation Error,1877.47
970,1,41,2026-06-05,7.33,Preparation Error,369.87
971,1,52,2026-06-22,33.13,Quality Issue,4472.88
972,1,34,2026-06-02,23.85,Preparation Error,7592.17
973,1,64,2026-06-01,10.28,Overproduction,3028.08
974,1,55,2026-06-19,30.17,Overproduction,4879.7
975,1,15,2026-06-22,36.28,Spoilage,5761.63
976,1,32,2026-06-24,21.05,Expired,2922.58
977,1,49,2026-06-13,34.95,Expired,6437.09
978,1,65,2026-06-23,4.17,Overproduction,1221.77
979,1,47,2026-06-28,36.06,Expired,8770.51
980,1,27,2026-06-17,11.47,Expired,3631.63
981,1,17,2026-06-21,3.71,Preparation Error,661.12
982,1,54,2026-06-15,3.38,Preparation Error,154.67
983,1,30,2026-06-04,12.0,Storage Issue,812.76
984,1,21,2026-06-16,14.05,Expired,1135.38
985,1,4,2026-06-21,17.92,Expired,1426.61
986,1,51,2026-06-21,10.62,Preparation Error,2833.31
987,1,11,2026-06-22,15.25,Preparation Error,4489.14
988,1,3,2026-06-12,28.57,Spoilage,9630.66
989,1,36,2026-06-20,37.22,Expired,5810.04
990,1,7,2026-06-17,23.95,Expired,7337.32
991,1,52,2026-07-21,10.12,Preparation Error,2853.13
992,1,40,2026-07-04,31.99,Preparation Error,8258.54
993,1,19,2026-07-06,4.12,Expired,563.7
994,1,11,2026-07-20,30.12,Overproduction,1274.38
995,1,33,2026-07-06,8.89,Storage Issue,1040.4
996,1,44,2026-07-16,34.64,Storage Issue,8343.39
997,1,24,2026-07-16,26.0,Quality Issue,4211.48
998,1,9,2026-07-13,27.27,Spoilage,871.0
999,1,4,2026-07-28,9.45,Expired,1943.2
1000,1,3,2026-07-12,21.49,Storage Issue,126.55
1001,1,25,2026-07-21,37.45,Spoilage,2984.02
1002,1,58,2026-07-19,13.34,Quality Issue,2639.32
1003,1,15,2026-07-01,17.07,Spoilage,3224.86
1004,1,51,2026-07-04,24.98,Quality Issue,5679.95
1005,1,49,2026-07-02,26.64,Expired,3881.98
1006,1,6,2026-07-20,28.15,Expired,2174.87
1007,1,59,2026-07-18,7.71,Overproduction,2274.68
1008,1,34,2026-07-22,5.97,Preparation Error,318.08
1009,1,35,2026-07-09,23.35,Preparation Error,2063.91
1010,1,2,2026-07-10,2.6,Expired,573.43
1011,1,57,2026-07-16,33.51,Spoilage,8624.47
1012,1,16,2026-07-25,36.24,Spoilage,3901.24
1013,1,32,2026-07-24,34.79,Spoilage,7100.99
1014,1,27,2026-07-17,34.05,Expired,6829.41
1015,1,20,2026-07-15,35.6,Expired,3120.7
1016,1,39,2026-07-18,8.41,Preparation Error,1153.85
1017,1,55,2026-07-13,5.86,Expired,1568.43
1018,1,54,2026-07-12,28.67,Spoilage,3340.06
1019,1,46,2026-07-28,22.52,Expired,3794.17
1020,1,22,2026-07-01,14.96,Expired,833.27
1021,1,45,2026-07-11,34.97,Overproduction,9351.33
1022,1,42,2026-07-24,17.77,Expired,4150.01
1023,1,65,2026-07-24,35.46,Storage Issue,11412.09
1024,1,16,2026-08-18,32.95,Overproduction,11489.67
1025,1,36,2026-08-10,15.19,Overproduction,759.8
1026,1,37,2026-08-11,6.07,Spoilage,1513.92
1027,1,56,2026-08-16,14.73,Quality Issue,5052.1
1028,1,22,2026-08-24,6.56,Expired,604.64
1029,1,38,2026-08-01,23.42,Storage Issue,5510.02
1030,1,2,2026-08-15,31.99,Expired,8160.97
1031,1,57,2026-08-18,22.52,Storage Issue,4834.37
1032,1,33,2026-08-10,29.02,Expired,3206.42
1033,1,45,2026-08-25,4.04,Overproduction,1234.99
1034,1,65,2026-08-04,7.18,Expired,1276.53
1035,1,40,2026-08-11,22.4,Storage Issue,4525.92
1036,1,21,2026-08-22,3.71,Expired,779.51
1037,1,62,2026-08-12,2.87,Overproduction,116.15
1038,1,4,2026-08-03,22.54,Spoilage,698.51
1039,1,55,2026-08-21,13.0,Expired,334.62
1040,1,60,2026-08-15,10.14,Spoilage,1598.06
1041,1,3,2026-08-01,16.32,Expired,1052.48
1042,1,31,2026-08-23,12.99,Preparation Error,2074.24
1043,1,8,2026-08-24,14.23,Preparation Error,2261.15
1044,1,13,2026-08-22,8.85,Overproduction,1527.78
1045,1,10,2026-08-17,18.91,Spoilage,5824.09
1046,1,29,2026-08-19,7.75,Expired,2164.65
1047,1,51,2026-08-08,33.85,Storage Issue,1199.31
1048,1,25,2026-08-02,8.39,Spoilage,2579.09
1049,1,6,2026-08-17,4.31,Preparation Error,525.99
1050,1,47,2026-08-20,26.09,Overproduction,6208.9
1051,1,44,2026-08-16,14.2,Spoilage,3901.02
1052,1,42,2026-08-22,17.51,Expired,656.45
1053,1,9,2026-08-01,29.82,Quality Issue,8335.58
1054,1,18,2026-08-28,22.65,Spoilage,5254.35
1055,1,46,2026-08-25,34.2,Storage Issue,8233.65
1056,1,20,2026-08-11,20.82,Expired,3781.54
1057,2,17,2024-01-14,10.38,Quality Issue,443.64
1058,2,41,2024-01-04,6.38,Expired,1533.69
1059,2,34,2024-01-08,13.66,Quality Issue,1768.56
1060,2,55,2024-01-25,3.16,Expired,1056.32
1061,2,12,2024-01-07,5.43,Storage Issue,1435.26
1062,2,57,2024-01-19,8.7,Expired,622.75
1063,2,25,2024-01-16,8.85,Expired,1797.26
1064,2,58,2024-01-27,8.28,Overproduction,1930.81
1065,2,53,2024-01-12,4.69,STORAGE ISSUE,699.19
1066,2,38,2024-01-14,7.97,Expired,2539.4
1067,2,64,2024-01-10,4.26,Preparation Error,1270.03
1068,2,4,2024-01-08,4.4,Expired,828.78
1069,2,49,2024-02-08,3.68,Expired,321.3
1070,2,46,2024-02-22,5.27,Expired,394.67
1071,2,56,2024-02-02,7.82,Expired,894.69
1072,2,17,2024-02-22,4.09,Quality Issue,810.76
1073,2,9,2024-02-16,14.36,Overproduction,720.87
1074,2,13,2024-02-07,8.87,Spoilage,954.41
1075,2,11,2024-02-17,10.34,Quality Issue,2438.38
1076,2,27,2024-02-01,3.87,Storage Issue,728.49
1077,2,14,2024-02-20,6.5,Spoilage,1852.83
1078,2,48,2024-02-05,8.9,Expired,1602.45
1079,2,2,2024-02-04,9.72,Storage Issue,1631.21
1080,2,22,2024-02-09,7.48,Quality Issue,2425.09
1081,2,60,2024-03-26,12.86,Preparation Error,3401.73
1082,2,39,2024-03-27,12.84,Spoilage,3565.03
1083,2,35,2024-03-17,2.56,Overproduction,71.71
1084,2,52,2024-03-23,13.89,Overproduction,4339.79
1085,2,12,2024-03-15,9.34,Quality Issue,3124.14
1086,2,41,2024-03-03,14.24,Quality Issue,4034.05
1087,2,19,2024-03-05,14.47,Expired,2749.16
1088,2,28,2024-03-07,4.82,Expired,518.29
1089,2,21,2024-03-09,2.61,Expired,784.07
1090,2,31,2024-03-07,12.22,Preparation Error,2568.89
1091,2,14,2024-03-13,4.23,Preparation Error,720.33
1092,2,53,2024-03-04,13.2,Overproduction,2678.15
1093,2,17,2024-04-24,13.19,Overproduction,4051.18
1094,2,47,2024-04-22,8.37,Preparation Error,2032.99
1095,2,5,2024-04-11,14.91,Quality Issue,1347.42
1096,2,8,2024-04-10,10.01,Spoilage,1840.64
1097,2,52,2024-04-08,11.85,Spoilage,3759.53
1098,2,54,2024-04-16,3.35,Expired,499.18
1099,2,42,2024-04-14,14.93,Storage Issue,3347.9
1100,2,50,2024-04-28,6.59,Expired,1593.13
1101,2,58,2024-04-27,8.1,Expired,1589.38
1102,2,34,2024-04-11,12.68,Expired,763.34
1103,2,20,2024-04-07,12.14,Storage Issue,3419.11
1104,2,59,2024-04-24,8.4,Storage Issue,1115.02
1105,2,5,2024-05-22,4.16,Quality Issue,1370.43
1106,2,11,2024-05-07,14.7,Overproduction,2907.95
1107,2,31,2024-05-02,2.26,Expired,493.81
1108,2,28,2024-05-27,9.91,Overproduction,1255.99
1109,2,22,2024-05-23,7.92,Preparation Error,2166.36
1110,2,46,2024-05-17,8.59,Quality Issue,2044.94
1111,2,1,2024-05-05,9.42,Expired,530.16
1112,2,10,2024-05-04,12.38,Storage Issue,800.74
1113,2,33,2024-05-11,7.81,Overproduction,1529.51
1114,2,50,2024-05-05,10.43,Storage Issue,2553.26
1115,2,43,2024-05-26,14.4,Preparation Error,3048.19
1116,2,12,2024-05-01,7.25,Expired,1671.56
1117,2,48,2024-06-23,11.25,Preparation Error,2739.71
1118,2,55,2024-06-05,11.77,Spoilage,3001.35
1119,2,17,2024-06-21,13.25,Storage Issue,2928.38
1120,2,43,2024-06-24,4.96,Quality Issue,1593.7
1121,2,58,2024-06-18,14.45,Overproduction,3936.04
1122,2,30,2024-06-08,2.54,Quality Issue,275.21
1123,2,33,2024-06-19,5.13,Overproduction,931.2
1124,2,4,2024-06-10,2.54,Storage Issue,204.32
1125,2,44,2024-06-08,3.32,Overproduction,920.84
1126,2,19,2024-06-17,3.44,Preparation Error,95.98
1127,2,45,2024-06-17,2.0,Quality Issue,191.4
1128,2,11,2024-06-09,3.9,Spoilage,1057.95
1129,2,58,2024-07-19,6.38,Overproduction,679.79
1130,2,25,2024-07-04,10.09,Expired,2849.42
1131,2,17,2024-07-13,5.95,Spoilage,912.73
1132,2,22,2024-07-04,2.53,Quality Issue,292.77
1133,2,61,2024-07-02,7.56,Overproduction,1779.85
1134,2,18,2024-07-05,14.49,Overproduction,813.03
1135,2,34,2024-07-14,1.88,Expired,574.87
1136,2,8,2024-07-24,4.69,Spoilage,1149.0
1137,2,56,2024-07-12,11.95,Overproduction,1121.99
1138,2,12,2024-07-17,14.26,Spoilage,3721.57
1139,2,52,2024-07-07,14.45,Quality Issue,3480.57
1140,2,3,2024-07-22,6.93,Overproduction,1427.03
1141,2,8,2024-08-03,13.83,Expired,619.58
1142,2,63,2024-08-09,9.46,Expired,2340.31
1143,2,4,2024-08-09,83.65,Expired,271.03
1144,2,29,2024-08-23,13.48,Spoilage,1031.49
1145,2,7,2024-08-09,6.36,Overproduction,1568.57
1146,2,59,2024-08-12,3.13,Quality Issue,686.44
1147,2,18,2024-08-19,5.58,Expired,1467.21
1148,2,27,2024-08-05,6.54,Overproduction,1846.9
1149,2,51,2024-08-09,9.62,Preparation Error,2377.58
1150,2,5,2024-08-28,8.08,Quality Issue,255.65
1151,2,52,2024-08-25,11.71,Overproduction,2202.89
1152,2,55,2024-08-10,8.32,Overproduction,1963.1
1153,2,40,2024-09-03,11.8,Storage Issue,2191.26
1154,2,48,2024-09-13,5.28,Preparation Error,1607.76
1155,2,60,2024-09-21,10.38,Quality Issue,1333.0
1156,2,32,2024-09-05,12.54,Spoilage,1516.84
1157,2,28,2024-09-22,9.97,Preparation Error,232.5
1158,2,25,2024-09-19,1.18,Preparation Error,108.42
1159,2,44,2024-09-20,4.19,Storage Issue,1458.46
1160,2,17,2024-09-14,5.66,Expired,615.13
1161,2,22,2024-09-25,88.41,Spoilage,4321.1
1162,2,39,2024-09-14,9.28,Quality Issue,1118.43
1163,2,24,2024-09-25,9.63,Quality Issue,1768.07
1164,2,1,2024-09-15,7.13,Storage Issue,375.75
1165,2,59,2024-10-07,4.87,Spoilage,829.26
1166,2,38,2024-10-25,41.37,Spoilage,1742.45
1167,2,36,2024-10-08,1.66,Overproduction,302.04
1168,2,5,2024-10-25,12.98,Preparation Error,3803.79
1169,2,60,2024-10-26,1.95,Expired,682.05
1170,2,21,2024-10-10,5.47,Overproduction,497.28
1171,2,18,2024-10-19,4.1,Storage Issue,530.54
1172,2,57,2024-10-19,5.6,Quality Issue,1856.06
1173,2,30,2024-10-11,8.03,Quality Issue,449.76
1174,2,24,2024-10-09,10.2,Overproduction,1301.62
1175,2,14,2024-10-25,6.16,Overproduction,1342.02
1176,2,22,2024-10-13,2.78,Storage Issue,863.83
1177,2,5,2024-11-09,5.44,Spoilage,142.26
1178,2,28,2024-11-11,11.49,Expired,1420.97
1179,2,46,2024-11-05,12.96,Overproduction,3429.48
1180,2,26,2024-11-07,12.55,Quality Issue,1808.83
1181,2,3,2024-11-02,1.83,Overproduction,158.28
1182,2,15,2024-11-06,6.89,Preparation Error,303.02
1183,2,24,2024-11-20,2.09,Expired,491.99
1184,2,52,2024-11-09,10.41,Storage Issue,1729.93
1185,2,8,2024-11-12,14.07,Expired,1181.46
1186,2,19,2024-11-15,1.18,Overproduction,119.55
1187,2,27,2024-11-14,2.09,Overproduction,424.5
1188,2,9,2024-11-24,12.16,Expired,3190.78
1189,2,25,2024-12-22,9.74,Expired,3071.7
1190,2,16,2024-12-26,11.18,Overproduction,1976.51
1191,2,1,2024-12-10,7.25,Storage Issue,1612.91
1192,2,59,2024-12-22,12.84,Quality Issue,2806.57
1193,2,30,2024-12-16,5.92,Expired,491.72
1194,2,45,2024-12-01,2.02,Expired,91.3
1195,2,57,2024-12-02,11.69,Spoilage,1323.19
1196,2,6,2024-12-12,2.46,Overproduction,449.69
1197,2,58,2024-12-21,5.37,Expired,713.46
1198,2,28,2024-12-22,5.64,Quality Issue,462.76
1199,2,26,2024-12-24,14.15,Quality Issue,4716.9
1200,2,39,2024-12-23,5.89,Preparation Error,1744.26
1201,2,52,2025-01-23,1.16,Storage Issue,45.76
1202,2,32,2025-01-25,5.07,Expired,700.27
1203,2,38,2025-01-01,4.87,Preparation Error,1357.03
1204,2,54,2025-01-11,2.02,Storage Issue,380.22
1205,2,43,2025-01-13,5.21,Expired,404.5
1206,2,21,2025-01-19,11.18,Overproduction,1880.7
1207,2,15,2025-01-09,5.63,Expired,1103.48
1208,2,2,2025-01-20,7.38,Preparation Error,2342.63
1209,2,5,2025-01-12,4.53,Spoilage,360.86
1210,2,55,2025-01-23,12.89,Spoilage,1692.71
1211,2,45,2025-01-08,7.0,Storage Issue,645.33
1212,2,64,2025-01-13,12.75,Overproduction,1318.48
1213,2,31,2025-02-04,10.36,Expired,390.05
1214,2,11,2025-02-02,3.46,Expired,663.04
1215,2,54,2025-02-04,5.74,Spoilage,420.0
1216,2,49,2025-02-20,3.49,Overproduction,289.5
1217,2,3,2025-02-20,9.0,Storage Issue,2440.98
1218,2,58,2025-02-06,13.91,Overproduction,3054.08
1219,2,18,2025-02-12,5.7,Storage Issue,974.7
1220,2,1,2025-02-25,7.53,Expired,2077.45
1221,2,2,2025-02-24,12.08,Expired,3531.23
1222,2,21,2025-02-28,2.42,Quality Issue,582.76
1223,2,46,2025-02-08,2.06,Preparation Error,113.84
1224,2,25,2025-02-03,14.09,Expired,365.07
1225,2,52,2025-03-18,14.43,Expired,3677.05
1226,2,1,2025-03-08,9.64,Expired,2706.24
1227,2,9,2025-03-17,14.34,Quality Issue,3744.89
1228,2,38,2025-03-25,1.02,Storage Issue,134.55
1229,2,2,2025-03-08,11.21,Overproduction,1721.63
1230,2,62,2025-03-20,3.67,Storage Issue,1107.68
1231,2,46,2025-03-16,7.7,Preparation Error,834.6
1232,2,17,2025-03-13,11.41,Expired,1296.52
1233,2,60,2025-03-07,6.25,Expired,1552.31
1234,2,56,2025-03-19,11.61,Preparation Error,999.16
1235,2,58,2025-03-10,7.87,Overproduction,924.65
1236,2,13,2025-03-10,3.84,Expired,683.02
1237,2,62,2025-04-05,17.5,Quality Issue,51.7
1238,2,54,2025-04-06,6.94,Preparation Error,385.03
1239,2,48,2025-04-02,3.3,Spoilage,649.77
1240,2,25,2025-04-08,13.19,Preparation Error,1078.15
1241,2,50,2025-04-03,9.65,STORAGE ISSUE,490.51
1242,2,51,2025-04-24,12.42,Quality Issue,4341.41
1243,2,43,2025-04-23,10.79,Spoilage,888.23
1244,2,6,2025-04-07,4.37,Expired,1135.89
1245,2,57,2025-04-27,10.7,Spoilage,3466.37
1246,2,17,2025-04-10,12.04,Storage Issue,1090.94
1247,2,49,2025-04-01,7.74,Storage Issue,1936.01
1248,2,52,2025-04-22,6.43,Spoilage,587.12
1249,2,32,2025-05-09,11.76,Storage Issue,1598.42
1250,2,6,2025-05-01,8.79,Spoilage,2318.01
1251,2,60,2025-05-19,9.83,Quality Issue,2289.7
1252,2,10,2025-05-09,4.87,Preparation Error,1297.86
1253,2,3,2025-05-27,10.52,Expired,866.53
1254,2,63,2025-05-22,11.42,Spoilage,503.28
1255,2,1,2025-05-24,4.26,Preparation Error,372.79
1256,2,65,2025-05-18,6.46,Overproduction,318.22
1257,2,45,2025-05-22,4.97,Storage Issue,1681.4
1258,2,48,2025-05-22,13.27,spoilage,3997.06
1259,2,29,2025-05-08,4.17,Quality Issue,625.29
1260,2,38,2025-05-16,5.62,Quality Issue,847.66
1261,2,41,2025-06-10,12.21,Expired,2335.04
1262,2,38,2025-06-14,14.37,Expired,2740.79
1263,2,46,2025-06-21,11.71,Overproduction,1388.34
1264,2,60,2025-06-27,8.04,Quality Issue,1645.71
1265,2,17,2025-06-16,12.95,Quality Issue,4066.17
1266,2,64,2025-06-25,12.04,Expired,4158.25
1267,2,13,2025-06-15,2.17,Quality Issue,197.86
1268,2,55,2025-06-24,2.03,Expired,664.36
1269,2,63,2025-06-26,9.03,Spoilage,721.32
1270,2,23,2025-06-03,12.23,Overproduction,666.41
1271,2,8,2025-06-05,11.03,Storage Issue,2640.36
1272,2,4,2025-06-24,9.62,Expired,2508.22
1273,2,49,2025-07-15,14.66,Storage Issue,1701.29
1274,2,8,2025-07-07,5.2,Expired,1599.05
1275,2,44,2025-07-15,5.29,Overproduction,303.75
1276,2,23,2025-07-09,12.21,Overproduction,2018.44
1277,2,51,2025-07-24,8.17,Expired,1394.78
1278,2,11,2025-07-10,6.63,Storage Issue,543.06
1279,2,60,2025-07-02,4.01,Overproduction,124.87
1280,2,42,2025-07-04,9.83,Preparation Error,1994.7
1281,2,56,2025-07-28,13.82,Overproduction,3832.15
1282,2,20,2025-07-27,5.7,Quality Issue,1531.25
1283,2,26,2025-07-09,14.82,Spoilage,1424.79
1284,2,45,2025-07-18,12.61,Overproduction,3427.52
1285,2,12,2025-08-02,9.0,QUALITY ISSUE,700.74
1286,2,45,2025-08-16,14.87,Storage Issue,4038.69
1287,2,3,2025-08-01,10.16,Preparation Error,2266.9
1288,2,50,2025-08-12,12.57,Quality Issue,2034.45
1289,2,36,2025-08-19,3.01,Overproduction,129.76
1290,2,47,2025-08-20,14.27,Overproduction,2994.7
1291,2,34,2025-08-03,8.02,Expired,2751.34
1292,2,43,2025-08-14,6.49,Overproduction,1986.72
1293,2,29,2025-08-27,4.43,Storage Issue,1480.64
1294,2,4,2025-08-19,11.44,Spoilage,614.21
1295,2,49,2025-08-14,1.38,Spoilage,337.52
1296,2,55,2025-08-17,10.81,Overproduction,2693.96
1297,2,41,2025-09-07,12.45,Quality Issue,1273.88
1298,2,45,2025-09-20,3.89,Overproduction,815.03
1299,2,63,2025-09-05,4.75,Storage Issue,1335.23
1300,2,2,2025-09-21,12.76,Expired,4263.37
1301,2,62,2025-09-03,10.55,Overproduction,695.67
1302,2,58,2025-09-28,7.16,Storage Issue,503.56
1303,2,11,2025-09-09,14.89,Quality Issue,464.27
1304,2,42,2025-09-12,7.25,Storage Issue,710.94
1305,2,51,2025-09-10,1.93,Storage Issue,265.76
1306,2,46,2025-09-18,4.42,Quality Issue,1523.04
1307,2,8,2025-09-03,14.19,Expired,2344.9
1308,2,30,2025-09-15,8.22,Overproduction,2576.15
1309,2,19,2025-10-18,12.13,Preparation Error,950.63
1310,2,62,2025-10-08,4.9,Spoilage,1429.38
1311,2,11,2025-10-12,8.65,Overproduction,1363.76
1312,2,58,2025-10-11,11.7,Expired,913.18
1313,2,45,2025-10-05,13.52,Expired,4549.07
1314,2,9,2025-10-02,13.93,Overproduction,2030.02
1315,2,55,2025-10-16,6.69,Spoilage,927.17
1316,2,49,2025-10-28,6.53,Storage Issue,153.59
1317,2,10,2025-10-17,5.11,Expired,1289.82
1318,2,23,2025-10-10,1.92,Storage Issue,514.54
1319,2,4,2025-10-17,5.91,Overproduction,1122.96
1320,2,37,2025-10-10,14.07,Storage Issue,2016.65
1321,2,39,2025-11-28,1.61,Overproduction,102.78
1322,2,61,2025-11-26,5.4,Expired,1216.4
1323,2,13,2025-11-20,7.03,Overproduction,1292.54
1324,2,65,2025-11-09,7.88,Expired,2291.11
1325,2,24,2025-11-27,2.04,storage issue,434.21
1326,2,45,2025-11-13,12.13,Overproduction,3262.48
1327,2,8,2025-11-20,9.31,Expired,2413.43
1328,2,58,2025-11-05,1.19,Expired,217.91
1329,2,33,2025-11-13,10.03,Expired,3470.28
1330,2,23,2025-11-11,14.46,Quality Issue,2912.53
1331,2,50,2025-11-09,5.86,Expired,674.08
1332,2,21,2025-11-06,6.95,Storage Issue,176.46
1333,2,12,2025-12-25,6.8,Quality Issue,1131.32
1334,2,46,2025-12-08,1.16,Expired,30.21
1335,2,42,2025-12-07,13.09,Expired,2560.53
1336,2,53,2025-12-12,6.17,preparation error,387.48
1337,2,36,2025-12-25,14.71,Overproduction,5054.5
1338,2,16,2025-12-05,3.07,Preparation Error,978.26
1339,2,65,2025-12-14,1.53,Overproduction,370.78
1340,2,26,2025-12-28,5.53,Spoilage,180.33
1341,2,6,2025-12-03,4.0,Spoilage,1330.24
1342,2,56,2025-12-24,14.35,Quality Issue,2496.76
1343,2,5,2025-12-13,5.45,Preparation Error,1491.66
1344,2,28,2025-12-04,12.35,Quality Issue,302.33
1345,2,4,2026-01-13,13.11,Preparation Error,3985.18
1346,2,9,2026-01-12,12.82,Expired,1643.01
1347,2,48,2026-01-11,11.52,Spoilage,1546.56
1348,2,35,2026-01-02,6.8,Preparation Error,241.67
1349,2,25,2026-01-04,3.1,Spoilage,645.95
1350,2,60,2026-01-12,12.01,Expired,3264.56
1351,2,44,2026-01-17,1.02,Preparation Error,294.99
1352,2,59,2026-01-07,11.16,Expired,2187.36
1353,2,3,2026-01-28,9.71,Expired,569.1
1354,2,34,2026-01-21,9.52,Spoilage,966.47
1355,2,42,2026-01-02,13.03,Storage Issue,1692.34
1356,2,18,2026-01-22,11.48,Spoilage,3704.02
1357,2,41,2026-02-25,10.7,Preparation Error,511.25
1358,2,63,2026-02-09,4.51,Expired,1414.29
1359,2,15,2026-02-26,9.53,Quality Issue,1139.98
1360,2,13,2026-02-19,1.88,OVERPRODUCTION,524.26
1361,2,10,2026-02-04,3.28,Spoilage,1139.8
1362,2,26,2026-02-21,7.67,Preparation Error,849.53
1363,2,3,2026-02-12,10.53,Quality Issue,585.47
1364,2,62,2026-02-03,14.54,Quality Issue,1918.55
1365,2,38,2026-02-16,12.23,Preparation Error,704.57
1366,2,22,2026-02-09,5.06,Overproduction,1027.89
1367,2,52,2026-02-17,14.73,Overproduction,2318.65
1368,2,37,2026-02-27,8.1,Preparation Error,2519.34
1369,2,12,2026-03-16,10.49,Spoilage,1522.52
1370,2,62,2026-03-06,13.83,Spoilage,2871.94
1371,2,41,2026-03-03,10.19,Expired,1211.49
1372,2,17,2026-03-02,10.82,Storage Issue,2028.21
1373,2,24,2026-03-02,14.83,Preparation Error,3269.42
1374,2,52,2026-03-11,12.4,Preparation Error,2931.73
1375,2,34,2026-03-09,7.24,Quality Issue,448.45
1376,2,14,2026-03-26,7.78,Preparation Error,1362.74
1377,2,51,2026-03-01,6.22,Storage Issue,340.92
1378,2,61,2026-03-28,2.86,Expired,982.9
1379,2,42,2026-03-06,9.28,Overproduction,1455.57
1380,2,58,2026-03-02,8.62,Spoilage,1843.73
1381,2,61,2026-04-17,3.37,Preparation Error,788.71
1382,2,13,2026-04-02,5.0,Preparation Error,1495.8
1383,2,48,2026-04-19,6.71,Quality Issue,476.68
1384,2,14,2026-04-10,5.93,Expired,1702.09
1385,2,20,2026-04-03,14.08,Quality Issue,4265.82
1386,2,35,2026-04-08,8.32,Quality Issue,1981.66
1387,2,62,2026-04-13,12.32,Spoilage,2238.3
1388,2,2,2026-04-24,9.39,Expired,1694.8
1389,2,51,2026-04-21,6.31,Expired,1874.83
1390,2,36,2026-04-25,5.98,Expired,1411.64
1391,2,4,2026-04-11,13.67,Spoilage,850.55
1392,2,47,2026-04-21,6.1,Storage Issue,673.87
1393,2,65,2026-05-22,5.62,Spoilage,528.79
1394,2,48,2026-05-17,7.03,Expired,1038.54
1395,2,52,2026-05-18,4.13,Quality Issue,179.94
1396,2,29,2026-05-09,13.91,Spoilage,4103.59
1397,2,33,2026-05-21,11.24,Quality Issue,637.87
1398,2,43,2026-05-15,12.36,Expired,1287.17
1399,2,18,2026-05-09,11.63,Preparation Error,3931.75
1400,2,7,2026-05-10,12.03,Preparation Error,3035.41
1401,2,37,2026-05-26,6.5,Spoilage,223.73
1402,2,39,2026-05-27,9.49,Expired,566.17
1403,2,47,2026-05-19,1.26,Storage Issue,337.69
1404,2,35,2026-05-01,3.02,Expired,706.53
1405,2,7,2026-06-08,1.5,Preparation Error,152.23
1406,2,30,2026-06-25,3.57,Quality Issue,969.93
1407,2,41,2026-06-26,10.45,Quality Issue,1246.16
1408,2,9,2026-06-06,4.78,Overproduction,1351.74
1409,2,64,2026-06-07,8.84,Preparation Error,2898.72
1410,2,23,2026-06-22,12.61,Quality Issue,1656.58
1411,2,46,2026-06-21,1.22,Quality Issue,191.94
1412,2,58,2026-06-22,12.5,Expired,971.25
1413,2,53,2026-06-05,1.0,Storage Issue,51.89
1414,2,57,2026-06-19,1.16,Expired,281.13
1415,2,59,2026-06-20,5.24,Expired,659.14
1416,2,42,2026-06-28,8.51,Expired,1653.66
1417,2,63,2026-07-07,12.92,Spoilage,3313.72
1418,2,65,2026-07-11,7.85,Storage Issue,1050.09
1419,2,51,2026-07-07,5.57,Spoilage,1254.2
1420,2,64,2026-07-01,7.5,Expired,306.0
1421,2,27,2026-07-07,11.26,Expired,1240.96
1422,2,14,2026-07-03,9.37,Preparation Error,661.99
1423,2,44,2026-07-07,11.53,Expired,2514.69
1424,2,38,2026-07-11,8.83,Expired,1050.77
1425,2,2,2026-07-13,4.42,Storage Issue,1120.03
1426,2,61,2026-07-22,13.27,Preparation Error,303.48
1427,2,9,2026-07-20,11.12,Spoilage,614.05
1428,2,33,2026-07-16,13.55,Preparation Error,3606.06
1429,2,37,2026-08-22,5.62,Expired,1547.24
1430,2,60,2026-08-10,1.81,Expired,631.6
1431,2,2,2026-08-12,11.09,Storage Issue,1465.54
1432,2,6,2026-08-15,2.53,Overproduction,101.38
1433,2,36,2026-08-05,13.97,Expired,3769.94
1434,2,18,2026-08-16,8.75,Overproduction,1854.74
1435,2,13,2026-08-21,12.95,Quality Issue,1597.25
1436,2,4,2026-08-04,13.97,Expired,2986.51
1437,2,23,2026-08-19,13.41,Storage Issue,1815.31
1438,2,43,2026-08-25,11.38,Overproduction,826.87
1439,2,56,2026-08-20,11.45,Storage Issue,3601.37
1440,2,49,2026-08-20,3.8,Spoilage,914.28
1441,3,55,2024-01-25,2.98,Spoilage,801.8
1442,3,56,2024-01-23,10.02,Expired,1619.83
1443,3,6,2024-01-26,1.73,Storage Issue,195.09
1444,3,24,2024-01-21,10.42,Preparation Error,3075.36
1445,3,25,2024-01-12,13.96,Preparation Error,2233.6
1446,3,36,2024-01-13,11.02,Quality Issue,1679.89
1447,3,52,2024-01-08,1.6,Expired,252.53
1448,3,35,2024-02-09,9.28,Storage Issue,2991.69
1449,3,5,2024-02-07,1.33,Preparation Error,374.97
1450,3,26,2024-02-28,14.86,Preparation Error,3872.81
1451,3,21,2024-02-07,51.38,Preparation Error,1652.01
1452,3,32,2024-02-15,11.31,Storage Issue,1992.26
1453,3,43,2024-02-23,14.69,Quality Issue,767.7
1454,3,59,2024-02-23,5.74,Expired,776.05
1455,3,61,2024-03-19,14.33,Storage Issue,2367.17
1456,3,44,2024-03-21,8.61,Spoilage,2474.77
1457,3,56,2024-03-28,12.58,Overproduction,828.9
1458,3,36,2024-03-27,14.04,Overproduction,943.91
1459,3,17,2024-03-01,11.22,Preparation Error,2621.22
1460,3,43,2024-03-27,2.91,Preparation Error,791.26
1461,3,5,2024-03-28,9.36,Preparation Error,3237.25
1462,3,57,2024-04-03,7.21,Spoilage,2311.89
1463,3,27,2024-04-26,14.19,Expired,1748.63
1464,3,36,2024-04-25,10.66,Expired,3698.06
1465,3,21,2024-04-14,4.15,Overproduction,530.83
1466,3,62,2024-04-18,14.0,Storage Issue,1119.58
1467,3,16,2024-04-08,1.85,Quality Issue,437.65
1468,3,51,2024-04-24,10.52,Expired,1714.23
1469,3,13,2024-05-11,4.84,Overproduction,854.02
1470,3,62,2024-05-19,1.09,Spoilage,374.44
1471,3,60,2024-05-10,14.58,Expired,1730.79
1472,3,56,2024-05-24,9.97,Expired,239.28
1473,3,25,2024-05-16,6.5,Overproduction,1250.4
1474,3,14,2024-05-18,7.16,Preparation Error,578.74
1475,3,43,2024-05-12,11.82,Spoilage,1585.3
1476,3,9,2024-06-03,7.56,Overproduction,2445.43
1477,3,8,2024-06-27,10.58,Preparation Error,1648.36
1478,3,54,2024-06-20,6.98,Expired,1540.7
1479,3,19,2024-06-08,3.41,Spoilage,523.74
1480,3,32,2024-06-22,8.31,Spoilage,512.39
1481,3,18,2024-06-25,12.01,Spoilage,2863.78
1482,3,5,2024-06-16,13.05,Preparation Error,557.63
1483,3,26,2024-07-16,6.47,Expired,850.35
1484,3,30,2024-07-28,2.28,Spoilage,295.26
1485,3,38,2024-07-14,2.42,Expired,306.49
1486,3,64,2024-07-26,4.82,Quality Issue,143.97
1487,3,25,2024-07-21,12.2,Expired,1618.45
1488,3,35,2024-07-13,4.3,Storage Issue,331.7
1489,3,49,2024-07-08,14.37,Preparation Error,3642.36
1490,3,44,2024-08-01,8.84,Overproduction,2072.54
1491,3,34,2024-08-16,10.06,Expired,2801.81
1492,3,29,2024-08-27,11.1,Expired,3144.85
1493,3,1,2024-08-26,14.06,Overproduction,2895.66
1494,3,13,2024-08-12,13.69,Preparation Error,4493.74
1495,3,50,2024-08-19,2.73,Expired,115.78
1496,3,55,2024-08-26,1.54,Quality Issue,89.03
1497,3,7,2024-09-21,5.76,Overproduction,1959.67
1498,3,38,2024-09-26,7.11,Spoilage,2477.55
1499,3,32,2024-09-01,11.02,Expired,1900.4
1500,3,48,2024-09-27,2.76,Storage Issue,475.41
1501,3,56,2024-09-24,12.29,Expired,806.84
1502,3,17,2024-09-19,12.57,Expired,2110.13
1503,3,8,2024-09-02,4.77,Spoilage,671.28
1504,3,64,2024-10-06,5.11,Expired,1258.34
1505,3,29,2024-10-13,3.34,Quality Issue,880.79
1506,3,65,2024-10-07,13.28,Preparation Error,4340.97
1507,3,33,2024-10-01,6.83,Overproduction,1897.85
1508,3,47,2024-10-05,9.14,Preparation Error,2526.02
1509,3,52,2024-10-18,5.27,Expired,1318.87
1510,3,63,2024-10-12,6.42,Overproduction,408.38
1511,3,16,2024-11-26,5.43,Preparation Error,632.27
1512,3,58,2024-11-14,14.32,Expired,1528.95
1513,3,57,2024-11-12,7.49,Expired,257.81
1514,3,24,2024-11-02,11.62,Storage Issue,3237.91
1515,3,62,2024-11-02,1.78,Spoilage,279.46
1516,3,18,2024-11-07,2.8,Spoilage,201.68
1517,3,22,2024-11-05,13.63,Overproduction,1771.35
1518,3,30,2024-12-03,2.95,Expired,96.14
1519,3,49,2024-12-21,4.26,Storage Issue,1473.24
1520,3,36,2024-12-04,7.5,Preparation Error,1479.15
1521,3,62,2024-12-02,8.18,Expired,2386.43
1522,3,39,2024-12-25,4.82,Spoilage,1014.22
1523,3,24,2024-12-05,9.98,Spoilage,2750.19
1524,3,26,2024-12-07,3.94,Quality Issue,492.74
1525,3,10,2025-01-21,3.63,Expired,202.26
1526,3,51,2025-01-26,11.72,Quality Issue,1502.27
1527,3,57,2025-01-06,8.93,Expired,330.68
1528,3,61,2025-01-16,6.29,Storage Issue,1153.84
1529,3,12,2025-01-11,10.62,Overproduction,3676.96
1530,3,19,2025-01-17,12.59,Expired,4309.05
1531,3,40,2025-01-09,12.57,Preparation Error,2623.36
1532,3,30,2025-02-07,10.71,Expired,3254.98
1533,3,6,2025-02-02,13.36,Spoilage,3456.37
1534,3,28,2025-02-12,9.49,Overproduction,2616.68
1535,3,18,2025-02-14,6.03,Preparation Error,1007.13
1536,3,43,2025-02-28,2.27,Preparation Error,372.26
1537,3,60,2025-02-08,8.54,Storage Issue,898.24
1538,3,40,2025-02-04,3.62,Expired,1004.88
1539,3,10,2025-03-09,11.81,Storage Issue,1897.39
1540,3,37,2025-03-11,14.07,Overproduction,3771.04
1541,3,8,2025-03-07,12.63,Spoilage,1073.17
1542,3,17,2025-03-22,2.52,Preparation Error,690.43
1543,3,32,2025-03-12,4.14,Quality Issue,584.07
1544,3,60,2025-03-12,9.34,Quality Issue,2162.02
1545,3,64,2025-03-20,5.24,Storage Issue,422.66
1546,3,17,2025-04-05,4.66,Preparation Error,649.37
1547,3,27,2025-04-28,3.48,Preparation Error,1003.74
1548,3,16,2025-04-05,7.3,Spoilage,1349.11
1549,3,44,2025-04-25,5.24,Storage Issue,931.51
1550,3,39,2025-04-07,14.05,Storage Issue,1496.61
1551,3,28,2025-04-28,4.39,Expired,155.23
1552,3,13,2025-04-03,14.82,Preparation Error,844.3
1553,3,37,2025-05-23,7.81,Overproduction,1668.61
1554,3,23,2025-05-17,10.28,Storage Issue,1568.32
1555,3,22,2025-05-01,1.97,Spoilage,232.66
1556,3,30,2025-05-22,2.37,Preparation Error,361.88
1557,3,17,2025-05-20,12.95,Quality Issue,1167.18
1558,3,7,2025-05-08,1.27,Spoilage,333.29
1559,3,62,2025-05-17,12.67,Overproduction,3634.39
1560,3,53,2025-06-26,1.95,Quality Issue,587.94
1561,3,15,2025-06-06,4.02,Preparation Error,704.46
1562,3,7,2025-06-16,3.58,Quality Issue,1127.88
1563,3,32,2025-06-08,14.64,Storage Issue,2206.54
1564,3,42,2025-06-12,5.02,Storage Issue,1690.89
1565,3,45,2025-06-20,12.0,Overproduction,286.8
1566,3,63,2025-06-06,2.49,Storage Issue,792.39
1567,3,45,2025-07-01,14.44,Preparation Error,2105.35
1568,3,16,2025-07-21,1.27,Storage Issue,118.71
1569,3,10,2025-07-27,12.16,Storage Issue,2642.49
1570,3,58,2025-07-12,3.82,Storage Issue,800.52
1571,3,35,2025-07-10,8.16,Spoilage,1249.21
1572,3,9,2025-07-16,14.27,Overproduction,3702.49
1573,3,8,2025-07-16,1.22,Preparation Error,98.67
1574,3,54,2025-08-22,4.52,Storage Issue,244.89
1575,3,60,2025-08-10,12.04,Storage Issue,1722.8
1576,3,16,2025-08-27,6.83,Spoilage,1034.54
1577,3,47,2025-08-23,2.0,Spoilage,392.12
1578,3,39,2025-08-19,6.16,Expired,1277.65
1579,3,37,2025-08-11,7.67,Overproduction,1071.27
1580,3,40,2025-08-08,12.55,Overproduction,2667.5
1581,3,28,2025-09-10,14.92,Spoilage,5056.24
1582,3,64,2025-09-21,3.32,Expired,843.91
1583,3,24,2025-09-02,4.28,Expired,316.85
1584,3,34,2025-09-20,9.4,Expired,1124.52
1585,3,59,2025-09-13,6.0,Overproduction,1834.02
1586,3,49,2025-09-13,5.18,Expired,650.3
1587,3,39,2025-09-04,12.82,Expired,2998.34
1588,3,22,2025-10-27,8.2,Spoilage,1001.3
1589,3,63,2025-10-10,4.87,Storage Issue,1630.57
1590,3,45,2025-10-15,3.65,Overproduction,276.74
1591,3,48,2025-10-09,4.67,Overproduction,800.76
1592,3,47,2025-10-22,12.59,Storage Issue,3396.53
1593,3,51,2025-10-01,7.09,Storage Issue,2067.44
1594,3,59,2025-10-07,13.34,Quality Issue,2383.86
1595,3,55,2025-11-14,11.76,Expired,444.88
1596,3,5,2025-11-12,5.8,Overproduction,1628.18
1597,3,32,2025-11-28,1.59,Preparation Error,502.01
1598,3,59,2025-11-28,1.23,Overproduction,34.16
1599,3,11,2025-11-17,1.73,Expired,81.69
1600,3,56,2025-11-15,14.1,Storage Issue,4850.96
1601,3,12,2025-11-22,2.22,Expired,599.56
1602,3,36,2025-12-15,13.74,Preparation Error,3366.3
1603,3,55,2025-12-26,4.26,Preparation Error,635.04
1604,3,27,2025-12-03,3.87,Quality Issue,1293.35
1605,3,3,2025-12-28,4.52,Storage Issue,1215.61
1606,3,9,2025-12-21,2.44,Overproduction,655.53
1607,3,46,2025-12-03,7.78,Expired,823.05
1608,3,48,2025-12-06,3.58,Storage Issue,822.15
1609,3,51,2026-01-27,10.89,Overproduction,1353.52
1610,3,55,2026-01-22,7.31,Quality Issue,609.0
1611,3,31,2026-01-05,3.18,Storage Issue,222.28
1612,3,1,2026-01-03,10.56,Storage Issue,3172.54
1613,3,43,2026-01-07,1.08,Spoilage,311.82
1614,3,5,2026-01-08,11.25,Storage Issue,1079.55
1615,3,8,2026-01-28,6.37,Overproduction,868.55
1616,3,30,2026-02-10,3.27,Spoilage,718.97
1617,3,21,2026-02-25,7.12,Preparation Error,730.8
1618,3,23,2026-02-25,7.4,Expired,693.53
1619,3,40,2026-02-13,5.26,Preparation Error,1194.18
1620,3,6,2026-02-19,11.35,Preparation Error,2184.65
1621,3,35,2026-02-23,3.94,Expired,536.75
1622,3,36,2026-02-06,9.43,Expired,3205.82
1623,3,14,2026-03-10,2.73,Storage Issue,665.98
1624,3,57,2026-03-02,2.44,Overproduction,441.93
1625,3,53,2026-03-23,6.76,Overproduction,1692.43
1626,3,24,2026-03-17,7.18,Spoilage,2435.53
1627,3,23,2026-03-25,14.09,Expired,1945.55
1628,3,22,2026-03-16,11.73,Expired,2950.68
1629,3,1,2026-03-06,13.16,Expired,2112.05
1630,3,45,2026-04-17,8.71,Spoilage,2512.05
1631,3,56,2026-04-15,11.69,Storage Issue,3616.77
1632,3,53,2026-04-09,6.69,Overproduction,580.63
1633,3,6,2026-04-26,7.46,Quality Issue,1805.62
1634,3,54,2026-04-22,13.53,Storage Issue,2887.03
1635,3,25,2026-04-02,9.45,Expired,1096.96
1636,3,9,2026-04-25,9.99,Preparation Error,565.93
1637,3,50,2026-05-07,9.63,Storage Issue,2607.13
1638,3,53,2026-05-18,14.57,Quality Issue,3761.83
1639,3,32,2026-05-08,7.7,Quality Issue,1088.63
1640,3,17,2026-05-27,10.88,Storage Issue,2368.03
1641,3,58,2026-05-17,8.67,PREPARATION ERROR,1897.43
1642,3,20,2026-05-10,14.71,Preparation Error,2066.31
1643,3,52,2026-05-07,2.89,Expired,620.77
1644,3,29,2026-06-11,9.31,Preparation Error,314.68
1645,3,27,2026-06-23,9.92,Storage Issue,1852.66
1646,3,53,2026-06-15,11.29,Expired,3217.88
1647,3,3,2026-06-23,3.19,Spoilage,139.34
1648,3,35,2026-06-09,1.05,Expired,186.2
1649,3,45,2026-06-18,2.8,Storage Issue,540.34
1650,3,2,2026-06-05,2.42,Overproduction,73.18
1651,3,18,2026-07-28,8.55,Spoilage,778.31
1652,3,40,2026-07-14,1.18,Preparation Error,223.49
1653,3,8,2026-07-06,13.21,Storage Issue,2685.2
1654,3,27,2026-07-27,12.29,Spoilage,2506.42
1655,3,20,2026-07-07,8.83,Spoilage,1384.72
1656,3,56,2026-07-11,14.3,Overproduction,3610.89
1657,3,21,2026-07-22,2.48,Storage Issue,95.9
1658,3,18,2026-08-22,8.14,Preparation Error,714.29
1659,3,32,2026-08-14,11.46,Expired,1221.64
1660,3,35,2026-08-08,13.54,Expired,3661.35
1661,3,61,2026-08-17,7.49,Storage Issue,2160.34
1662,3,45,2026-08-24,14.99,Preparation Error,1414.46
1663,3,10,2026-08-26,7.62,Spoilage,1582.75
1664,3,16,2026-08-23,13.65,storage issue,888.48
1665,4,38,2024-01-17,10.86,Expired,2647.78
1666,4,45,2024-01-18,10.93,Expired,702.36
1667,4,49,2024-01-04,4.42,Expired,551.48
1668,4,1,2024-01-28,1.07,Quality Issue,231.98
1669,4,20,2024-01-13,5.4,Storage Issue,130.73
1670,4,63,2024-01-03,5.43,QUALITY ISSUE,365.38
1671,4,57,2024-01-06,5.72,Expired,1185.36
1672,4,5,2024-01-12,9.95,Overproduction,1838.86
1673,4,27,2024-01-26,1.81,Preparation Error,107.66
1674,4,15,2024-01-09,3.17,Overproduction,166.55
1675,4,7,2024-01-11,13.54,Expired,1938.52
1676,4,13,2024-01-05,12.22,Overproduction,2816.95
1677,4,15,2024-02-27,13.12,Storage Issue,3207.32
1678,4,5,2024-02-07,80.92,Quality Issue,1183.28
1679,4,9,2024-02-12,3.83,Spoilage,792.81
1680,4,3,2024-02-04,9.03,Spoilage,1359.47
1681,4,60,2024-02-13,7.8,Storage Issue,243.83
1682,4,18,2024-02-16,11.41,Expired,2298.32
1683,4,51,2024-02-04,12.75,Storage Issue,2888.26
1684,4,42,2024-02-07,5.55,Spoilage,1232.32
1685,4,36,2024-02-13,3.65,Storage Issue,433.84
1686,4,32,2024-02-25,12.44,Quality Issue,380.54
1687,4,54,2024-02-27,7.21,Expired,2057.95
1688,4,62,2024-02-27,6.98,Overproduction,1661.31
1689,4,38,2024-03-12,2.17,Spoilage,339.89
1690,4,32,2024-03-05,7.73,Quality Issue,1578.23
1691,4,49,2024-03-08,8.94,Expired,561.43
1692,4,57,2024-03-27,2.4,Quality Issue,580.66
1693,4,19,2024-03-09,6.86,Preparation Error,2088.94
1694,4,39,2024-03-06,2.32,Overproduction,137.2
1695,4,20,2024-03-01,1.77,Expired,244.08
1696,4,65,2024-03-15,10.12,Expired,1700.36
1697,4,59,2024-03-01,5.23,Preparation Error,984.5
1698,4,4,2024-03-03,7.85,Preparation Error,1617.88
1699,4,46,2024-03-11,12.67,Expired,1240.27
1700,4,25,2024-03-21,7.41,Expired,2485.31
1701,4,46,2024-04-17,3.54,Quality Issue,699.15
1702,4,44,2024-04-08,5.04,Expired,1371.94
1703,4,13,2024-04-02,3.2,Quality Issue,361.38
1704,4,39,2024-04-10,6.4,Expired,1668.54
1705,4,5,2024-04-18,10.06,Quality Issue,1467.55
1706,4,51,2024-04-12,10.74,Expired,2016.43
1707,4,57,2024-04-10,3.28,Storage Issue,527.62
1708,4,26,2024-04-26,6.5,Preparation Error,188.83
1709,4,4,2024-04-02,1.39,Preparation Error,335.38
1710,4,28,2024-04-11,1.85,Preparation Error,191.6
1711,4,56,2024-04-24,4.67,Quality Issue,778.02
1712,4,20,2024-04-16,6.51,Preparation Error,1399.58
1713,4,26,2024-05-06,11.79,Preparation Error,3041.7
1714,4,30,2024-05-03,9.73,Expired,507.03
1715,4,62,2024-05-21,7.35,Spoilage,468.71
1716,4,27,2024-05-15,2.69,Overproduction,569.55
1717,4,3,2024-05-17,5.86,Expired,1639.16
1718,4,44,2024-05-16,14.64,Storage Issue,4390.39
1719,4,6,2024-05-03,4.16,Expired,85.11
1720,4,41,2024-05-08,10.85,Storage Issue,1299.18
1721,4,57,2024-05-28,4.92,Overproduction,1340.6
1722,4,15,2024-05-23,14.44,Quality Issue,1286.17
1723,4,35,2024-05-16,12.89,Expired,2435.57
1724,4,18,2024-05-20,3.2,Expired,753.15
1725,4,63,2024-06-05,11.95,Spoilage,3313.02
1726,4,46,2024-06-18,12.01,Expired,2264.49
1727,4,33,2024-06-24,1.99,Spoilage,208.89
1728,4,65,2024-06-15,9.0,Overproduction,342.72
1729,4,29,2024-06-28,13.65,Storage Issue,2968.6
1730,4,36,2024-06-15,4.48,Overproduction,843.05
1731,4,43,2024-06-19,3.11,Spoilage,976.38
1732,4,42,2024-06-11,6.54,Quality Issue,2190.18
1733,4,47,2024-06-01,5.42,Overproduction,978.69
1734,4,19,2024-06-27,10.15,Expired,3501.95
1735,4,13,2024-06-05,10.1,Expired,1954.25
1736,4,39,2024-06-28,1.61,Overproduction,36.19
1737,4,60,2024-07-25,1.69,PREPARATION ERROR,169.15
1738,4,46,2024-07-09,8.25,Quality Issue,206.91
1739,4,62,2024-07-24,2.33,Expired,218.39
1740,4,31,2024-07-23,4.88,Storage Issue,690.18
1741,4,45,2024-07-14,11.21,Overproduction,3889.87
1742,4,61,2024-07-11,4.21,Quality Issue,869.15
1743,4,8,2024-07-01,13.58,Expired,3880.35
1744,4,55,2024-07-09,12.97,Expired,2581.16
1745,4,25,2024-07-06,13.04,Spoilage,2156.16
1746,4,37,2024-07-21,2.57,Expired,102.57
1747,4,39,2024-07-17,2.92,Storage Issue,657.32
1748,4,56,2024-07-09,10.91,Storage Issue,2073.55
1749,4,3,2024-08-11,3.28,Storage Issue,763.42
1750,4,33,2024-08-18,5.74,Storage Issue,1918.02
1751,4,21,2024-08-25,7.82,Storage Issue,1752.54
1752,4,11,2024-08-01,2.32,Preparation Error,115.86
1753,4,24,2024-08-14,4.6,Spoilage,637.19
1754,4,44,2024-08-25,13.89,Storage Issue,3267.48
1755,4,37,2024-08-12,8.87,Expired,2735.33
1756,4,20,2024-08-16,8.35,Overproduction,2908.64
1757,4,19,2024-08-10,8.7,Quality Issue,1516.84
1758,4,57,2024-08-10,14.69,Expired,2126.38
1759,4,17,2024-08-12,9.3,Storage Issue,3179.86
1760,4,35,2024-08-08,10.0,Expired,1259.3
1761,4,59,2024-09-10,12.58,Expired,784.61
1762,4,61,2024-09-08,13.84,Expired,3209.08
1763,4,30,2024-09-11,13.26,Quality Issue,2552.28
1764,4,53,2024-09-08,13.44,Storage Issue,1600.57
1765,4,1,2024-09-12,1.5,Spoilage,242.44
1766,4,60,2024-09-19,13.98,Quality Issue,3422.86
1767,4,40,2024-09-16,8.47,Quality Issue,236.82
1768,4,28,2024-09-25,13.58,Spoilage,3326.01
1769,4,38,2024-09-04,14.78,Expired,2173.84
1770,4,65,2024-09-11,9.97,Expired,3487.9
1771,4,9,2024-09-15,11.36,Expired,1094.54
1772,4,34,2024-09-26,5.15,Quality Issue,1265.2
1773,4,19,2024-10-10,4.45,Preparation Error,623.62
1774,4,48,2024-10-08,11.57,Spoilage,2536.61
1775,4,17,2024-10-06,1.52,Quality Issue,157.53
1776,4,49,2024-10-17,7.66,Storage Issue,660.22
1777,4,52,2024-10-20,8.48,Preparation Error,1478.57
1778,4,53,2024-10-02,13.98,Storage Issue,4858.75
1779,4,20,2024-10-13,11.1,Overproduction,2042.18
1780,4,47,2024-10-12,14.21,Expired,1398.69
1781,4,3,2024-10-13,12.97,Overproduction,1304.26
1782,4,12,2024-10-08,13.69,Spoilage,4604.49
1783,4,13,2024-10-04,9.89,Storage Issue,873.19
1784,4,57,2024-10-08,13.7,Quality Issue,1681.67
1785,4,49,2024-11-16,8.67,Storage Issue,1872.11
1786,4,55,2024-11-03,7.0,Expired,1741.74
1787,4,30,2024-11-26,14.46,Quality Issue,3984.89
1788,4,36,2024-11-02,9.09,Expired,3166.32
1789,4,22,2024-11-06,13.85,Spoilage,4282.97
1790,4,52,2024-11-20,3.09,Expired,425.06
1791,4,60,2024-11-05,11.82,Storage Issue,1512.49
1792,4,57,2024-11-23,11.82,Quality Issue,864.16
1793,4,6,2024-11-25,9.58,Spoilage,2248.81
1794,4,11,2024-11-25,2.77,Overproduction,391.04
1795,4,32,2024-11-24,14.15,Expired,1954.26
1796,4,45,2024-11-01,2.99,Quality Issue,959.7
1797,4,7,2024-12-03,14.6,Overproduction,2545.66
1798,4,38,2024-12-04,7.21,Preparation Error,1136.15
1799,4,4,2024-12-12,12.91,Expired,2661.53
1800,4,20,2024-12-13,14.45,Overproduction,956.01
1801,4,61,2024-12-12,3.18,Expired,491.34
1802,4,14,2024-12-25,4.91,Quality Issue,146.47
1803,4,58,2024-12-16,8.27,Spoilage,2269.29
1804,4,59,2024-12-21,7.56,Quality Issue,1309.62
1805,4,17,2024-12-20,13.17,Storage Issue,4411.03
1806,4,63,2024-12-07,14.05,Overproduction,1483.54
1807,4,2,2024-12-20,1.36,Overproduction,54.97
1808,4,54,2024-12-15,9.94,Overproduction,1380.07
1809,4,34,2025-01-08,3.08,Expired,662.32
1810,4,14,2025-01-28,6.03,Expired,1224.69
1811,4,5,2025-01-17,5.88,Preparation Error,1957.92
1812,4,22,2025-01-25,1.6,Storage Issue,299.97
1813,4,8,2025-01-21,2.56,Quality Issue,226.97
1814,4,20,2025-01-08,5.98,Overproduction,1665.49
1815,4,32,2025-01-02,7.16,Preparation Error,407.76
1816,4,30,2025-01-24,6.21,Preparation Error,1671.3
1817,4,15,2025-01-13,5.57,Overproduction,1683.98
1818,4,38,2025-01-12,6.17,Quality Issue,2056.09
1819,4,55,2025-01-14,6.48,Expired,515.61
1820,4,27,2025-01-10,13.74,Overproduction,707.47
1821,4,46,2025-02-20,6.13,Expired,1869.47
1822,4,63,2025-02-14,2.12,Expired,678.51
1823,4,60,2025-02-24,1.42,Overproduction,385.15
1824,4,2,2025-02-06,4.46,Preparation Error,1430.72
1825,4,49,2025-02-23,7.88,Expired,708.25
1826,4,1,2025-02-18,6.61,Expired,727.76
1827,4,61,2025-02-01,7.81,Quality Issue,1066.22
1828,4,8,2025-02-15,5.09,Quality Issue,356.96
1829,4,13,2025-02-09,5.66,Spoilage,331.9
1830,4,40,2025-02-09,13.9,Spoilage,4059.22
1831,4,16,2025-02-24,10.37,Overproduction,2858.7
1832,4,9,2025-02-02,11.69,Storage Issue,1338.86
1833,4,44,2025-03-02,7.73,Quality Issue,1631.49
1834,4,4,2025-03-24,14.88,Expired,1139.06
1835,4,49,2025-03-14,13.13,Storage Issue,2436.01
1836,4,43,2025-03-05,3.24,SPOILAGE,907.72
1837,4,35,2025-03-03,14.75,Quality Issue,2080.05
1838,4,36,2025-03-05,1.28,Quality Issue,151.92
1839,4,12,2025-03-12,10.57,Expired,590.44
1840,4,45,2025-03-01,1.36,Overproduction,281.11
1841,4,13,2025-03-14,1.99,Storage Issue,263.48
1842,4,47,2025-03-24,6.82,Expired,497.18
1843,4,40,2025-03-05,4.9,Spoilage,1317.9
1844,4,33,2025-03-17,6.14,Overproduction,1479.56
1845,4,27,2025-04-08,3.76,Expired,770.95
1846,4,25,2025-04-09,14.64,Preparation Error,2944.4
1847,4,38,2025-04-13,8.11,Expired,1337.5
1848,4,21,2025-04-06,8.48,Expired,2172.41
1849,4,31,2025-04-05,14.41,Storage Issue,831.46
1850,4,4,2025-04-05,5.88,Storage Issue,1508.75
1851,4,63,2025-04-20,7.38,Overproduction,2129.06
1852,4,5,2025-04-14,60.27,Expired,1195.5
1853,4,50,2025-04-09,10.82,Overproduction,1477.15
1854,4,51,2025-04-10,6.9,Storage Issue,1698.44
1855,4,33,2025-04-02,8.53,Quality Issue,2612.23
1856,4,41,2025-04-13,1.72,Spoilage,532.99
1857,4,25,2025-05-10,12.05,Preparation Error,2265.16
1858,4,42,2025-05-07,13.32,Preparation Error,2637.49
1859,4,59,2025-05-27,10.71,Quality Issue,788.68
1860,4,11,2025-05-08,2.02,Expired,80.5
1861,4,1,2025-05-19,8.88,Expired,2813.36
1862,4,29,2025-05-22,10.29,Expired,3424.1
1863,4,55,2025-05-20,2.33,Quality Issue,807.74
1864,4,41,2025-05-14,13.69,Expired,2860.53
1865,4,54,2025-05-27,13.48,Storage Issue,3370.27
1866,4,9,2025-05-08,4.37,Storage Issue,1100.23
1867,4,61,2025-05-10,10.93,Overproduction,2300.11
1868,4,63,2025-05-01,4.77,Overproduction,109.9
1869,4,35,2025-06-26,10.41,Storage Issue,3451.85
1870,4,37,2025-06-14,10.78,Preparation Error,811.19
1871,4,65,2025-06-16,9.44,Preparation Error,2250.4
1872,4,21,2025-06-28,9.13,Storage Issue,1477.96
1873,4,38,2025-06-19,6.12,Spoilage,567.94
1874,4,32,2025-06-16,14.73,Overproduction,1618.39
1875,4,1,2025-06-02,2.81,Expired,87.59
1876,4,12,2025-06-07,9.33,Quality Issue,600.29
1877,4,41,2025-06-07,7.48,Overproduction,1688.68
1878,4,4,2025-06-10,1.97,Spoilage,176.24
1879,4,61,2025-06-09,6.89,Spoilage,518.13
1880,4,22,2025-06-03,11.66,Storage Issue,4009.29
1881,4,58,2025-07-22,6.59,Quality Issue,1329.99
1882,4,13,2025-07-22,6.67,Storage Issue,927.2
1883,4,1,2025-07-26,9.46,Preparation Error,1858.8
1884,4,59,2025-07-14,13.35,Storage Issue,2222.64
1885,4,29,2025-07-15,8.51,Quality Issue,1977.55
1886,4,65,2025-07-24,10.47,Overproduction,2248.43
1887,4,41,2025-07-10,14.73,Preparation Error,1705.88
1888,4,60,2025-07-14,11.92,Storage Issue,1149.09
1889,4,47,2025-07-18,8.85,Expired,2099.75
1890,4,17,2025-07-16,1.18,Overproduction,127.18
1891,4,20,2025-07-11,2.29,Storage Issue,252.01
1892,4,35,2025-07-05,11.71,Expired,1460.24
1893,4,34,2025-08-12,6.55,Overproduction,144.82
1894,4,43,2025-08-24,5.04,Quality Issue,1223.96
1895,4,8,2025-08-28,2.75,Quality Issue,153.42
1896,4,37,2025-08-26,4.15,Quality Issue,830.42
1897,4,35,2025-08-26,2.98,QUALITY ISSUE,735.37
1898,4,3,2025-08-24,9.3,Preparation Error,2729.92
1899,4,25,2025-08-21,1.34,Spoilage,440.3
1900,4,64,2025-08-12,14.35,Spoilage,1907.12
1901,4,63,2025-08-18,13.43,Storage Issue,3499.59
1902,4,13,2025-08-01,2.5,Overproduction,857.33
1903,4,51,2025-08-12,7.75,Spoilage,667.74
1904,4,46,2025-08-13,1.67,Preparation Error,158.15
1905,4,20,2025-09-23,6.54,Expired,1069.81
1906,4,61,2025-09-09,13.62,Overproduction,3888.1
1907,4,28,2025-09-02,11.47,Quality Issue,1318.36
1908,4,27,2025-09-27,4.71,Expired,828.25
1909,4,4,2025-09-10,9.8,Preparation Error,2681.28
1910,4,43,2025-09-26,3.0,Expired,878.67
1911,4,26,2025-09-03,13.14,Expired,3672.76
1912,4,10,2025-09-16,6.33,Storage Issue,850.12
1913,4,19,2025-09-03,20.93,Spoilage,144.3
1914,4,56,2025-09-23,1.99,Quality Issue,426.89
1915,4,36,2025-09-18,7.83,Overproduction,192.77
1916,4,29,2025-09-17,5.94,Quality Issue,476.92
1917,4,10,2025-10-21,12.52,Preparation Error,2841.54
1918,4,19,2025-10-04,6.67,Expired,311.76
1919,4,13,2025-10-14,4.1,Overproduction,629.31
1920,4,32,2025-10-01,10.21,Storage Issue,1868.33
1921,4,28,2025-10-15,9.28,Spoilage,2834.39
1922,4,20,2025-10-12,11.12,Storage Issue,2489.43
1923,4,59,2025-10-28,4.7,Preparation Error,1514.39
1924,4,18,2025-10-07,4.13,Overproduction,1028.37
1925,4,61,2025-10-20,4.64,Quality Issue,985.91
1926,4,23,2025-10-10,14.73,Spoilage,2282.12
1927,4,5,2025-10-05,13.99,Expired,304.0
1928,4,42,2025-10-27,10.12,Expired,1617.58
1929,4,32,2025-11-04,7.0,Storage Issue,1588.79
1930,4,45,2025-11-12,5.91,Quality Issue,1403.92
1931,4,55,2025-11-14,5.45,Spoilage,1321.13
1932,4,54,2025-11-05,2.29,Expired,186.73
1933,4,20,2025-11-24,8.35,Preparation Error,335.17
1934,4,7,2025-11-24,13.78,Spoilage,3196.55
1935,4,21,2025-11-10,5.6,Preparation Error,507.02
1936,4,47,2025-11-15,101.64,Expired,1357.77
1937,4,17,2025-11-02,8.95,Preparation Error,960.33
1938,4,37,2025-11-25,14.59,Quality Issue,689.23
1939,4,15,2025-11-26,8.83,Expired,2276.82
1940,4,51,2025-11-08,4.84,Quality Issue,1372.82
1941,4,9,2025-12-23,8.07,Expired,1173.94
1942,4,18,2025-12-14,14.44,Expired,3736.64
1943,4,58,2025-12-25,1.78,Expired,430.42
1944,4,43,2025-12-22,5.03,Preparation Error,1028.84
1945,4,23,2025-12-22,10.98,Expired,1950.93
1946,4,14,2025-12-05,2.77,Storage Issue,736.71
1947,4,3,2025-12-12,2.8,Preparation Error,365.2
1948,4,63,2025-12-18,8.38,Spoilage,2715.71
1949,4,50,2025-12-03,1.5,Overproduction,175.25
1950,4,56,2025-12-20,5.66,Storage Issue,1090.63
1951,4,60,2025-12-05,12.28,Storage Issue,1401.15
1952,4,4,2025-12-18,3.63,Preparation Error,738.38
1953,4,49,2026-01-04,10.88,Preparation Error,475.24
1954,4,48,2026-01-06,14.92,Storage Issue,3358.04
1955,4,35,2026-01-07,11.92,Storage Issue,1696.22
1956,4,1,2026-01-25,12.17,Overproduction,2546.21
1957,4,22,2026-01-07,12.24,Expired,2643.23
1958,4,65,2026-01-18,12.91,Overproduction,2761.45
1959,4,63,2026-01-27,12.75,SPOILAGE,3038.96
1960,4,61,2026-01-20,13.65,Quality Issue,835.38
1961,4,4,2026-01-11,6.01,Storage Issue,2075.91
1962,4,29,2026-01-14,4.5,Preparation Error,1194.93
1963,4,52,2026-01-03,1.7,Spoilage,244.9
1964,4,50,2026-01-15,12.4,Expired,1059.58
1965,4,44,2026-02-05,11.15,Preparation Error,2489.8
1966,4,54,2026-02-01,5.03,Preparation Error,821.55
1967,4,33,2026-02-17,9.53,Expired,336.89
1968,4,30,2026-02-09,3.12,Preparation Error,1031.69
1969,4,10,2026-02-02,14.73,Spoilage,4678.54
1970,4,29,2026-02-27,1.14,Expired,381.04
1971,4,40,2026-02-04,13.26,Overproduction,2558.65
1972,4,62,2026-02-04,12.28,Expired,3229.76
1973,4,55,2026-02-13,13.46,Preparation Error,1321.5
1974,4,59,2026-02-11,12.36,Expired,521.1
1975,4,28,2026-02-17,14.38,Spoilage,3089.11
1976,4,50,2026-02-07,9.56,Overproduction,884.4
1977,4,20,2026-03-09,5.22,Expired,1353.86
1978,4,13,2026-03-17,13.09,Storage Issue,113.15
1979,4,15,2026-03-01,1.63,Preparation Error,144.92
1980,4,37,2026-03-09,13.11,Preparation Error,1552.22
1981,4,21,2026-03-23,4.43,Spoilage,652.18
1982,4,22,2026-03-04,9.43,Overproduction,1703.72
1983,4,31,2026-03-08,10.88,Spoilage,643.99
1984,4,38,2026-03-03,11.59,Overproduction,3708.1
1985,4,44,2026-03-14,14.33,Expired,1970.23
1986,4,35,2026-03-26,3.62,Storage Issue,567.62
1987,4,5,2026-03-19,9.34,Storage Issue,1889.58
1988,4,42,2026-03-02,1.9,Expired,206.8
1989,4,45,2026-04-12,2.76,Overproduction,949.94
1990,4,15,2026-04-27,2.94,Spoilage,879.56
1991,4,12,2026-04-18,5.47,Spoilage,574.3
1992,4,7,2026-04-24,13.31,Storage Issue,1201.09
1993,4,25,2026-04-24,8.15,Preparation Error,977.92
1994,4,6,2026-04-24,4.78,Expired,653.52
1995,4,65,2026-04-02,1.52,Storage Issue,510.07
1996,4,20,2026-04-22,2.75,Expired,460.29
1997,4,43,2026-04-19,3.3,Quality Issue,167.14
1998,4,61,2026-04-19,10.25,Storage Issue,1186.44
1999,4,59,2026-04-17,7.49,Expired,758.89
2000,4,29,2026-04-27,7.06,Preparation Error,510.79
2001,4,7,2026-05-17,2.01,Quality Issue,444.99
2002,4,44,2026-05-17,10.62,Expired,1067.73
2003,4,57,2026-05-19,5.2,Overproduction,981.66
2004,4,14,2026-05-21,2.5,Preparation Error,174.93
2005,4,37,2026-05-05,8.33,Expired,361.11
2006,4,27,2026-05-24,11.96,Expired,2793.26
2007,4,26,2026-05-15,14.97,Quality Issue,1601.79
2008,4,53,2026-05-20,2.99,Quality Issue,722.77
2009,4,45,2026-05-09,13.36,Expired,2629.11
2010,4,25,2026-05-22,5.36,Quality Issue,1237.89
2011,4,9,2026-05-22,7.13,Overproduction,574.11
2012,4,29,2026-05-01,13.45,Preparation Error,1909.9
2013,4,43,2026-06-05,8.57,Preparation Error,485.75
2014,4,17,2026-06-08,1.79,Spoilage,376.01
2015,4,25,2026-06-02,1.67,Overproduction,265.0
2016,4,36,2026-06-05,13.21,Expired,3932.48
2017,4,11,2026-06-05,14.44,Spoilage,1534.25
2018,4,4,2026-06-25,7.21,Preparation Error,1523.69
2019,4,49,2026-06-26,12.73,Expired,328.18
2020,4,51,2026-06-21,8.22,Quality Issue,2512.28
2021,4,24,2026-06-08,13.02,Overproduction,1050.06
2022,4,46,2026-06-26,14.01,Preparation Error,2156.42
2023,4,35,2026-06-20,8.87,Overproduction,2074.69
2024,4,62,2026-06-14,13.8,Quality Issue,3030.76
2025,4,1,2026-07-23,13.33,Quality Issue,4192.55
2026,4,52,2026-07-10,11.26,Expired,1619.75
2027,4,10,2026-07-21,13.59,Expired,2762.58
2028,4,60,2026-07-27,1.95,Spoilage,93.68
2029,4,16,2026-07-28,9.75,Quality Issue,2005.28
2030,4,19,2026-07-23,14.72,Overproduction,4364.92
2031,4,64,2026-07-26,11.6,Overproduction,3024.58
2032,4,42,2026-07-19,14.55,Overproduction,4023.37
2033,4,49,2026-07-20,12.46,Quality Issue,4171.11
2034,4,24,2026-07-21,1.84,Storage Issue,416.21
2035,4,61,2026-07-21,5.52,Quality Issue,147.72
2036,4,51,2026-07-07,9.34,Expired,444.4
2037,4,53,2026-08-24,9.72,Expired,2150.94
2038,4,38,2026-08-17,1.46,Spoilage,424.9
2039,4,18,2026-08-19,10.0,Quality Issue,2174.8
2040,4,45,2026-08-08,8.41,Overproduction,366.42
2041,4,27,2026-08-14,2.98,Spoilage,878.03
2042,4,37,2026-08-13,5.87,Expired,230.63
2043,4,51,2026-08-08,3.64,Spoilage,1262.42
2044,4,58,2026-08-11,9.64,Quality Issue,2189.24
2045,4,1,2026-08-24,10.35,Preparation Error,2095.25
2046,4,31,2026-08-24,8.0,Storage Issue,1237.44
2047,4,49,2026-08-07,2.93,Expired,256.17
2048,4,3,2026-08-20,10.13,Preparation Error,1970.99
2049,5,3,2024-01-05,14.69,Spoilage,2872.04
2050,5,15,2024-01-27,14.02,Overproduction,3829.98
2051,5,12,2024-01-11,11.73,Spoilage,1691.0
2052,5,38,2024-01-21,4.02,Quality Issue,282.32
2053,5,53,2024-01-17,6.75,Preparation Error,1716.8
2054,5,8,2024-01-11,9.61,Preparation Error,415.82
2055,5,2,2024-01-21,14.83,Quality Issue,4914.37
2056,5,16,2024-01-01,9.18,Quality Issue,878.89
2057,5,48,2024-01-22,12.19,Quality Issue,2920.48
2058,5,19,2024-01-20,10.65,Storage Issue,2140.54
2059,5,27,2024-01-09,7.47,Preparation Error,1247.12
2060,5,49,2024-01-06,10.37,Spoilage,548.47
2061,5,36,2024-01-15,3.38,Spoilage,647.37
2062,5,28,2024-01-24,4.43,Preparation Error,1108.21
2063,5,9,2024-02-01,9.6,Storage Issue,2011.97
2064,5,32,2024-02-25,8.73,Preparation Error,2934.07
2065,5,63,2024-02-25,2.89,Expired,808.54
2066,5,64,2024-02-08,1.9,Expired,108.77
2067,5,24,2024-02-27,12.99,Expired,1499.05
2068,5,33,2024-02-10,13.87,Spoilage,1764.4
2069,5,54,2024-02-01,4.14,Preparation Error,1361.81
2070,5,42,2024-02-02,14.84,Storage Issue,318.02
2071,5,31,2024-02-12,13.25,Overproduction,2813.64
2072,5,21,2024-02-25,9.09,Storage Issue,2103.24
2073,5,40,2024-02-22,14.88,Quality Issue,4874.99
2074,5,8,2024-02-09,9.91,Expired,1141.04
2075,5,20,2024-02-07,10.76,Expired,354.76
2076,5,29,2024-02-17,4.62,Overproduction,1318.18
2077,5,52,2024-03-23,2.85,Expired,394.95
2078,5,16,2024-03-09,14.82,Spoilage,1309.35
2079,5,49,2024-03-26,8.68,Expired,475.23
2080,5,8,2024-03-16,9.14,Quality Issue,1252.09
2081,5,33,2024-03-21,8.53,Overproduction,2367.07
2082,5,51,2024-03-16,7.09,Overproduction,1566.82
2083,5,11,2024-03-16,13.46,Overproduction,836.54
2084,5,50,2024-03-20,4.94,Quality Issue,1549.33
2085,5,4,2024-03-25,1.49,Quality Issue,489.21
2086,5,43,2024-03-25,12.27,Storage Issue,1942.83
2087,5,10,2024-03-11,2.92,Expired,209.39
2088,5,41,2024-03-07,14.11,Expired,504.01
2089,5,54,2024-03-01,2.94,Expired,964.0
2090,5,53,2024-03-27,12.73,Storage Issue,460.19
2091,5,60,2024-04-18,1.77,Overproduction,155.09
2092,5,25,2024-04-08,11.47,Spoilage,1193.45
2093,5,14,2024-04-23,14.5,Spoilage,544.91
2094,5,6,2024-04-22,2.99,Spoilage,937.81
2095,5,16,2024-04-07,7.58,Preparation Error,2525.28
2096,5,26,2024-04-19,5.5,Expired,994.57
2097,5,41,2024-04-26,9.62,Quality Issue,738.14
2098,5,49,2024-04-18,6.0,Storage Issue,1342.26
2099,5,55,2024-04-03,14.51,Storage Issue,2510.67
2100,5,62,2024-04-16,7.69,Spoilage,1157.73
2101,5,52,2024-04-10,8.48,Expired,1936.15
2102,5,36,2024-04-11,3.41,Preparation Error,769.77
2103,5,45,2024-04-12,2.84,Overproduction,845.44
2104,5,58,2024-04-02,7.68,Expired,2191.03
2105,5,63,2024-05-20,13.8,Spoilage,2187.99
2106,5,16,2024-05-24,6.54,Storage Issue,259.7
2107,5,43,2024-05-07,7.65,Preparation Error,1273.11
2108,5,48,2024-05-18,12.29,Expired,572.1
2109,5,39,2024-05-18,13.89,Storage Issue,1353.02
2110,5,22,2024-05-08,6.06,Overproduction,611.33
2111,5,64,2024-05-27,2.6,Spoilage,598.62
2112,5,19,2024-05-07,3.11,Spoilage,713.56
2113,5,31,2024-05-25,7.23,Preparation Error,551.79
2114,5,7,2024-05-04,3.47,Storage Issue,829.43
2115,5,45,2024-05-16,9.08,Expired,2790.74
2116,5,54,2024-05-02,1.43,Preparation Error,394.32
2117,5,55,2024-05-20,1.68,Expired,565.98
2118,5,65,2024-05-10,14.36,Expired,2775.79
2119,5,54,2024-06-08,9.84,Overproduction,1091.45
2120,5,16,2024-06-03,12.11,Storage Issue,246.56
2121,5,33,2024-06-07,9.05,Expired,962.83
2122,5,65,2024-06-24,10.66,Overproduction,676.7
2123,5,1,2024-06-19,7.53,Expired,1230.93
2124,5,15,2024-06-28,4.72,Spoilage,1076.63
2125,5,21,2024-06-12,1.46,Preparation Error,107.13
2126,5,56,2024-06-05,7.75,Preparation Error,2387.08
2127,5,10,2024-06-06,13.42,Expired,1811.03
2128,5,40,2024-06-08,8.66,Preparation Error,1152.65
2129,5,42,2024-06-17,26.25,Spoilage,273.3
2130,5,38,2024-06-22,11.96,Storage Issue,1194.33
2131,5,25,2024-06-17,8.15,Overproduction,885.5
2132,5,64,2024-06-11,7.02,Overproduction,1045.63
2133,5,12,2024-07-27,3.77,Expired,1120.18
2134,5,1,2024-07-27,1.66,Expired,483.87
2135,5,45,2024-07-15,11.67,Expired,2158.13
2136,5,51,2024-07-03,3.18,Expired,632.92
2137,5,61,2024-07-28,8.14,Preparation Error,1567.03
2138,5,53,2024-07-23,1.34,Storage Issue,309.22
2139,5,54,2024-07-24,4.63,Spoilage,1104.44
2140,5,35,2024-07-02,5.74,Storage Issue,158.48
2141,5,26,2024-07-05,14.81,Overproduction,356.48
2142,5,30,2024-07-01,3.61,Storage Issue,1221.84
2143,5,7,2024-07-04,2.27,Preparation Error,597.08
2144,5,38,2024-07-01,1.71,Overproduction,269.87
2145,5,55,2024-07-02,3.16,quality issue,932.01
2146,5,10,2024-07-10,5.91,Expired,537.34
2147,5,8,2024-08-10,14.34,Spoilage,4387.47
2148,5,64,2024-08-14,1.12,Spoilage,47.57
2149,5,46,2024-08-09,6.95,Quality Issue,333.46
2150,5,61,2024-08-02,12.58,Overproduction,1077.6
2151,5,35,2024-08-12,5.32,Spoilage,1452.68
2152,5,12,2024-08-28,8.47,Quality Issue,201.85
2153,5,2,2024-08-04,14.22,Overproduction,4051.28
2154,5,65,2024-08-11,11.5,Expired,3179.86
2155,5,56,2024-08-28,1.41,Quality Issue,306.36
2156,5,19,2024-08-28,9.62,Storage Issue,1279.75
2157,5,41,2024-08-21,11.03,Preparation Error,3370.66
2158,5,13,2024-08-05,8.97,Storage Issue,298.43
2159,5,1,2024-08-10,7.58,Preparation Error,244.3
2160,5,14,2024-08-02,11.8,Expired,2312.33
2161,5,55,2024-09-05,1.83,Expired,261.34
2162,5,47,2024-09-11,8.17,Spoilage,2834.74
2163,5,19,2024-09-12,6.45,Overproduction,1598.63
2164,5,40,2024-09-05,6.45,Expired,2082.25
2165,5,26,2024-09-21,11.77,Storage Issue,1833.53
2166,5,20,2024-09-23,13.95,Overproduction,3159.54
2167,5,36,2024-09-20,2.85,Expired,883.53
2168,5,64,2024-09-08,5.09,Spoilage,1268.63
2169,5,59,2024-09-10,8.63,Quality Issue,2009.67
2170,5,51,2024-09-13,10.53,Expired,2486.87
2171,5,43,2024-09-11,3.02,Quality Issue,616.56
2172,5,62,2024-09-28,10.01,Preparation Error,2761.56
2173,5,24,2024-09-28,12.63,Overproduction,315.5
2174,5,2,2024-09-10,8.25,Overproduction,2092.12
2175,5,48,2024-10-26,2.04,Expired,461.16
2176,5,13,2024-10-16,9.41,Overproduction,1304.32
2177,5,52,2024-10-14,11.14,Storage Issue,2518.98
2178,5,56,2024-10-10,13.48,Expired,2463.2
2179,5,3,2024-10-25,13.03,Quality Issue,2303.57
2180,5,4,2024-10-27,12.39,Storage Issue,572.91
2181,5,33,2024-10-08,1.32,Quality Issue,318.21
2182,5,30,2024-10-10,1.7,Quality Issue,320.74
2183,5,50,2024-10-26,10.89,Preparation Error,2771.4
2184,5,26,2024-10-11,6.98,Storage Issue,1509.98
2185,5,47,2024-10-02,10.24,Quality Issue,2329.29
2186,5,20,2024-10-21,2.78,Quality Issue,82.84
2187,5,57,2024-10-24,9.56,Storage Issue,3191.41
2188,5,1,2024-10-06,13.39,Spoilage,1836.84
2189,5,10,2024-11-16,10.53,Overproduction,2676.41
2190,5,65,2024-11-17,6.85,Overproduction,2056.71
2191,5,6,2024-11-04,5.97,Expired,476.76
2192,5,28,2024-11-27,8.11,Quality Issue,750.01
2193,5,61,2024-11-20,42.07,Storage Issue,1816.58
2194,5,64,2024-11-07,13.74,Storage Issue,3861.76
2195,5,16,2024-11-19,2.23,Spoilage,473.9
2196,5,26,2024-11-18,4.85,Preparation Error,1249.07
2197,5,52,2024-11-13,11.68,Expired,1523.54
2198,5,36,2024-11-14,5.02,Preparation Error,1227.99
2199,5,13,2024-11-05,9.79,Spoilage,3197.12
2200,5,62,2024-11-17,3.8,Storage Issue,611.95
2201,5,25,2024-11-04,2.37,Preparation Error,401.48
2202,5,50,2024-11-16,11.34,Storage Issue,468.23
2203,5,16,2024-12-20,1.15,Storage Issue,95.09
2204,5,32,2024-12-17,14.2,Expired,3172.99
2205,5,28,2024-12-07,14.2,Overproduction,4146.4
2206,5,52,2024-12-15,2.47,Quality Issue,525.37
2207,5,2,2024-12-08,8.86,Expired,1839.87
2208,5,7,2024-12-25,11.57,Spoilage,1452.84
2209,5,31,2024-12-16,7.44,Expired,1610.98
2210,5,65,2024-12-19,8.66,Preparation Error,2322.79
2211,5,34,2024-12-22,11.23,Expired,441.34
2212,5,13,2024-12-26,3.02,Expired,358.96
2213,5,41,2024-12-13,1.78,Spoilage,74.53
2214,5,14,2024-12-14,7.7,Spoilage,2552.47
2215,5,39,2024-12-01,8.08,Overproduction,1622.06
2216,5,50,2024-12-08,11.68,Overproduction,778.47
2217,5,13,2025-01-06,5.82,Expired,1325.91
2218,5,25,2025-01-03,14.62,Expired,625.0
2219,5,50,2025-01-11,14.84,Expired,3804.38
2220,5,23,2025-01-02,2.82,Expired,832.55
2221,5,37,2025-01-21,9.19,Quality Issue,1311.5
2222,5,15,2025-01-15,5.16,Spoilage,1249.44
2223,5,34,2025-01-04,2.78,Expired,704.81
2224,5,51,2025-01-14,10.51,Preparation Error,2308.0
2225,5,6,2025-01-11,11.31,Storage Issue,1844.21
2226,5,4,2025-01-21,3.83,Overproduction,424.1
2227,5,65,2025-01-06,12.27,Spoilage,3166.15
2228,5,40,2025-01-20,14.13,Storage Issue,1945.14
2229,5,9,2025-01-25,12.98,Expired,905.48
2230,5,1,2025-01-01,7.34,Preparation Error,269.38
2231,5,50,2025-02-16,8.76,Storage Issue,2764.13
2232,5,33,2025-02-06,3.46,Expired,131.03
2233,5,62,2025-02-06,4.51,Expired,1112.26
2234,5,60,2025-02-19,5.28,Storage Issue,450.65
2235,5,10,2025-02-07,5.32,Quality Issue,125.29
2236,5,44,2025-02-14,5.69,Expired,1419.83
2237,5,30,2025-02-27,4.49,Overproduction,881.48
2238,5,36,2025-02-14,8.08,Expired,2330.92
2239,5,17,2025-02-02,11.99,Overproduction,2209.52
2240,5,46,2025-02-18,1.79,Overproduction,510.63
2241,5,41,2025-02-24,2.0,Expired,252.38
2242,5,25,2025-02-13,3.45,Spoilage,264.96
2243,5,56,2025-02-20,2.72,Storage Issue,679.81
2244,5,21,2025-02-02,7.56,Preparation Error,1467.02
2245,5,38,2025-03-27,2.23,Preparation Error,472.27
2246,5,35,2025-03-16,17.57,Expired,119.35
2247,5,60,2025-03-18,5.26,Quality Issue,845.54
2248,5,13,2025-03-17,4.0,Quality Issue,714.96
2249,5,11,2025-03-04,10.3,Quality Issue,644.78
2250,5,24,2025-03-01,5.56,Expired,1324.5
2251,5,15,2025-03-04,1.93,Spoilage,556.69
2252,5,7,2025-03-15,7.15,Quality Issue,2271.27
2253,5,52,2025-03-07,6.87,Spoilage,777.89
2254,5,29,2025-03-16,4.84,Spoilage,912.92
2255,5,61,2025-03-03,11.0,Preparation Error,1433.63
2256,5,30,2025-03-12,1.27,Expired,397.71
2257,5,37,2025-03-24,12.19,Expired,2237.96
2258,5,18,2025-03-06,14.92,Expired,915.79
2259,5,20,2025-04-15,1.6,Spoilage,239.98
2260,5,39,2025-04-26,1.49,Preparation Error,207.11
2261,5,44,2025-04-22,12.75,Storage Issue,2270.39
2262,5,58,2025-04-16,5.94,Expired,860.82
2263,5,32,2025-04-02,10.85,Spoilage,2320.92
2264,5,56,2025-04-03,6.45,Spoilage,361.14
2265,5,1,2025-04-26,11.68,Preparation Error,1389.45
2266,5,3,2025-04-05,7.01,Expired,1786.15
2267,5,30,2025-04-20,9.2,Preparation Error,3051.55
2268,5,50,2025-04-26,10.99,Preparation Error,2176.02
2269,5,17,2025-04-03,3.19,Quality Issue,251.98
2270,5,28,2025-04-08,14.76,Quality Issue,3742.25
2271,5,53,2025-04-28,13.44,Expired,2288.16
2272,5,22,2025-04-22,7.03,Storage Issue,486.76
2273,5,24,2025-05-18,1.49,Expired,110.23
2274,5,3,2025-05-14,4.18,Preparation Error,564.89
2275,5,6,2025-05-13,11.58,Expired,1050.19
2276,5,49,2025-05-21,7.8,Quality Issue,1545.57
2277,5,5,2025-05-26,5.52,Expired,511.76
2278,5,22,2025-05-19,6.41,Expired,616.51
2279,5,62,2025-05-25,14.23,Preparation Error,4484.3
2280,5,15,2025-05-06,11.49,Quality Issue,2465.75
2281,5,56,2025-05-28,6.11,Expired,854.3
2282,5,51,2025-05-13,6.61,Expired,1490.42
2283,5,30,2025-05-28,9.86,Preparation Error,2083.91
2284,5,44,2025-05-03,11.73,Expired,3519.47
2285,5,40,2025-05-12,2.07,Expired,688.05
2286,5,13,2025-05-12,6.77,Storage Issue,249.0
2287,5,31,2025-06-16,2.59,Quality Issue,795.18
2288,5,32,2025-06-23,12.47,Spoilage,1869.88
2289,5,37,2025-06-01,7.28,Spoilage,2284.83
2290,5,3,2025-06-07,4.66,Spoilage,481.15
2291,5,52,2025-06-17,7.42,Preparation Error,2503.8
2292,5,6,2025-06-19,10.51,Overproduction,2869.65
2293,5,62,2025-06-25,6.48,Storage Issue,1145.28
2294,5,39,2025-06-07,2.15,Preparation Error,425.96
2295,5,60,2025-06-24,13.0,Expired,3350.36
2296,5,49,2025-06-15,9.14,Overproduction,2541.83
2297,5,21,2025-06-13,2.3,Expired,50.0
2298,5,46,2025-06-11,6.18,Expired,1195.89
2299,5,58,2025-06-23,11.95,Expired,3688.13
2300,5,28,2025-06-22,6.57,Quality Issue,1593.68
2301,5,51,2025-07-14,10.31,Preparation Error,3514.68
2302,5,14,2025-07-14,8.31,Expired,1767.7
2303,5,30,2025-07-15,10.11,Storage Issue,2432.57
2304,5,26,2025-07-26,11.55,Preparation Error,3745.55
2305,5,35,2025-07-21,12.42,Spoilage,580.26
2306,5,32,2025-07-03,13.91,Expired,1876.18
2307,5,21,2025-07-23,3.02,Storage Issue,456.14
2308,5,47,2025-07-23,7.91,Preparation Error,2351.33
2309,5,59,2025-07-09,4.4,Expired,375.45
2310,5,64,2025-07-08,10.07,Preparation Error,859.68
2311,5,61,2025-07-10,3.26,Storage Issue,737.05
2312,5,1,2025-07-23,9.82,Storage Issue,1740.69
2313,5,48,2025-07-20,11.74,Spoilage,3886.06
2314,5,45,2025-07-07,10.76,Storage Issue,1038.34
2315,5,54,2025-08-16,2.32,Quality Issue,649.07
2316,5,51,2025-08-14,1.24,Expired,219.7
2317,5,26,2025-08-14,2.33,Preparation Error,615.56
2318,5,23,2025-08-11,4.25,Quality Issue,1332.42
2319,5,18,2025-08-08,14.44,Expired,720.56
2320,5,2,2025-08-01,12.75,Storage Issue,1224.25
2321,5,19,2025-08-08,8.74,Expired,2570.43
2322,5,43,2025-08-17,9.41,Expired,1045.07
2323,5,7,2025-08-24,8.94,Expired,2970.05
2324,5,37,2025-08-21,4.52,Storage Issue,929.27
2325,5,38,2025-08-18,12.68,OVERPRODUCTION,3505.89
2326,5,15,2025-08-09,2.53,Overproduction,178.95
2327,5,41,2025-08-08,13.75,Expired,1828.06
2328,5,55,2025-08-17,11.17,Preparation Error,1621.66
2329,5,52,2025-09-02,7.02,Quality Issue,2012.98
2330,5,62,2025-09-13,7.15,Expired,691.62
2331,5,6,2025-09-10,3.37,Spoilage,546.78
2332,5,15,2025-09-21,2.17,Expired,666.6
2333,5,10,2025-09-06,12.01,Preparation Error,2586.35
2334,5,37,2025-09-04,10.17,Overproduction,3411.12
2335,5,32,2025-09-17,8.81,Expired,1702.44
2336,5,53,2025-09-14,5.69,Expired,144.01
2337,5,64,2025-09-19,5.05,Quality Issue,1477.48
2338,5,11,2025-09-08,11.44,Overproduction,2681.08
2339,5,28,2025-09-04,8.94,Expired,2569.89
2340,5,13,2025-09-13,14.2,Quality Issue,2912.56
2341,5,1,2025-09-13,2.84,Spoilage,491.55
2342,5,51,2025-09-27,4.78,Storage Issue,1618.89
2343,5,38,2025-10-20,9.92,Expired,2945.94
2344,5,25,2025-10-13,10.85,Quality Issue,1093.14
2345,5,57,2025-10-13,11.58,Storage Issue,3046.35
2346,5,5,2025-10-02,8.81,Expired,923.82
2347,5,22,2025-10-26,4.7,Storage Issue,318.71
2348,5,14,2025-10-26,4.48,Preparation Error,430.8
2349,5,13,2025-10-23,12.1,Preparation Error,863.21
2350,5,16,2025-10-19,8.58,Overproduction,760.53
2351,5,8,2025-10-17,4.42,Overproduction,460.52
2352,5,60,2025-10-20,1.76,Overproduction,585.18
2353,5,30,2025-10-21,8.43,Overproduction,595.58
2354,5,61,2025-10-25,14.0,Spoilage,4810.82
2355,5,37,2025-10-23,13.12,Overproduction,2321.32
2356,5,64,2025-10-06,5.78,Quality Issue,1995.72
2357,5,43,2025-11-09,12.16,Overproduction,807.67
2358,5,12,2025-11-09,12.97,Expired,625.28
2359,5,45,2025-11-28,6.4,Preparation Error,1254.4
2360,5,7,2025-11-10,8.08,Expired,2272.98
2361,5,14,2025-11-07,11.23,Spoilage,2150.43
2362,5,58,2025-11-10,1.29,Preparation Error,416.99
2363,5,50,2025-11-21,9.8,Preparation Error,1204.52
2364,5,27,2025-11-10,1.21,Storage Issue,202.42
2365,5,57,2025-11-09,14.29,Spoilage,2646.94
2366,5,60,2025-11-17,11.38,Expired,2386.16
2367,5,26,2025-11-10,14.17,Quality Issue,4813.97
2368,5,65,2025-11-24,1.88,Expired,400.67
2369,5,4,2025-11-28,10.26,Expired,492.07
2370,5,1,2025-11-25,9.6,Overproduction,1592.64
2371,5,11,2025-12-01,3.1,Spoilage,268.96
2372,5,14,2025-12-01,5.8,Expired,613.41
2373,5,64,2025-12-05,12.21,Preparation Error,1375.33
2374,5,49,2025-12-22,1.17,Preparation Error,371.18
2375,5,28,2025-12-05,13.05,Expired,3074.58
2376,5,34,2025-12-22,3.81,Spoilage,743.79
2377,5,63,2025-12-19,2.05,Expired,495.3
2378,5,45,2025-12-15,10.6,Expired,3371.75
2379,5,61,2025-12-08,13.2,Preparation Error,1944.62
2380,5,57,2025-12-23,14.77,Storage Issue,2868.04
2381,5,65,2025-12-11,8.68,Expired,1785.82
2382,5,53,2025-12-22,12.84,Preparation Error,550.84
2383,5,43,2025-12-07,4.02,Spoilage,1001.7
2384,5,37,2025-12-09,4.79,Expired,501.37
2385,5,13,2026-01-13,11.75,Expired,2177.04
2386,5,64,2026-01-08,6.85,Expired,172.96
2387,5,59,2026-01-15,10.67,Quality Issue,2923.47
2388,5,15,2026-01-21,4.35,Quality Issue,521.83
2389,5,38,2026-01-09,11.15,Overproduction,3795.01
2390,5,18,2026-01-27,13.51,Expired,4302.93
2391,5,25,2026-01-07,14.56,Overproduction,3748.76
2392,5,31,2026-01-06,3.97,Quality Issue,1076.66
2393,5,10,2026-01-01,12.5,Storage Issue,1978.12
2394,5,41,2026-01-10,14.96,Spoilage,890.57
2395,5,17,2026-01-10,11.19,Quality Issue,1159.51
2396,5,33,2026-01-13,6.12,Quality Issue,1778.84
2397,5,27,2026-01-03,8.31,Spoilage,698.29
2398,5,52,2026-01-01,6.16,Expired,1232.99
2399,5,16,2026-02-16,6.08,Quality Issue,1236.31
2400,5,44,2026-02-25,5.58,Preparation Error,995.42
2401,5,57,2026-02-05,4.8,Storage Issue,123.65
2402,5,11,2026-02-04,3.11,Quality Issue,768.42
2403,5,42,2026-02-07,2.84,Quality Issue,496.97
2404,5,60,2026-02-22,13.58,Spoilage,2592.15
2405,5,47,2026-02-25,7.02,quality issue,358.3
2406,5,19,2026-02-16,14.85,Preparation Error,1967.33
2407,5,56,2026-02-13,9.8,Overproduction,1788.21
2408,5,62,2026-02-22,4.1,Expired,1080.64
2409,5,61,2026-02-07,9.99,Expired,573.93
2410,5,4,2026-02-07,14.82,Expired,905.21
2411,5,46,2026-02-24,7.97,Storage Issue,2057.06
2412,5,1,2026-02-09,8.35,Spoilage,619.65
2413,5,40,2026-03-18,5.36,Expired,747.08
2414,5,37,2026-03-22,8.92,Overproduction,317.02
2415,5,60,2026-03-07,1.56,Spoilage,495.3
2416,5,51,2026-03-08,6.71,Expired,1615.37
2417,5,57,2026-03-07,5.29,Quality Issue,974.47
2418,5,45,2026-03-20,1.91,Spoilage,495.01
2419,5,14,2026-03-26,2.69,Storage Issue,511.66
2420,5,13,2026-03-13,11.54,Quality Issue,940.16
2421,5,64,2026-03-11,14.37,Quality Issue,2494.2
2422,5,25,2026-03-05,1.23,Overproduction,130.27
2423,5,28,2026-03-28,2.9,Overproduction,116.26
2424,5,61,2026-03-22,1.45,Expired,500.54
2425,5,6,2026-03-25,10.96,Overproduction,430.73
2426,5,55,2026-03-14,3.94,Spoilage,1160.92
2427,5,31,2026-04-20,8.39,Expired,1258.33
2428,5,45,2026-04-26,11.05,Quality Issue,2469.34
2429,5,10,2026-04-21,5.56,Preparation Error,516.64
2430,5,21,2026-04-11,3.16,Expired,578.94
2431,5,63,2026-04-12,12.07,Overproduction,961.62
2432,5,4,2026-04-19,7.92,Preparation Error,2301.39
2433,5,8,2026-04-22,1.75,Quality Issue,400.64
2434,5,7,2026-04-26,6.3,Overproduction,1729.79
2435,5,30,2026-04-25,6.94,Preparation Error,1381.27
2436,5,38,2026-04-09,6.47,Expired,1052.28
2437,5,6,2026-04-11,9.23,Storage Issue,2693.5
2438,5,11,2026-04-12,9.8,Quality Issue,2221.56
2439,5,65,2026-04-18,2.11,Preparation Error,199.52
2440,5,24,2026-04-09,2.53,Expired,574.06
2441,5,19,2026-05-18,6.9,Overproduction,2237.81
2442,5,14,2026-05-17,4.15,Preparation Error,941.14
2443,5,6,2026-05-18,12.84,Expired,4243.88
2444,5,37,2026-05-01,5.49,Overproduction,1373.98
2445,5,17,2026-05-22,4.53,Quality Issue,1325.03
2446,5,1,2026-05-03,8.43,Quality Issue,213.7
2447,5,15,2026-05-04,6.7,Quality Issue,477.78
2448,5,57,2026-05-15,10.74,Storage Issue,2554.29
2449,5,65,2026-05-05,9.09,Spoilage,1614.93
2450,5,56,2026-05-27,50.33,Expired,220.23
2451,5,4,2026-05-03,6.83,Spoilage,521.61
2452,5,43,2026-05-24,5.29,Expired,689.87
2453,5,48,2026-05-17,8.76,Spoilage,2481.45
2454,5,60,2026-05-10,1.92,Expired,396.79
2455,5,60,2026-06-02,7.34,Overproduction,1840.8
2456,5,46,2026-06-17,3.16,Overproduction,538.78
2457,5,16,2026-06-20,3.28,Overproduction,709.69
2458,5,20,2026-06-17,10.05,Quality Issue,1263.39
2459,5,25,2026-06-23,11.94,Expired,4075.0
2460,5,4,2026-06-11,1.82,Quality Issue,373.59
2461,5,23,2026-06-01,3.92,Spoilage,992.0
2462,5,34,2026-06-24,8.58,Expired,934.79
2463,5,12,2026-06-22,14.6,Expired,3823.16
2464,5,47,2026-06-02,12.6,Overproduction,1038.87
2465,5,56,2026-06-01,13.58,Preparation Error,4676.95
2466,5,13,2026-06-24,4.07,Expired,1326.54
2467,5,6,2026-06-07,6.89,Spoilage,1265.21
2468,5,39,2026-06-27,7.61,Expired,2464.8
2469,5,18,2026-07-05,8.12,Spoilage,1387.46
2470,5,64,2026-07-20,14.78,Storage Issue,4630.72
2471,5,34,2026-07-17,3.49,Storage Issue,1020.51
2472,5,3,2026-07-23,5.05,Quality Issue,1142.01
2473,5,21,2026-07-16,9.96,Expired,1943.89
2474,5,14,2026-07-12,14.85,Quality Issue,3593.11
2475,5,35,2026-07-06,5.58,Storage Issue,1699.33
2476,5,47,2026-07-09,11.31,Spoilage,3488.91
2477,5,17,2026-07-05,14.91,Preparation Error,5052.1
2478,5,31,2026-07-22,2.02,Overproduction,681.85
2479,5,13,2026-07-20,5.19,Spoilage,1507.38
2480,5,45,2026-07-11,13.36,Storage Issue,1112.35
2481,5,44,2026-07-01,10.51,Spoilage,3298.56
2482,5,28,2026-07-08,1.27,SPOILAGE,422.03
2483,5,25,2026-08-20,14.67,Expired,1604.75
2484,5,42,2026-08-17,5.38,Overproduction,902.28
2485,5,20,2026-08-06,3.59,Spoilage,246.96
2486,5,5,2026-08-24,5.07,Overproduction,907.33
2487,5,46,2026-08-18,10.85,Expired,3676.09
2488,5,33,2026-08-07,8.0,Expired,699.84
2489,5,14,2026-08-18,10.03,Preparation Error,1777.52
2490,5,26,2026-08-15,14.7,Expired,328.69
2491,5,40,2026-08-11,8.47,Preparation Error,2413.44
2492,5,47,2026-08-20,5.23,Expired,123.27
2493,5,8,2026-08-27,9.93,Overproduction,1086.54
2494,5,54,2026-08-05,2.91,Overproduction,351.18
2495,5,1,2026-08-09,13.45,Spoilage,538.13
2496,5,43,2026-08-09,6.01,Quality Issue,1477.2
2497,6,63,2024-01-02,7.56,Preparation Error,2226.5
2498,6,7,2024-01-28,6.39,Preparation Error,1680.7
2499,6,1,2024-01-17,1.79,Expired,285.45
2500,6,39,2024-01-15,7.67,Storage Issue,2299.24
2501,6,55,2024-01-14,1.52,Overproduction,262.53
2502,6,40,2024-01-07,12.28,Overproduction,1559.81
2503,6,38,2024-01-09,6.12,Spoilage,2050.02
2504,6,30,2024-01-08,4.86,Overproduction,711.46
2505,6,8,2024-01-06,6.67,Expired,1193.13
2506,6,10,2024-02-07,1.31,Spoilage,311.26
2507,6,21,2024-02-13,7.08,Storage Issue,171.69
2508,6,53,2024-02-16,3.0,Preparation Error,70.95
2509,6,32,2024-02-28,5.13,Expired,1179.39
2510,6,30,2024-02-16,7.52,Preparation Error,1030.92
2511,6,41,2024-02-07,6.89,Preparation Error,1517.45
2512,6,8,2024-02-17,12.01,Expired,3588.35
2513,6,27,2024-02-02,14.98,Expired,5018.45
2514,6,64,2024-02-12,7.04,Expired,880.42
2515,6,32,2024-03-18,8.01,Expired,1932.25
2516,6,2,2024-03-01,4.01,Expired,314.54
2517,6,9,2024-03-14,10.66,Expired,984.13
2518,6,44,2024-03-13,9.22,Preparation Error,2686.15
2519,6,55,2024-03-23,10.21,Overproduction,1648.0
2520,6,1,2024-03-08,11.81,Quality Issue,3018.16
2521,6,40,2024-03-19,12.59,Preparation Error,1757.94
2522,6,19,2024-03-07,11.99,Storage Issue,3663.42
2523,6,27,2024-03-05,9.28,Quality Issue,2745.58
2524,6,59,2024-04-14,10.04,Spoilage,973.88
2525,6,48,2024-04-03,6.03,Quality Issue,1992.85
2526,6,54,2024-04-03,1.85,Quality Issue,198.43
2527,6,9,2024-04-12,1.95,Preparation Error,565.81
2528,6,49,2024-04-16,2.0,Storage Issue,342.78
2529,6,31,2024-04-24,4.95,Storage Issue,702.45
2530,6,25,2024-04-21,11.67,Expired,1501.58
2531,6,53,2024-04-10,13.79,Spoilage,3610.5
2532,6,14,2024-04-25,4.04,Overproduction,1322.17
2533,6,4,2024-05-24,3.26,Preparation Error,351.4
2534,6,17,2024-05-26,6.52,Expired,489.78
2535,6,32,2024-05-02,11.79,Storage Issue,1216.49
2536,6,13,2024-05-21,4.1,Expired,442.18
2537,6,49,2024-05-17,5.4,Spoilage,231.34
2538,6,61,2024-05-13,3.53,Preparation Error,933.76
2539,6,55,2024-05-25,13.39,Expired,2022.16
2540,6,38,2024-05-07,5.25,Storage Issue,1055.72
2541,6,59,2024-05-01,2.12,Preparation Error,670.51
2542,6,42,2024-06-18,12.35,Overproduction,2177.43
2543,6,54,2024-06-26,10.64,Overproduction,2428.26
2544,6,63,2024-06-24,5.97,Spoilage,552.46
2545,6,50,2024-06-16,12.57,Spoilage,983.98
2546,6,17,2024-06-10,4.53,Expired,916.96
2547,6,22,2024-06-03,8.19,quality issue,2350.2
2548,6,64,2024-06-12,9.87,Spoilage,2488.92
2549,6,20,2024-06-27,3.55,Expired,776.07
2550,6,27,2024-06-14,13.33,Overproduction,3192.53
2551,6,44,2024-07-20,11.15,Quality Issue,2994.22
2552,6,28,2024-07-16,6.9,Expired,201.07
2553,6,8,2024-07-10,5.58,Overproduction,949.27
2554,6,61,2024-07-05,1.63,Quality Issue,331.22
2555,6,46,2024-07-04,2.51,Preparation Error,84.79
2556,6,1,2024-07-06,14.29,Expired,995.73
2557,6,25,2024-07-14,10.38,Preparation Error,453.29
2558,6,60,2024-07-14,5.4,Expired,1676.11
2559,6,14,2024-07-25,10.46,Expired,950.08
2560,6,53,2024-08-09,5.57,Spoilage,1029.39
2561,6,16,2024-08-02,9.66,Storage Issue,1199.68
2562,6,46,2024-08-09,11.98,Spoilage,3490.73
2563,6,8,2024-08-17,13.21,Storage Issue,1522.45
2564,6,14,2024-08-18,2.11,Overproduction,337.03
2565,6,34,2024-08-22,3.62,Overproduction,315.12
2566,6,33,2024-08-19,9.37,Spoilage,362.53
2567,6,47,2024-08-10,5.7,Overproduction,1071.83
2568,6,35,2024-08-11,6.19,Preparation Error,133.52
2569,6,40,2024-09-01,9.18,Preparation Error,210.22
2570,6,42,2024-09-12,14.73,Quality Issue,3290.98
2571,6,54,2024-09-27,12.07,Storage Issue,4163.55
2572,6,62,2024-09-01,6.97,Quality Issue,773.88
2573,6,44,2024-09-26,9.63,Preparation Error,698.75
2574,6,56,2024-09-17,13.3,Storage Issue,697.59
2575,6,52,2024-09-26,11.83,Overproduction,643.55
2576,6,30,2024-09-15,13.42,Spoilage,1291.0
2577,6,41,2024-09-09,13.18,Quality Issue,3112.33
2578,6,51,2024-10-26,6.62,Quality Issue,1565.5
2579,6,10,2024-10-22,1.32,Expired,443.28
2580,6,47,2024-10-04,9.76,Expired,1987.72
2581,6,63,2024-10-10,11.92,Expired,3992.6
2582,6,58,2024-10-12,7.02,Overproduction,1453.63
2583,6,42,2024-10-01,14.95,Spoilage,1739.88
2584,6,34,2024-10-04,6.27,Preparation Error,701.74
2585,6,50,2024-10-23,8.85,Expired,690.03
2586,6,4,2024-10-18,14.41,Quality Issue,537.49
2587,6,24,2024-11-06,1.45,Preparation Error,104.66
2588,6,60,2024-11-17,7.18,Preparation Error,965.78
2589,6,39,2024-11-15,11.27,Preparation Error,286.93
2590,6,10,2024-11-04,4.26,Quality Issue,500.42
2591,6,9,2024-11-03,3.51,Expired,912.64
2592,6,14,2024-11-09,4.27,Preparation Error,1014.72
2593,6,29,2024-11-27,8.23,Overproduction,2183.09
2594,6,34,2024-11-24,2.23,Quality Issue,203.44
2595,6,28,2024-11-05,5.26,Preparation Error,1282.55
2596,6,21,2024-12-03,6.05,Quality Issue,1194.51
2597,6,31,2024-12-25,9.59,Overproduction,1990.21
2598,6,43,2024-12-12,2.16,Quality Issue,222.16
2599,6,18,2024-12-01,14.99,Storage Issue,3643.92
2600,6,56,2024-12-23,7.54,Preparation Error,2489.56
2601,6,52,2024-12-19,9.42,Spoilage,2555.74
2602,6,10,2024-12-28,6.62,Overproduction,192.38
2603,6,29,2024-12-20,11.0,Expired,463.21
2604,6,13,2024-12-20,11.51,Preparation Error,2842.05
2605,6,45,2025-01-02,12.19,Preparation Error,2614.39
2606,6,42,2025-01-05,2.04,Spoilage,368.61
2607,6,33,2025-01-18,14.37,Preparation Error,4267.75
2608,6,32,2025-01-16,3.47,Overproduction,708.75
2609,6,35,2025-01-01,1.37,Expired,184.39
2610,6,10,2025-01-15,3.56,Overproduction,982.24
2611,6,26,2025-01-11,34.02,Preparation Error,747.23
2612,6,61,2025-01-02,6.38,Overproduction,486.99
2613,6,27,2025-01-20,1.84,Preparation Error,235.65
2614,6,58,2025-02-26,3.18,Expired,926.84
2615,6,17,2025-02-10,11.92,Quality Issue,1138.6
2616,6,50,2025-02-17,8.85,Spoilage,274.62
2617,6,5,2025-02-18,14.16,Storage Issue,4763.14
2618,6,23,2025-02-13,8.66,Spoilage,421.31
2619,6,24,2025-02-20,4.92,Storage Issue,443.88
2620,6,53,2025-02-15,9.63,Quality Issue,1439.4
2621,6,22,2025-02-08,12.44,Preparation Error,1597.92
2622,6,7,2025-02-21,6.12,Overproduction,2002.46
2623,6,28,2025-03-23,6.91,Storage Issue,2212.79
2624,6,16,2025-03-17,3.21,Quality Issue,456.94
2625,6,23,2025-03-13,10.98,Preparation Error,3070.12
2626,6,6,2025-03-14,9.54,Quality Issue,2423.06
2627,6,49,2025-03-03,2.87,Quality Issue,805.72
2628,6,38,2025-03-08,10.54,Overproduction,2503.57
2629,6,65,2025-03-22,13.65,Quality Issue,2578.21
2630,6,50,2025-03-17,6.55,Spoilage,741.2
2631,6,58,2025-03-18,8.68,Quality Issue,2839.14
2632,6,59,2025-04-21,14.94,Expired,851.73
2633,6,41,2025-04-26,13.66,Expired,1036.52
2634,6,32,2025-04-19,2.27,Storage Issue,176.02
2635,6,6,2025-04-22,1.71,Overproduction,494.72
2636,6,51,2025-04-06,9.81,Spoilage,3283.01
2637,6,29,2025-04-25,2.87,Spoilage,689.63
2638,6,17,2025-04-03,5.68,Spoilage,732.89
2639,6,65,2025-04-12,5.97,Expired,617.84
2640,6,21,2025-04-12,14.14,Spoilage,3226.32
2641,6,58,2025-05-13,1.82,Quality Issue,105.83
2642,6,54,2025-05-26,2.05,Expired,186.82
2643,6,38,2025-05-17,3.53,Preparation Error,597.24
2644,6,45,2025-05-28,4.46,Overproduction,873.76
2645,6,50,2025-05-01,7.76,Expired,2170.08
2646,6,1,2025-05-03,7.67,QUALITY ISSUE,2397.72
2647,6,41,2025-05-25,12.05,Quality Issue,1273.44
2648,6,34,2025-05-18,3.83,Quality Issue,444.28
2649,6,51,2025-05-20,12.39,Spoilage,1068.51
2650,6,63,2025-06-14,8.11,Storage Issue,1143.67
2651,6,52,2025-06-06,2.18,Spoilage,282.9
2652,6,9,2025-06-16,8.89,Spoilage,2334.87
2653,6,22,2025-06-06,12.93,Preparation Error,1217.62
2654,6,35,2025-06-28,14.09,Preparation Error,2108.99
2655,6,48,2025-06-04,13.93,Quality Issue,2986.03
2656,6,17,2025-06-04,13.41,Preparation Error,1591.23
2657,6,16,2025-06-27,12.18,Overproduction,827.87
2658,6,58,2025-06-22,11.59,Expired,3536.8
2659,6,37,2025-07-08,6.08,Storage Issue,1231.93
2660,6,57,2025-07-06,9.84,Overproduction,2360.52
2661,6,14,2025-07-10,6.48,Spoilage,1724.65
2662,6,51,2025-07-23,9.0,Storage Issue,2174.13
2663,6,6,2025-07-14,12.31,Preparation Error,1985.6
2664,6,21,2025-07-02,14.7,Spoilage,349.27
2665,6,50,2025-07-04,4.47,Quality Issue,1440.9
2666,6,64,2025-07-12,4.85,Storage Issue,1377.45
2667,6,18,2025-07-19,12.92,Spoilage,4351.46
2668,6,30,2025-08-25,8.09,Overproduction,1410.98
2669,6,13,2025-08-16,10.73,Spoilage,1418.51
2670,6,26,2025-08-25,1.36,Expired,401.43
2671,6,15,2025-08-20,10.22,Quality Issue,1997.5
2672,6,39,2025-08-19,4.97,Spoilage,944.95
2673,6,17,2025-08-22,2.52,Expired,838.81
2674,6,31,2025-08-10,4.78,Spoilage,244.83
2675,6,21,2025-08-23,14.99,Overproduction,4106.81
2676,6,5,2025-08-01,8.52,Expired,1518.43
2677,6,27,2025-09-01,3.31,Overproduction,251.56
2678,6,21,2025-09-01,5.13,Spoilage,569.69
2679,6,25,2025-09-11,3.24,Quality Issue,1072.5
2680,6,19,2025-09-06,4.37,Storage Issue,1190.61
2681,6,44,2025-09-25,6.98,Storage Issue,380.06
2682,6,43,2025-09-02,8.46,Storage Issue,407.26
2683,6,32,2025-09-10,6.99,Storage Issue,2301.53
2684,6,49,2025-09-18,12.45,Overproduction,2987.75
2685,6,46,2025-09-13,4.89,Storage Issue,1364.36
2686,6,64,2025-10-06,9.92,Quality Issue,1699.2
2687,6,61,2025-10-16,2.95,Spoilage,212.78
2688,6,19,2025-10-11,3.15,Overproduction,877.18
2689,6,27,2025-10-28,5.99,Preparation Error,2049.6
2690,6,33,2025-10-28,3.32,Quality Issue,1158.91
2691,6,60,2025-10-08,3.29,Storage Issue,762.39
2692,6,25,2025-10-15,3.66,Spoilage,783.46
2693,6,2,2025-10-21,9.14,Overproduction,2733.87
2694,6,16,2025-10-12,7.87,Expired,2723.26
2695,6,23,2025-11-17,9.99,Expired,3442.35
2696,6,32,2025-11-10,12.85,Quality Issue,1472.74
2697,6,29,2025-11-20,7.97,Storage Issue,451.5
2698,6,25,2025-11-14,3.62,Quality Issue,1119.34
2699,6,20,2025-11-28,1.35,Overproduction,332.46
2700,6,30,2025-11-23,11.21,Spoilage,3875.18
2701,6,51,2025-11-26,6.84,Spoilage,2385.11
2702,6,58,2025-11-10,4.39,Expired,129.55
2703,6,12,2025-11-16,8.96,Overproduction,578.64
2704,6,33,2025-12-14,2.36,Quality Issue,392.82
2705,6,51,2025-12-02,10.13,Expired,2164.98
2706,6,9,2025-12-21,4.97,Overproduction,174.75
2707,6,23,2025-12-14,7.48,Preparation Error,1151.47
2708,6,43,2025-12-20,4.89,Overproduction,1074.87
2709,6,13,2025-12-19,5.25,Expired,1789.15
2710,6,46,2025-12-01,10.01,Expired,2442.14
2711,6,47,2025-12-11,11.75,Expired,3325.13
2712,6,65,2025-12-24,11.83,Quality Issue,2417.22
2713,6,12,2026-01-28,10.37,Spoilage,633.92
2714,6,6,2026-01-22,12.92,Expired,1617.71
2715,6,29,2026-01-25,4.77,Expired,1510.33
2716,6,24,2026-01-10,14.91,Expired,3376.37
2717,6,3,2026-01-11,2.58,Quality Issue,635.82
2718,6,41,2026-01-10,11.34,Expired,2701.07
2719,6,62,2026-01-14,5.72,Overproduction,701.96
2720,6,11,2026-01-26,14.81,Storage Issue,3493.09
2721,6,54,2026-01-25,10.22,Storage Issue,806.46
2722,6,60,2026-02-16,2.27,Expired,659.64
2723,6,8,2026-02-27,5.67,Expired,375.86
2724,6,27,2026-02-02,1.65,Expired,129.34
2725,6,49,2026-02-19,4.33,Preparation Error,1428.29
2726,6,23,2026-02-05,2.57,Quality Issue,745.4
2727,6,38,2026-02-08,13.93,Spoilage,4007.66
2728,6,30,2026-02-14,9.9,Expired,2874.27
2729,6,39,2026-02-17,12.36,Expired,3761.64
2730,6,42,2026-02-02,5.03,Overproduction,1269.42
2731,6,35,2026-03-25,14.5,Spoilage,1058.21
2732,6,34,2026-03-02,14.05,Quality Issue,1440.27
2733,6,16,2026-03-26,3.51,Expired,197.75
2734,6,15,2026-03-10,2.6,Overproduction,255.89
2735,6,49,2026-03-11,8.06,Expired,1255.99
2736,6,45,2026-03-21,11.88,Overproduction,3634.92
2737,6,58,2026-03-08,14.18,Preparation Error,3465.02
2738,6,57,2026-03-17,3.21,Preparation Error,482.69
2739,6,25,2026-03-16,12.0,Expired,3637.56
2740,6,11,2026-04-10,14.62,Expired,4917.0
2741,6,14,2026-04-23,10.19,Expired,1661.58
2742,6,19,2026-04-02,2.38,Expired,450.08
2743,6,59,2026-04-03,2.56,Preparation Error,688.56
2744,6,26,2026-04-01,8.25,Spoilage,2174.29
2745,6,65,2026-04-03,13.23,Preparation Error,1585.62
2746,6,43,2026-04-25,9.55,Storage Issue,1469.46
2747,6,9,2026-04-07,5.81,Quality Issue,1420.89
2748,6,39,2026-04-18,3.27,Expired,425.56
2749,6,47,2026-05-12,7.07,Quality Issue,2444.95
2750,6,33,2026-05-15,8.04,Expired,2087.26
2751,6,59,2026-05-27,8.07,Spoilage,1596.89
2752,6,9,2026-05-16,13.25,Quality Issue,3714.9
2753,6,40,2026-05-18,7.51,Preparation Error,2056.46
2754,6,24,2026-05-25,5.32,Preparation Error,209.61
2755,6,55,2026-05-07,11.8,Expired,2457.94
2756,6,17,2026-05-06,1.66,Overproduction,379.48
2757,6,38,2026-05-22,13.14,Preparation Error,588.41
2758,6,65,2026-06-19,9.73,Overproduction,2933.6
2759,6,9,2026-06-13,7.31,Quality Issue,1055.34
2760,6,30,2026-06-18,5.9,Expired,2063.53
2761,6,32,2026-06-09,9.8,Storage Issue,949.72
2762,6,38,2026-06-13,5.68,Expired,503.93
2763,6,22,2026-06-28,3.53,Storage Issue,255.54
2764,6,55,2026-06-01,1.43,Quality Issue,62.13
2765,6,5,2026-06-17,3.81,Expired,1305.76
2766,6,35,2026-06-17,1.06,Spoilage,256.75
2767,6,36,2026-07-24,1.29,Expired,46.4
2768,6,46,2026-07-25,10.23,Expired,574.82
2769,6,30,2026-07-02,9.2,Expired,2441.13
2770,6,27,2026-07-26,8.14,Expired,163.94
2771,6,49,2026-07-25,10.97,Overproduction,797.3
2772,6,41,2026-07-27,10.47,Storage Issue,282.48
2773,6,28,2026-07-04,9.42,Spoilage,1044.3
2774,6,51,2026-07-23,10.2,Quality Issue,1819.88
2775,6,45,2026-07-24,8.63,Quality Issue,2991.68
2776,6,39,2026-08-24,10.79,Preparation Error,1669.32
2777,6,30,2026-08-06,11.17,Spoilage,1488.07
2778,6,8,2026-08-03,1.59,Preparation Error,147.6
2779,6,49,2026-08-18,8.68,Expired,2100.39
2780,6,25,2026-08-26,12.2,Expired,1184.38
2781,6,14,2026-08-21,8.52,Spoilage,953.05
2782,6,55,2026-08-01,3.07,Spoilage,1045.86
2783,6,45,2026-08-12,10.95,Expired,2621.43
2784,6,12,2026-08-18,3.08,Spoilage,201.59
2785,7,49,2024-01-03,24.7,Expired,7868.19
2786,7,60,2024-01-28,27.89,Overproduction,3643.27
2787,7,27,2024-01-26,22.37,Preparation Error,1545.54
2788,7,26,2024-01-21,10.65,Storage Issue,969.36
2789,7,14,2024-01-20,29.8,Expired,3086.09
2790,7,11,2024-01-09,6.45,Preparation Error,1839.28
2791,7,51,2024-01-05,11.16,Expired,3069.22
2792,7,10,2024-01-16,20.12,Spoilage,6497.15
2793,7,37,2024-01-25,4.04,Quality Issue,879.95
2794,7,36,2024-01-28,15.59,Expired,3093.84
2795,7,61,2024-01-09,14.93,Expired,3247.28
2796,7,21,2024-01-25,9.06,Spoilage,1596.92
2797,7,28,2024-01-25,24.37,Expired,6040.35
2798,7,58,2024-01-26,3.78,EXPIRED,1049.37
2799,7,8,2024-01-09,21.48,Overproduction,5780.05
2800,7,22,2024-01-05,17.81,Preparation Error,2620.56
2801,7,32,2024-01-20,22.54,Quality Issue,994.92
2802,7,9,2024-01-15,16.15,Expired,2226.92
2803,7,62,2024-01-13,24.96,Storage Issue,7820.22
2804,7,57,2024-01-22,12.47,Expired,2244.6
2805,7,43,2024-01-24,8.06,Expired,1209.64
2806,7,46,2024-01-07,7.7,Preparation Error,2676.29
2807,7,48,2024-01-14,7.99,Spoilage,1881.72
2808,7,35,2024-01-11,15.87,Expired,5061.26
2809,7,54,2024-01-19,37.16,Spoilage,2027.08
2810,7,12,2024-01-22,31.11,Storage Issue,10172.04
2811,7,20,2024-01-07,25.17,Storage Issue,7112.79
2812,7,16,2024-01-20,4.81,Spoilage,1143.91
2813,7,23,2024-01-25,15.01,Expired,1697.03
2814,7,30,2024-01-28,21.61,Preparation Error,6463.33
2815,7,38,2024-01-23,33.0,Storage Issue,11055.99
2816,7,23,2024-02-20,28.46,Overproduction,9246.08
2817,7,5,2024-02-14,22.56,Expired,6191.37
2818,7,1,2024-02-05,17.4,Spoilage,4730.54
2819,7,64,2024-02-04,13.86,Expired,1550.24
2820,7,6,2024-02-26,18.07,Preparation Error,598.3
2821,7,17,2024-02-28,3.09,Expired,438.19
2822,7,60,2024-02-10,8.79,Preparation Error,2265.27
2823,7,22,2024-02-11,12.16,Storage Issue,1904.01
2824,7,42,2024-02-03,17.17,Overproduction,1459.79
2825,7,16,2024-02-21,26.88,Storage Issue,6553.08
2826,7,29,2024-02-15,30.29,Expired,4529.26
2827,7,36,2024-02-17,26.93,Storage Issue,3470.2
2828,7,56,2024-02-22,13.7,Preparation Error,3838.88
2829,7,61,2024-02-19,32.06,Preparation Error,4978.92
2830,7,30,2024-02-12,20.78,Expired,6425.59
2831,7,18,2024-02-05,9.19,Spoilage,1697.76
2832,7,3,2024-02-22,11.2,Expired,2142.0
2833,7,21,2024-02-11,17.22,Expired,4225.44
2834,7,7,2024-02-27,4.69,Expired,1487.48
2835,7,65,2024-02-19,28.74,Expired,3272.34
2836,7,8,2024-02-22,34.33,Preparation Error,6803.86
2837,7,62,2024-02-04,36.7,Expired,10165.9
2838,7,41,2024-02-17,21.2,Expired,1974.57
2839,7,59,2024-02-21,7.85,Expired,2725.6
2840,7,39,2024-02-08,36.75,Spoilage,1992.22
2841,7,4,2024-02-17,14.55,Expired,1294.66
2842,7,10,2024-02-27,8.26,Overproduction,1411.8
2843,7,52,2024-02-23,20.15,Expired,6632.37
2844,7,15,2024-02-24,14.85,Expired,3992.42
2845,7,28,2024-02-13,33.83,Quality Issue,8870.9
2846,7,53,2024-02-09,5.71,Overproduction,1554.49
2847,7,9,2024-03-16,33.74,Spoilage,2123.26
2848,7,30,2024-03-01,11.79,Expired,2337.49
2849,7,34,2024-03-16,27.62,Expired,2304.06
2850,7,46,2024-03-15,18.55,Spoilage,4226.8
2851,7,29,2024-03-16,37.08,Storage Issue,9738.69
2852,7,26,2024-03-02,20.02,Overproduction,1040.04
2853,7,36,2024-03-04,20.35,Expired,6777.57
2854,7,49,2024-03-27,15.27,Overproduction,4744.54
2855,7,45,2024-03-14,14.4,Storage Issue,1677.6
2856,7,48,2024-03-20,21.42,Quality Issue,4807.5
2857,7,50,2024-03-08,9.35,Quality Issue,2302.81
2858,7,42,2024-03-25,18.81,Overproduction,1174.12
2859,7,28,2024-03-03,32.58,Preparation Error,6180.43
2860,7,12,2024-03-06,34.16,Preparation Error,9873.95
2861,7,1,2024-03-15,36.47,Spoilage,1245.09
2862,7,19,2024-03-10,19.88,Expired,3142.43
2863,7,60,2024-03-21,12.52,Quality Issue,806.29
2864,7,25,2024-03-14,9.93,Overproduction,452.81
2865,7,16,2024-03-25,22.57,Expired,5822.16
2866,7,56,2024-03-11,4.69,Overproduction,1150.18
2867,7,57,2024-03-27,34.63,Expired,2018.93
2868,7,58,2024-03-21,20.06,Expired,4796.95
2869,7,6,2024-03-27,21.85,overproduction,5523.02
2870,7,15,2024-03-02,23.5,Spoilage,2880.87
2871,7,22,2024-03-28,8.11,Storage Issue,2787.33
2872,7,37,2024-03-17,32.45,Overproduction,6782.7
2873,7,11,2024-03-11,9.55,Expired,2467.24
2874,7,17,2024-03-02,23.93,Spoilage,4168.85
2875,7,54,2024-03-03,11.51,Expired,1446.35
2876,7,61,2024-03-04,36.26,Preparation Error,6681.27
2877,7,18,2024-03-02,34.22,Preparation Error,4853.08
2878,7,48,2024-04-04,21.99,Spoilage,1446.06
2879,7,25,2024-04-25,13.38,Spoilage,3550.25
2880,7,27,2024-04-08,33.12,Expired,8829.79
2881,7,20,2024-04-18,36.58,Overproduction,10711.36
2882,7,15,2024-04-15,20.57,Spoilage,1472.4
2883,7,57,2024-04-27,7.44,Quality Issue,689.02
2884,7,34,2024-04-21,2.75,Spoilage,873.76
2885,7,36,2024-04-10,12.94,Quality Issue,2127.59
2886,7,63,2024-04-16,20.43,Quality Issue,6888.79
2887,7,52,2024-04-01,35.72,Expired,3355.89
2888,7,42,2024-04-01,17.0,Expired,469.71
2889,7,62,2024-04-07,32.64,Storage Issue,10253.2
2890,7,23,2024-04-08,25.67,Overproduction,8705.21
2891,7,54,2024-04-06,17.1,Expired,4714.3
2892,7,53,2024-04-21,7.0,Spoilage,1327.55
2893,7,55,2024-04-09,55.51,Quality Issue,1498.69
2894,7,24,2024-04-02,17.52,Expired,1147.03
2895,7,32,2024-04-07,29.43,Expired,7728.02
2896,7,17,2024-04-02,29.83,Quality Issue,7141.6
2897,7,56,2024-04-26,36.01,Expired,3575.43
2898,7,58,2024-04-15,34.89,Expired,5088.01
2899,7,9,2024-04-02,10.73,Overproduction,1053.04
2900,7,31,2024-04-14,8.86,Expired,2730.83
2901,7,64,2024-04-20,14.36,Overproduction,4764.5
2902,7,43,2024-04-09,31.98,Preparation Error,3970.0
2903,7,50,2024-04-14,25.45,Spoilage,5558.28
2904,7,30,2024-04-24,30.03,Expired,10468.76
2905,7,38,2024-04-28,2.59,Quality Issue,754.49
2906,7,35,2024-04-19,11.8,Preparation Error,280.37
2907,7,37,2024-04-21,23.06,Expired,5612.34
2908,7,22,2024-04-08,24.71,Expired,3478.67
2909,7,16,2024-05-04,19.2,Spoilage,3520.9
2910,7,2,2024-05-20,20.3,Expired,4526.29
2911,7,6,2024-05-19,29.45,Spoilage,724.18
2912,7,32,2024-05-08,22.57,Expired,7606.54
2913,7,57,2024-05-20,37.17,Quality Issue,6851.92
2914,7,19,2024-05-23,33.58,Quality Issue,4623.63
2915,7,59,2024-05-27,20.25,Overproduction,4677.55
2916,7,14,2024-05-26,16.41,Preparation Error,1191.69
2917,7,7,2024-05-20,18.82,SPOILAGE,6130.99
2918,7,63,2024-05-14,13.77,Expired,1542.38
2919,7,58,2024-05-06,15.41,Preparation Error,2671.02
2920,7,62,2024-05-16,30.69,Spoilage,2794.32
2921,7,43,2024-05-11,14.11,Spoilage,1984.29
2922,7,20,2024-05-09,26.04,Expired,8077.87
2923,7,53,2024-05-02,11.96,Overproduction,991.84
2924,7,9,2024-05-04,35.66,Spoilage,6382.07
2925,7,11,2024-05-14,17.85,Preparation Error,4088.54
2926,7,34,2024-05-17,4.37,Expired,1471.12
2927,7,65,2024-05-06,14.32,Preparation Error,1258.87
2928,7,24,2024-05-04,33.7,Storage Issue,5822.01
2929,7,45,2024-05-07,15.42,quality issue,2470.59
2930,7,51,2024-05-10,7.7,Expired,2609.91
2931,7,47,2024-05-25,2.57,Preparation Error,140.6
2932,7,1,2024-05-23,2.92,Overproduction,764.81
2933,7,28,2024-05-23,12.42,Expired,1071.1
2934,7,61,2024-05-26,31.2,Overproduction,8742.55
2935,7,44,2024-05-27,28.02,Expired,8610.55
2936,7,49,2024-05-23,8.44,Preparation Error,1136.53
2937,7,21,2024-05-04,10.36,Storage Issue,1344.0
2938,7,22,2024-05-21,11.82,Expired,2250.53
2939,7,25,2024-05-08,35.31,Expired,8034.44
2940,7,45,2024-06-22,21.19,Spoilage,3841.54
2941,7,36,2024-06-09,28.73,Overproduction,6355.36
2942,7,35,2024-06-20,19.27,Expired,5846.52
2943,7,9,2024-06-06,10.92,Quality Issue,627.03
2944,7,52,2024-06-18,5.3,Preparation Error,1450.56
2945,7,62,2024-06-14,16.94,Storage Issue,2357.54
2946,7,2,2024-06-21,14.38,Expired,956.99
2947,7,18,2024-06-05,7.48,Expired,1608.72
2948,7,15,2024-06-08,17.34,Spoilage,568.41
2949,7,40,2024-06-07,26.62,Overproduction,4224.06
2950,7,38,2024-06-27,17.13,Spoilage,3396.02
2951,7,51,2024-06-16,22.37,Expired,1633.46
2952,7,33,2024-06-12,25.34,Expired,6399.36
2953,7,20,2024-06-10,19.36,Spoilage,2166.96
2954,7,61,2024-06-05,4.25,Preparation Error,703.63
2955,7,42,2024-06-08,9.32,Spoilage,2512.21
2956,7,57,2024-06-12,2.89,Spoilage,327.87
2957,7,65,2024-06-10,20.16,Spoilage,5970.38
2958,7,54,2024-06-06,25.43,Expired,6350.13
2959,7,47,2024-06-17,23.11,Expired,7082.75
2960,7,26,2024-06-24,15.25,Expired,3191.52
2961,7,34,2024-06-13,10.71,Spoilage,2169.74
2962,7,14,2024-06-22,14.93,Preparation Error,4532.45
2963,7,55,2024-06-03,3.91,Spoilage,1212.61
2964,7,24,2024-06-25,4.9,Expired,1323.25
2965,7,1,2024-06-14,16.86,Spoilage,4888.89
2966,7,23,2024-06-08,13.79,Expired,436.18
2967,7,6,2024-06-04,5.28,Expired,494.47
2968,7,37,2024-06-07,11.12,Spoilage,1675.45
2969,7,49,2024-06-02,32.76,Spoilage,4461.91
2970,7,44,2024-06-12,20.54,Expired,3323.37
2971,7,22,2024-07-13,26.31,Storage Issue,5445.12
2972,7,20,2024-07-09,4.21,Overproduction,196.44
2973,7,18,2024-07-15,17.13,Overproduction,4323.78
2974,7,64,2024-07-19,23.03,Spoilage,6253.34
2975,7,15,2024-07-11,3.23,Spoilage,909.31
2976,7,7,2024-07-03,21.46,Expired,6221.47
2977,7,30,2024-07-17,18.86,Overproduction,3469.49
2978,7,21,2024-07-26,4.44,Overproduction,220.53
2979,7,42,2024-07-03,18.67,Expired,5970.67
2980,7,59,2024-07-09,19.48,Overproduction,2914.99
2981,7,65,2024-07-26,19.45,Expired,3642.99
2982,7,38,2024-07-17,33.59,Expired,10574.13
2983,7,39,2024-07-23,21.41,Spoilage,1932.89
2984,7,24,2024-07-01,18.75,Expired,1010.44
2985,7,28,2024-07-11,27.92,Spoilage,2319.04
2986,7,57,2024-07-03,20.55,Expired,2548.41
2987,7,4,2024-07-25,14.23,Storage Issue,3687.7
2988,7,13,2024-07-17,30.07,Expired,2747.2
2989,7,60,2024-07-03,19.74,Preparation Error,1398.97
2990,7,19,2024-07-08,18.45,Expired,4499.77
2991,7,26,2024-07-09,24.56,Overproduction,4476.8
2992,7,14,2024-07-04,12.56,Expired,3531.5
2993,7,36,2024-07-06,27.61,Expired,5283.45
2994,7,12,2024-07-17,3.44,Expired,861.41
2995,7,35,2024-07-23,7.67,Spoilage,363.56
2996,7,47,2024-07-25,20.06,Spoilage,6152.2
2997,7,11,2024-07-02,25.4,Spoilage,1485.39
2998,7,49,2024-07-06,9.36,Expired,2933.52
2999,7,9,2024-07-18,20.53,Preparation Error,4619.46
3000,7,56,2024-07-23,31.24,Spoilage,8847.79
3001,7,43,2024-07-28,14.84,Overproduction,4304.64
3002,7,2,2024-08-21,7.99,Overproduction,731.48
3003,7,26,2024-08-10,21.86,Expired,2535.98
3004,7,59,2024-08-08,33.95,Spoilage,10740.76
3005,7,23,2024-08-04,11.84,Quality Issue,3082.66
3006,7,56,2024-08-03,3.47,Spoilage,478.65
3007,7,43,2024-08-10,14.5,Spoilage,2796.76
3008,7,19,2024-08-17,33.44,Preparation Error,4652.51
3009,7,49,2024-08-28,32.39,Spoilage,9512.94
3010,7,57,2024-08-14,21.94,Expired,1152.07
3011,7,8,2024-08-13,14.57,Expired,4825.58
3012,7,62,2024-08-15,21.01,Storage Issue,2126.84
3013,7,61,2024-08-23,31.02,Expired,1552.86
3014,7,13,2024-08-14,30.6,Spoilage,7256.48
3015,7,20,2024-08-21,19.05,Preparation Error,5097.21
3016,7,3,2024-08-28,32.58,Expired,7181.94
3017,7,40,2024-08-10,31.06,Storage Issue,1520.7
3018,7,1,2024-08-12,21.1,Storage Issue,1540.93
3019,7,32,2024-08-23,34.52,Expired,1007.29
3020,7,55,2024-08-02,36.98,Overproduction,6319.14
3021,7,24,2024-08-25,37.42,Overproduction,950.47
3022,7,16,2024-08-02,25.01,Expired,1013.66
3023,7,39,2024-08-15,24.91,Storage Issue,7629.93
3024,7,52,2024-08-04,31.6,Spoilage,4246.09
3025,7,25,2024-08-22,14.89,Spoilage,2128.53
3026,7,30,2024-08-21,21.5,Spoilage,2970.22
3027,7,27,2024-08-22,28.68,Spoilage,9282.28
3028,7,18,2024-08-05,9.83,Quality Issue,1930.42
3029,7,51,2024-08-26,9.56,Spoilage,1358.48
3030,7,33,2024-08-13,26.18,Preparation Error,5249.35
3031,7,45,2024-08-22,32.33,Preparation Error,3953.31
3032,7,38,2024-08-03,32.53,Storage Issue,10544.92
3033,7,44,2024-09-15,8.95,Spoilage,1585.4
3034,7,52,2024-09-05,27.79,Spoilage,4788.22
3035,7,64,2024-09-05,31.07,Preparation Error,4115.53
3036,7,29,2024-09-16,8.13,Expired,861.7
3037,7,5,2024-09-04,32.93,Quality Issue,9472.97
3038,7,7,2024-09-22,37.22,Spoilage,1545.0
3039,7,19,2024-09-18,21.54,Storage Issue,3873.32
3040,7,34,2024-09-13,6.32,Preparation Error,1434.13
3041,7,26,2024-09-12,24.54,Storage Issue,6883.47
3042,7,25,2024-09-16,27.58,Expired,8026.61
3043,7,3,2024-09-08,36.88,Overproduction,2304.63
3044,7,61,2024-09-02,34.42,Expired,7584.1
3045,7,21,2024-09-11,15.71,Storage Issue,2584.45
3046,7,56,2024-09-09,24.49,Overproduction,2339.28
3047,7,28,2024-09-19,33.16,Expired,8573.85
3048,7,32,2024-09-27,2.73,Spoilage,342.7
3049,7,54,2024-09-17,15.45,EXPIRED,727.69
3050,7,27,2024-09-24,18.3,SPOILAGE,4504.55
3051,7,46,2024-09-27,32.37,Quality Issue,1535.63
3052,7,17,2024-09-09,36.78,Expired,3545.96
3053,7,33,2024-09-06,19.41,Overproduction,3622.49
3054,7,48,2024-09-04,34.84,Quality Issue,10434.23
3055,7,15,2024-09-12,12.46,Overproduction,2744.81
3056,7,38,2024-09-14,25.24,Spoilage,4328.66
3057,7,40,2024-09-10,224.84,Preparation Error,1943.9
3058,7,62,2024-09-23,17.88,Quality Issue,2074.8
3059,7,43,2024-09-18,32.73,Expired,2784.01
3060,7,8,2024-09-23,29.81,Spoilage,3014.09
3061,7,11,2024-09-19,23.82,Expired,2047.81
3062,7,16,2024-09-08,33.75,Expired,789.41
3063,7,1,2024-09-26,36.84,Preparation Error,9960.8
3064,7,20,2024-10-14,34.08,Preparation Error,3873.19
3065,7,9,2024-10-26,35.72,Spoilage,2657.93
3066,7,6,2024-10-19,33.25,Expired,6046.85
3067,7,52,2024-10-13,32.37,Quality Issue,10066.1
3068,7,34,2024-10-08,24.35,Overproduction,8346.45
3069,7,11,2024-10-18,34.12,Quality Issue,2852.43
3070,7,12,2024-10-09,13.61,Expired,1698.12
3071,7,2,2024-10-13,35.76,Spoilage,4198.58
3072,7,58,2024-10-16,25.14,Storage Issue,6813.19
3073,7,15,2024-10-12,29.8,Expired,3472.3
3074,7,37,2024-10-18,3.38,Quality Issue,211.08
3075,7,35,2024-10-27,33.58,Expired,10443.04
3076,7,16,2024-10-22,36.49,Quality Issue,3847.14
3077,7,7,2024-10-26,21.87,Overproduction,3822.0
3078,7,24,2024-10-19,14.86,Spoilage,4869.32
3079,7,1,2024-10-11,21.56,Expired,1823.54
3080,7,47,2024-10-06,10.11,Quality Issue,1944.25
3081,7,39,2024-10-16,20.95,Storage Issue,1071.38
3082,7,19,2024-10-26,6.93,Spoilage,606.44
3083,7,32,2024-10-26,13.55,Spoilage,820.18
3084,7,51,2024-10-08,6.62,Quality Issue,390.65
3085,7,28,2024-10-06,21.4,Expired,3617.24
3086,7,63,2024-10-24,14.91,Spoilage,3369.96
3087,7,14,2024-10-15,21.24,Quality Issue,2533.51
3088,7,56,2024-10-03,26.67,Storage Issue,2191.47
3089,7,29,2024-10-13,21.42,Expired,4914.82
3090,7,18,2024-10-17,25.02,Storage Issue,832.67
3091,7,49,2024-10-17,25.42,Storage Issue,6576.66
3092,7,46,2024-10-17,16.9,Preparation Error,2063.83
3093,7,40,2024-10-20,21.24,Storage Issue,7100.32
3094,7,30,2024-10-27,11.9,Spoilage,3598.32
3095,7,61,2024-11-19,21.08,Storage Issue,6820.64
3096,7,35,2024-11-08,8.89,Expired,1796.4
3097,7,43,2024-11-07,35.95,Expired,9231.96
3098,7,38,2024-11-14,15.56,Spoilage,3911.63
3099,7,11,2024-11-19,4.01,Storage Issue,1272.21
3100,7,62,2024-11-21,11.42,Overproduction,1890.12
3101,7,57,2024-11-28,4.51,Quality Issue,1279.31
3102,7,2,2024-11-02,13.27,Expired,4583.72
3103,7,22,2024-11-26,17.83,Storage Issue,5350.6
3104,7,63,2024-11-14,8.64,Expired,2363.13
3105,7,10,2024-11-14,9.54,Expired,3136.47
3106,7,30,2024-11-05,7.29,Spoilage,1217.36
3107,7,6,2024-11-03,31.37,Expired,4324.04
3108,7,23,2024-11-17,35.19,Expired,2568.87
3109,7,52,2024-11-04,15.47,Overproduction,1592.64
3110,7,1,2024-11-24,5.49,Overproduction,1919.96
3111,7,16,2024-11-12,18.61,Preparation Error,6327.96
3112,7,65,2024-11-13,20.22,Overproduction,4166.94
3113,7,28,2024-11-24,19.85,Overproduction,2652.56
3114,7,20,2024-11-05,35.44,Expired,3381.33
3115,7,4,2024-11-07,25.54,Expired,1167.43
3116,7,25,2024-11-06,7.54,Spoilage,1795.05
3117,7,3,2024-11-17,7.18,Quality Issue,1794.86
3118,7,54,2024-11-08,20.26,Spoilage,4715.31
3119,7,46,2024-11-27,24.39,Storage Issue,6062.38
3120,7,13,2024-11-28,4.11,Expired,1421.44
3121,7,55,2024-11-21,37.11,Expired,6283.09
3122,7,21,2024-11-11,15.85,Storage Issue,3873.9
3123,7,27,2024-11-26,12.58,Preparation Error,272.23
3124,7,18,2024-11-07,12.8,Quality Issue,1001.73
3125,7,60,2024-11-05,2.99,Spoilage,445.51
3126,7,28,2024-12-10,9.97,Spoilage,3249.22
3127,7,14,2024-12-11,14.98,Overproduction,3567.19
3128,7,53,2024-12-27,26.02,Expired,8168.98
3129,7,9,2024-12-08,18.94,Spoilage,4692.95
3130,7,23,2024-12-14,16.27,Spoilage,1852.01
3131,7,26,2024-12-02,16.24,Spoilage,3195.71
3132,7,48,2024-12-12,24.86,Expired,7057.01
3133,7,38,2024-12-19,31.83,Spoilage,5345.21
3134,7,30,2024-12-08,32.86,Spoilage,7131.61
3135,7,24,2024-12-24,19.86,Storage Issue,5482.35
3136,7,56,2024-12-25,3.79,Overproduction,864.99
3137,7,20,2024-12-19,20.6,Expired,3253.15
3138,7,42,2024-12-05,20.58,Preparation Error,2022.6
3139,7,16,2024-12-13,35.48,Expired,6441.39
3140,7,36,2024-12-14,4.04,Spoilage,717.14
3141,7,2,2024-12-23,9.82,Expired,1221.22
3142,7,59,2024-12-16,33.62,Quality Issue,5925.52
3143,7,29,2024-12-07,22.41,Spoilage,3271.86
3144,7,31,2024-12-06,14.78,Overproduction,2909.74
3145,7,60,2024-12-27,6.4,Preparation Error,878.66
3146,7,39,2024-12-08,21.42,Expired,3759.0
3147,7,27,2024-12-02,24.17,Preparation Error,1014.66
3148,7,8,2024-12-23,27.2,Preparation Error,940.85
3149,7,15,2024-12-27,4.59,Preparation Error,838.46
3150,7,64,2024-12-12,10.38,Storage Issue,3041.96
3151,7,44,2024-12-05,36.51,Storage Issue,11386.37
3152,7,12,2024-12-06,26.88,Expired,4193.28
3153,7,1,2024-12-05,18.19,Expired,998.99
3154,7,49,2024-12-17,32.47,Spoilage,765.64
3155,7,21,2024-12-22,15.04,Spoilage,4867.85
3156,7,63,2024-12-10,22.73,Quality Issue,2101.84
3157,7,64,2025-01-23,9.95,Preparation Error,204.77
3158,7,44,2025-01-24,30.02,Storage Issue,1692.23
3159,7,26,2025-01-20,21.43,Preparation Error,2008.21
3160,7,23,2025-01-14,20.47,Preparation Error,6052.57
3161,7,55,2025-01-07,36.53,Quality Issue,10627.31
3162,7,21,2025-01-11,8.84,Expired,518.91
3163,7,12,2025-01-13,36.26,Overproduction,2912.04
3164,7,3,2025-01-26,10.22,Overproduction,3146.02
3165,7,43,2025-01-12,7.4,Overproduction,2083.17
3166,7,53,2025-01-14,21.68,Quality Issue,723.68
3167,7,63,2025-01-01,22.2,Preparation Error,5711.39
3168,7,19,2025-01-23,33.19,Spoilage,6193.59
3169,7,31,2025-01-15,22.02,Expired,3876.4
3170,7,7,2025-01-15,7.88,Expired,232.22
3171,7,4,2025-01-05,33.8,Spoilage,2179.42
3172,7,49,2025-01-28,35.87,Spoilage,3194.94
3173,7,65,2025-01-07,7.19,Preparation Error,459.58
3174,7,38,2025-01-02,17.54,Storage Issue,3554.48
3175,7,22,2025-01-13,27.16,Expired,1322.42
3176,7,16,2025-01-12,34.93,Overproduction,8173.97
3177,7,28,2025-01-15,33.69,Expired,7490.3
3178,7,25,2025-01-09,28.17,Overproduction,4975.39
3179,7,56,2025-01-04,33.74,Expired,8768.01
3180,7,36,2025-01-10,9.99,Expired,2779.22
3181,7,29,2025-01-25,11.07,Expired,2863.03
3182,7,13,2025-01-03,15.93,Overproduction,4945.95
3183,7,27,2025-01-08,36.33,Spoilage,11212.53
3184,7,62,2025-01-03,17.32,Expired,4769.06
3185,7,50,2025-01-17,15.11,Overproduction,783.91
3186,7,60,2025-01-18,18.89,Expired,4455.4
3187,7,61,2025-01-20,8.24,Expired,1669.84
3188,7,1,2025-02-19,7.75,Spoilage,2207.97
3189,7,28,2025-02-28,32.18,Quality Issue,9531.72
3190,7,4,2025-02-28,16.78,Preparation Error,4671.89
3191,7,49,2025-02-03,13.02,Spoilage,1916.54
3192,7,41,2025-02-25,18.06,Quality Issue,2884.9
3193,7,24,2025-02-20,31.88,Quality Issue,6843.36
3194,7,15,2025-02-18,3.3,Overproduction,377.02
3195,7,61,2025-02-17,5.27,Quality Issue,1774.04
3196,7,8,2025-02-19,36.98,Quality Issue,9432.49
3197,7,19,2025-02-13,19.08,Overproduction,4747.49
3198,7,59,2025-02-11,21.88,Spoilage,4661.75
3199,7,55,2025-02-14,16.71,Expired,1288.01
3200,7,11,2025-02-13,28.07,Spoilage,5064.39
3201,7,21,2025-02-27,13.67,Spoilage,1923.37
3202,7,14,2025-02-20,35.29,Expired,1168.8
3203,7,16,2025-02-25,4.33,Storage Issue,1265.23
3204,7,2,2025-02-13,27.19,Preparation Error,3498.81
3205,7,46,2025-02-24,29.45,Preparation Error,8461.87
3206,7,51,2025-02-12,21.98,Spoilage,5530.17
3207,7,29,2025-02-21,23.76,Overproduction,515.12
3208,7,32,2025-02-19,15.22,Spoilage,418.7
3209,7,33,2025-02-26,26.03,Expired,3186.07
3210,7,7,2025-02-01,27.62,Overproduction,6268.36
3211,7,12,2025-02-21,20.15,Expired,4641.75
3212,7,31,2025-02-08,17.23,Expired,5020.82
3213,7,62,2025-02-07,25.81,Preparation Error,8313.14
3214,7,22,2025-02-16,23.83,Storage Issue,976.08
3215,7,43,2025-02-14,9.64,Overproduction,3063.3
3216,7,39,2025-02-13,34.16,Overproduction,3551.62
3217,7,18,2025-02-03,8.39,Overproduction,717.6
3218,7,3,2025-02-22,15.47,Spoilage,2225.98
3219,7,16,2025-03-20,22.22,Quality Issue,1771.6
3220,7,24,2025-03-12,32.88,Preparation Error,7068.87
3221,7,22,2025-03-21,13.14,Expired,4381.27
3222,7,19,2025-03-04,23.47,Overproduction,1278.88
3223,7,7,2025-03-20,10.51,Expired,3150.69
3224,7,41,2025-03-20,6.86,Spoilage,1396.9
3225,7,39,2025-03-27,11.88,Overproduction,357.59
3226,7,52,2025-03-25,6.23,Expired,1023.53
3227,7,53,2025-03-08,19.32,Storage Issue,1918.09
3228,7,11,2025-03-23,13.15,Overproduction,1836.0
3229,7,21,2025-03-17,34.41,Storage Issue,10941.69
3230,7,54,2025-03-24,17.14,Preparation Error,1822.32
3231,7,4,2025-03-02,25.32,Expired,1414.38
3232,7,60,2025-03-18,34.56,Storage Issue,2657.32
3233,7,55,2025-03-15,19.1,Storage Issue,1476.62
3234,7,51,2025-03-14,14.52,Storage Issue,702.91
3235,7,45,2025-03-22,18.68,Storage Issue,4100.82
3236,7,61,2025-03-22,22.74,Expired,1753.71
3237,7,5,2025-03-21,32.42,Spoilage,8153.63
3238,7,47,2025-03-01,21.42,Spoilage,6707.46
3239,7,63,2025-03-28,36.54,Spoilage,11363.21
3240,7,23,2025-03-17,19.04,Preparation Error,1469.89
3241,7,33,2025-03-22,17.03,Expired,5641.02
3242,7,40,2025-03-10,34.94,Overproduction,9657.42
3243,7,13,2025-03-21,28.55,Expired,3069.7
3244,7,43,2025-03-06,5.51,Preparation Error,1100.95
3245,7,44,2025-03-25,30.52,Spoilage,1788.17
3246,7,32,2025-03-03,27.5,Spoilage,2356.47
3247,7,12,2025-03-27,8.01,Storage Issue,194.8
3248,7,29,2025-03-19,16.37,Storage Issue,1974.71
3249,7,15,2025-03-18,201.04,Expired,8713.07
3250,7,51,2025-04-20,25.13,Expired,5270.77
3251,7,43,2025-04-22,19.83,Overproduction,4599.17
3252,7,31,2025-04-03,28.86,Expired,1904.18
3253,7,55,2025-04-24,27.2,Preparation Error,3320.85
3254,7,41,2025-04-21,28.72,Preparation Error,9684.1
3255,7,62,2025-04-17,8.68,Expired,2954.76
3256,7,57,2025-04-01,19.13,Overproduction,3871.34
3257,7,28,2025-04-22,261.87,Spoilage,12283.2
3258,7,48,2025-04-14,8.25,Expired,1835.62
3259,7,36,2025-04-24,23.78,Storage Issue,4307.98
3260,7,24,2025-04-10,19.91,Overproduction,4298.97
3261,7,39,2025-04-02,28.66,Spoilage,8996.95
3262,7,53,2025-04-08,17.44,Storage Issue,1017.8
3263,7,7,2025-04-24,15.25,Spoilage,4169.05
3264,7,22,2025-04-08,22.58,Expired,5183.01
3265,7,40,2025-04-04,21.18,Overproduction,6993.21
3266,7,60,2025-04-15,12.13,Overproduction,3823.25
3267,7,30,2025-04-24,19.44,Preparation Error,4941.26
3268,7,1,2025-04-26,34.12,Overproduction,4620.87
3269,7,63,2025-04-20,10.56,Spoilage,1011.86
3270,7,46,2025-04-09,29.04,Expired,8827.87
3271,7,3,2025-04-25,34.94,Spoilage,2168.73
3272,7,26,2025-04-01,10.41,Spoilage,1519.03
3273,7,59,2025-04-26,22.24,Spoilage,3140.51
3274,7,9,2025-04-07,20.34,Spoilage,5281.28
3275,7,27,2025-04-12,28.82,Expired,3275.39
3276,7,33,2025-04-17,16.81,Expired,4715.88
3277,7,49,2025-04-24,20.31,Expired,846.32
3278,7,8,2025-04-03,13.72,Expired,1475.31
3279,7,13,2025-04-04,30.89,Expired,7243.09
3280,7,34,2025-04-13,24.77,Expired,5204.42
3281,7,62,2025-05-23,14.59,Overproduction,4951.99
3282,7,50,2025-05-11,9.47,Overproduction,3192.72
3283,7,64,2025-05-21,23.26,Spoilage,7310.15
3284,7,49,2025-05-06,19.79,Preparation Error,997.22
3285,7,11,2025-05-03,10.54,Expired,2346.52
3286,7,54,2025-05-05,28.93,Spoilage,7303.38
3287,7,52,2025-05-19,23.96,Expired,7552.91
3288,7,59,2025-05-25,23.67,Expired,2177.88
3289,7,28,2025-05-27,36.25,Preparation Error,3268.66
3290,7,24,2025-05-11,32.02,Expired,11098.13
3291,7,9,2025-05-25,28.55,Overproduction,1076.91
3292,7,32,2025-05-03,26.46,Spoilage,1649.78
3293,7,45,2025-05-27,34.6,Expired,9922.93
3294,7,15,2025-05-20,4.98,Spoilage,227.04
3295,7,39,2025-05-08,36.92,Overproduction,4058.62
3296,7,60,2025-05-26,20.81,Overproduction,2696.77
3297,7,43,2025-05-26,13.75,Quality Issue,2428.53
3298,7,4,2025-05-02,9.47,Quality Issue,3181.64
3299,7,2,2025-05-16,33.97,Overproduction,1489.92
3300,7,27,2025-05-17,36.6,Expired,7649.77
3301,7,10,2025-05-16,6.8,Expired,1964.72
3302,7,3,2025-05-13,32.01,Preparation Error,7889.82
3303,7,23,2025-05-09,221.62,Spoilage,2333.98
3304,7,55,2025-05-23,29.92,Spoilage,9036.44
3305,7,13,2025-05-07,19.52,Spoilage,3797.42
3306,7,65,2025-05-05,13.62,Spoilage,4312.91
3307,7,1,2025-05-25,30.69,Expired,3585.21
3308,7,58,2025-05-16,11.54,Expired,778.37
3309,7,16,2025-05-03,14.8,Expired,1265.84
3310,7,38,2025-05-24,6.75,Spoilage,870.48
3311,7,61,2025-05-01,14.83,Expired,3707.06
3312,7,15,2025-06-23,2.88,Quality Issue,419.01
3313,7,34,2025-06-22,23.84,Spoilage,2779.74
3314,7,52,2025-06-13,23.27,Spoilage,1633.79
3315,7,20,2025-06-22,18.7,Preparation Error,2388.55
3316,7,8,2025-06-21,14.37,Quality Issue,867.52
3317,7,12,2025-06-19,23.27,Preparation Error,3372.99
3318,7,48,2025-06-12,33.87,Preparation Error,6027.84
3319,7,24,2025-06-27,16.41,Spoilage,2763.94
3320,7,64,2025-06-11,34.96,Spoilage,1090.4
3321,7,40,2025-06-02,28.6,Overproduction,2076.65
3322,7,51,2025-06-14,10.62,Expired,2160.96
3323,7,36,2025-06-13,5.23,quality issue,1767.53
3324,7,37,2025-06-24,35.79,Expired,11432.04
3325,7,23,2025-06-07,23.72,Expired,6005.9
3326,7,55,2025-06-26,15.71,Overproduction,3863.09
3327,7,35,2025-06-17,8.93,Preparation Error,2615.69
3328,7,11,2025-06-03,29.77,Spoilage,4126.12
3329,7,45,2025-06-04,13.59,overproduction,2290.59
3330,7,58,2025-06-08,12.0,Expired,3006.48
3331,7,17,2025-06-28,37.22,Quality Issue,6378.76
3332,7,21,2025-06-02,12.56,Spoilage,3304.54
3333,7,27,2025-06-13,22.47,Storage Issue,5386.73
3334,7,18,2025-06-04,33.05,Expired,6299.0
3335,7,47,2025-06-16,2.7,Quality Issue,287.55
3336,7,19,2025-06-17,5.44,Spoilage,596.01
3337,7,61,2025-06-06,24.19,Storage Issue,6525.74
3338,7,53,2025-06-19,27.31,Overproduction,7954.31
3339,7,22,2025-06-01,13.36,Spoilage,3867.59
3340,7,25,2025-06-04,14.95,Expired,5090.77
3341,7,3,2025-06-25,18.72,Quality Issue,2186.68
3342,7,2,2025-06-20,5.87,Overproduction,1142.3
3343,7,48,2025-07-06,16.02,Storage Issue,1861.2
3344,7,55,2025-07-17,24.19,Overproduction,5458.72
3345,7,58,2025-07-15,34.96,Spoilage,11213.42
3346,7,8,2025-07-09,22.94,Spoilage,2436.0
3347,7,57,2025-07-16,3.37,Expired,1150.11
3348,7,50,2025-07-14,21.43,Storage Issue,707.4
3349,7,35,2025-07-22,6.99,Spoilage,1594.0
3350,7,56,2025-07-21,14.22,Quality Issue,3061.14
3351,7,34,2025-07-08,9.33,Expired,2453.32
3352,7,37,2025-07-07,12.44,Overproduction,4340.07
3353,7,36,2025-07-15,34.26,Spoilage,5645.36
3354,7,22,2025-07-09,11.71,Overproduction,4095.57
3355,7,60,2025-07-21,5.21,Expired,1611.45
3356,7,53,2025-07-08,9.3,Expired,1001.05
3357,7,40,2025-07-25,3.84,Spoilage,1304.1
3358,7,44,2025-07-10,5.1,Preparation Error,731.39
3359,7,9,2025-07-18,18.8,Expired,4552.42
3360,7,62,2025-07-01,12.46,Spoilage,4150.3
3361,7,15,2025-07-15,8.71,Spoilage,2922.99
3362,7,47,2025-07-09,13.97,Spoilage,3699.81
3363,7,42,2025-07-17,4.81,Expired,688.89
3364,7,4,2025-07-08,5.06,Overproduction,1642.12
3365,7,45,2025-07-17,37.32,Expired,11232.57
3366,7,10,2025-07-17,9.39,Spoilage,2116.98
3367,7,19,2025-07-25,17.16,Overproduction,624.8
3368,7,1,2025-07-23,8.61,Expired,1235.28
3369,7,43,2025-07-08,29.3,Spoilage,3485.24
3370,7,59,2025-07-21,28.93,Spoilage,3854.05
3371,7,17,2025-07-17,36.39,Overproduction,7744.16
3372,7,18,2025-07-24,7.79,Expired,2028.75
3373,7,12,2025-07-11,8.46,Spoilage,2431.15
3374,7,40,2025-08-10,26.17,Storage Issue,2104.07
3375,7,56,2025-08-26,7.0,Quality Issue,260.47
3376,7,50,2025-08-15,97.65,Overproduction,3293.04
3377,7,14,2025-08-05,28.16,Expired,6748.83
3378,7,61,2025-08-10,12.54,Expired,2280.27
3379,7,65,2025-08-19,35.64,Storage Issue,7363.94
3380,7,54,2025-08-09,21.45,Expired,6313.16
3381,7,31,2025-08-21,12.61,Expired,1426.57
3382,7,45,2025-08-27,30.68,Spoilage,10377.82
3383,7,38,2025-08-27,9.6,Spoilage,700.03
3384,7,9,2025-08-04,10.82,Spoilage,2373.26
3385,7,21,2025-08-12,18.88,Expired,3988.97
3386,7,10,2025-08-05,16.29,Expired,3803.55
3387,7,11,2025-08-15,33.84,Spoilage,919.77
3388,7,5,2025-08-07,25.62,Spoilage,1119.85
3389,7,16,2025-08-15,28.93,Expired,3080.18
3390,7,2,2025-08-16,14.28,Spoilage,1925.94
3391,7,1,2025-08-06,28.7,Preparation Error,4994.95
3392,7,55,2025-08-16,20.16,Spoilage,4815.22
3393,7,42,2025-08-01,16.75,Spoilage,3812.3
3394,7,60,2025-08-19,3.78,Preparation Error,942.28
3395,7,30,2025-08-28,29.33,Quality Issue,7668.62
3396,7,62,2025-08-11,24.06,Spoilage,4262.71
3397,7,25,2025-08-09,30.45,Quality Issue,1077.02
3398,7,63,2025-08-09,26.59,Quality Issue,1347.58
3399,7,7,2025-08-09,8.19,Expired,228.83
3400,7,18,2025-08-03,24.66,Expired,2538.5
3401,7,8,2025-08-22,7.94,Overproduction,1971.82
3402,7,4,2025-08-13,13.99,Storage Issue,2054.85
3403,7,58,2025-08-22,25.13,Expired,8678.14
3404,7,23,2025-08-09,3.98,Expired,259.1
3405,7,37,2025-09-01,30.79,Expired,5734.64
3406,7,43,2025-09-20,32.76,Storage Issue,8087.79
3407,7,55,2025-09-28,31.31,Spoilage,8479.06
3408,7,47,2025-09-09,23.51,Preparation Error,8019.26
3409,7,28,2025-09-09,9.33,Spoilage,2891.65
3410,7,51,2025-09-13,26.28,Spoilage,1559.98
3411,7,44,2025-09-26,27.79,Spoilage,2046.73
3412,7,26,2025-09-04,22.08,Spoilage,5707.68
3413,7,10,2025-09-23,33.8,Expired,2278.8
3414,7,36,2025-09-17,2.77,Quality Issue,708.26
3415,7,42,2025-09-13,11.34,Preparation Error,3648.64
3416,7,20,2025-09-13,33.9,Storage Issue,1820.09
3417,7,17,2025-09-26,17.48,Expired,3603.15
3418,7,25,2025-09-28,10.22,Spoilage,2298.58
3419,7,60,2025-09-23,33.84,Expired,6905.73
3420,7,54,2025-09-12,34.35,Storage Issue,1551.59
3421,7,46,2025-09-02,26.46,Storage Issue,8870.19
3422,7,63,2025-09-17,34.33,Overproduction,4553.19
3423,7,33,2025-09-17,3.5,QUALITY ISSUE,889.07
3424,7,38,2025-09-02,20.36,Expired,5709.96
3425,7,12,2025-09-21,4.52,Quality Issue,252.26
3426,7,48,2025-09-12,35.71,Preparation Error,8914.29
3427,7,53,2025-09-16,20.99,Preparation Error,3233.72
3428,7,4,2025-09-06,34.87,Expired,9354.23
3429,7,56,2025-09-21,16.08,Expired,3388.54
3430,7,31,2025-09-25,34.34,Overproduction,1914.11
3431,7,2,2025-09-04,18.48,Overproduction,1341.09
3432,7,11,2025-09-08,24.61,Spoilage,6562.5
3433,7,52,2025-09-12,8.59,Overproduction,1160.25
3434,7,14,2025-09-10,32.42,Preparation Error,946.66
3435,7,41,2025-09-28,25.31,Preparation Error,2062.76
3436,7,25,2025-10-24,12.81,Spoilage,2392.65
3437,7,39,2025-10-11,11.54,Storage Issue,2459.52
3438,7,47,2025-10-23,27.1,Expired,982.1
3439,7,1,2025-10-05,32.86,Expired,870.13
3440,7,17,2025-10-28,7.77,Storage Issue,1078.63
3441,7,31,2025-10-06,7.5,Expired,1631.32
3442,7,37,2025-10-26,35.41,Spoilage,7682.91
3443,7,21,2025-10-02,18.23,Preparation Error,1554.84
3444,7,3,2025-10-11,7.22,Expired,1528.84
3445,7,12,2025-10-18,16.41,Preparation Error,4808.62
3446,7,44,2025-10-17,33.63,Quality Issue,6310.33
3447,7,50,2025-10-24,31.57,Overproduction,10434.52
3448,7,9,2025-10-19,5.83,Expired,1819.31
3449,7,16,2025-10-15,27.79,Storage Issue,8404.25
3450,7,63,2025-10-22,9.08,Spoilage,1252.86
3451,7,4,2025-10-18,22.24,Expired,4258.96
3452,7,22,2025-10-16,220.15,Overproduction,2393.66
3453,7,2,2025-10-26,12.59,Spoilage,1520.62
3454,7,10,2025-10-26,27.83,Expired,6541.16
3455,7,56,2025-10-21,26.78,Quality Issue,9129.03
3456,7,59,2025-10-10,23.3,Storage Issue,7965.11
3457,7,51,2025-10-25,10.81,Preparation Error,3760.91
3458,7,57,2025-10-03,7.52,Storage Issue,859.61
3459,7,41,2025-10-26,6.63,Preparation Error,185.04
3460,7,33,2025-10-27,27.08,Spoilage,1344.79
3461,7,27,2025-10-07,31.84,Preparation Error,8439.51
3462,7,65,2025-10-11,4.93,Expired,126.01
3463,7,15,2025-10-18,34.96,Expired,11445.9
3464,7,7,2025-10-14,28.08,Overproduction,1069.29
3465,7,23,2025-10-23,32.88,Expired,886.77
3466,7,34,2025-10-22,32.75,Overproduction,7565.58
3467,7,16,2025-11-05,16.64,Preparation Error,5012.3
3468,7,24,2025-11-15,26.97,Expired,3098.85
3469,7,56,2025-11-22,35.2,Expired,2813.89
3470,7,18,2025-11-23,9.68,Quality Issue,567.05
3471,7,32,2025-11-13,18.14,Spoilage,3217.85
3472,7,3,2025-11-02,34.64,Preparation Error,4783.09
3473,7,59,2025-11-12,18.97,Expired,1022.29
3474,7,33,2025-11-16,30.63,Preparation Error,4558.97
3475,7,52,2025-11-03,31.7,Preparation Error,2814.64
3476,7,4,2025-11-13,37.12,Preparation Error,12451.16
3477,7,2,2025-11-16,6.41,Expired,1618.78
3478,7,44,2025-11-25,31.57,Quality Issue,7132.61
3479,7,7,2025-11-19,30.58,Expired,733.61
3480,7,54,2025-11-15,222.6,Storage Issue,8823.86
3481,7,34,2025-11-11,22.33,Expired,1943.83
3482,7,55,2025-11-18,4.3,Preparation Error,144.95
3483,7,5,2025-11-11,30.64,Expired,5157.02
3484,7,23,2025-11-03,33.55,Storage Issue,10622.94
3485,7,49,2025-11-05,32.93,Preparation Error,1229.61
3486,7,11,2025-11-24,17.64,Expired,6160.77
3487,7,38,2025-11-23,31.55,expired,9042.55
3488,7,63,2025-11-18,36.75,Overproduction,12528.07
3489,7,50,2025-11-21,4.59,Expired,1236.22
3490,7,60,2025-11-07,19.76,Preparation Error,2173.4
3491,7,17,2025-11-17,29.29,Preparation Error,4368.31
3492,7,39,2025-11-02,26.28,Preparation Error,7560.76
3493,7,43,2025-11-17,36.47,Expired,8397.22
3494,7,30,2025-11-04,36.5,Preparation Error,4395.7
3495,7,22,2025-11-24,6.34,Expired,154.95
3496,7,31,2025-11-09,14.61,Preparation Error,2138.03
3497,7,13,2025-11-06,26.29,Expired,7809.44
3498,7,24,2025-12-11,24.22,Preparation Error,8434.37
3499,7,41,2025-12-27,14.23,Spoilage,387.34
3500,7,47,2025-12-09,3.77,Preparation Error,942.31
3501,7,44,2025-12-23,29.01,quality issue,4559.5
3502,7,52,2025-12-11,12.15,Expired,1700.64
3503,7,56,2025-12-17,15.08,Spoilage,1946.22
3504,7,26,2025-12-16,34.5,Expired,7962.94
3505,7,58,2025-12-17,3.84,Spoilage,1304.52
3506,7,61,2025-12-03,28.31,Overproduction,3196.48
3507,7,1,2025-12-13,11.08,Spoilage,2378.77
3508,7,32,2025-12-14,33.54,Expired,5341.92
3509,7,29,2025-12-08,16.9,Expired,2718.53
3510,7,60,2025-12-11,14.96,Preparation Error,3041.07
3511,7,5,2025-12-28,29.49,expired,2005.32
3512,7,46,2025-12-22,7.38,Overproduction,762.5
3513,7,50,2025-12-25,31.52,Expired,1745.89
3514,7,59,2025-12-05,6.05,Storage Issue,444.01
3515,7,39,2025-12-19,32.79,Preparation Error,4462.06
3516,7,31,2025-12-04,13.57,Expired,1842.81
3517,7,54,2025-12-09,17.55,Quality Issue,2556.86
3518,7,11,2025-12-04,6.84,Storage Issue,1226.28
3519,7,45,2025-12-26,9.67,Overproduction,1752.11
3520,7,48,2025-12-13,33.94,Expired,3586.44
3521,7,35,2025-12-02,11.07,Storage Issue,2966.32
3522,7,20,2025-12-20,144.55,Spoilage,1383.96
3523,7,65,2025-12-16,11.4,Spoilage,3494.33
3524,7,63,2025-12-19,8.59,Spoilage,2972.14
3525,7,40,2025-12-01,12.41,Spoilage,4039.83
3526,7,18,2025-12-18,34.49,Spoilage,5831.22
3527,7,49,2025-12-20,14.98,Overproduction,3392.52
3528,7,25,2025-12-17,36.9,Expired,11464.83
3529,7,11,2026-01-18,3.8,Overproduction,971.77
3530,7,59,2026-01-09,16.85,Preparation Error,4936.54
3531,7,18,2026-01-25,16.2,Storage Issue,3074.44
3532,7,53,2026-01-11,7.5,Expired,471.3
3533,7,65,2026-01-27,33.16,Overproduction,11345.69
3534,7,13,2026-01-19,4.21,Expired,801.29
3535,7,1,2026-01-11,11.95,Expired,1959.44
3536,7,37,2026-01-04,12.47,Quality Issue,1710.26
3537,7,27,2026-01-14,22.94,Spoilage,1832.45
3538,7,58,2026-01-01,15.14,Spoilage,1094.62
3539,7,57,2026-01-16,10.51,Expired,1443.02
3540,7,63,2026-01-15,26.62,Spoilage,7597.61
3541,7,22,2026-01-02,25.26,Overproduction,1143.77
3542,7,64,2026-01-24,19.67,Storage Issue,5928.14
3543,7,2,2026-01-20,29.24,Quality Issue,8627.26
3544,7,60,2026-01-12,30.17,Expired,9533.42
3545,7,9,2026-01-02,9.84,Overproduction,1251.84
3546,7,5,2026-01-03,19.29,Quality Issue,1636.76
3547,7,39,2026-01-25,32.85,Overproduction,9092.55
3548,7,28,2026-01-22,12.3,Overproduction,782.89
3549,7,16,2026-01-26,29.74,Preparation Error,3538.17
3550,7,52,2026-01-19,6.92,Overproduction,1009.9
3551,7,25,2026-01-26,35.98,Preparation Error,10699.37
3552,7,21,2026-01-22,33.63,Overproduction,1016.63
3553,7,43,2026-01-07,14.96,Quality Issue,2949.06
3554,7,55,2026-01-16,27.7,Expired,7934.66
3555,7,62,2026-01-11,5.19,Preparation Error,1280.89
3556,7,42,2026-01-20,26.15,Storage Issue,7084.56
3557,7,30,2026-01-20,10.33,Quality Issue,2800.67
3558,7,14,2026-01-02,10.8,Overproduction,661.72
3559,7,49,2026-01-06,27.68,Expired,4861.99
3560,7,12,2026-02-04,25.31,Spoilage,877.5
3561,7,52,2026-02-01,22.65,Spoilage,2995.01
3562,7,23,2026-02-20,9.61,Spoilage,265.43
3563,7,22,2026-02-23,171.92,Expired,6317.32
3564,7,55,2026-02-24,8.72,Spoilage,1307.39
3565,7,16,2026-02-01,29.48,Quality Issue,1792.97
3566,7,61,2026-02-11,19.83,Spoilage,1919.94
3567,7,28,2026-02-21,23.22,Spoilage,6407.79
3568,7,62,2026-02-25,36.65,Overproduction,12495.45
3569,7,38,2026-02-23,4.04,Quality Issue,1275.63
3570,7,7,2026-02-16,32.64,Expired,8705.41
3571,7,49,2026-02-14,19.84,Storage Issue,5254.82
3572,7,57,2026-02-22,29.44,Preparation Error,4982.13
3573,7,31,2026-02-27,9.2,Quality Issue,607.66
3574,7,35,2026-02-05,26.49,Spoilage,5857.73
3575,7,30,2026-02-25,14.22,Overproduction,1222.21
3576,7,19,2026-02-20,28.35,Expired,5054.52
3577,7,5,2026-02-01,28.3,Preparation Error,4391.59
3578,7,36,2026-02-18,37.11,Spoilage,8554.23
3579,7,54,2026-02-23,16.0,Expired,1141.44
3580,7,15,2026-02-15,10.58,Spoilage,1421.32
3581,7,3,2026-02-13,10.17,Expired,2068.17
3582,7,58,2026-02-01,29.82,Overproduction,2990.35
3583,7,39,2026-02-27,35.66,Preparation Error,12237.09
3584,7,33,2026-02-16,25.81,Expired,1474.01
3585,7,1,2026-02-17,6.48,Expired,1075.29
3586,7,13,2026-02-09,12.07,Preparation Error,3455.04
3587,7,48,2026-02-21,27.97,Quality Issue,8202.48
3588,7,27,2026-02-11,16.47,Expired,3010.06
3589,7,20,2026-02-24,9.06,Expired,825.46
3590,7,64,2026-02-14,32.17,Spoilage,1599.49
3591,7,30,2026-03-24,18.74,Preparation Error,5207.66
3592,7,42,2026-03-08,32.71,Storage Issue,10968.97
3593,7,40,2026-03-25,8.97,Expired,1619.53
3594,7,20,2026-03-15,28.78,Preparation Error,4705.24
3595,7,28,2026-03-09,27.8,Spoilage,5988.12
3596,7,60,2026-03-26,4.82,Preparation Error,425.85
3597,7,18,2026-03-02,35.71,Overproduction,8089.74
3598,7,12,2026-03-02,34.18,Expired,10742.43
3599,7,48,2026-03-20,3.87,Expired,1076.67
3600,7,3,2026-03-18,35.64,Overproduction,4104.66
3601,7,38,2026-03-05,22.12,Storage Issue,5946.52
3602,7,26,2026-03-27,28.51,Expired,1113.32
3603,7,49,2026-03-15,35.56,Expired,8354.11
3604,7,39,2026-03-02,10.05,Preparation Error,1774.13
3605,7,10,2026-03-15,29.27,Overproduction,1321.54
3606,7,34,2026-03-03,14.09,Preparation Error,1939.49
3607,7,63,2026-03-10,22.51,Expired,2867.32
3608,7,19,2026-03-21,11.99,Overproduction,3053.01
3609,7,47,2026-03-06,34.84,Expired,3790.24
3610,7,52,2026-03-28,25.56,Quality Issue,570.24
3611,7,61,2026-03-24,6.74,Preparation Error,1641.66
3612,7,35,2026-03-14,7.11,Overproduction,1579.84
3613,7,27,2026-03-16,15.23,Storage Issue,4416.85
3614,7,62,2026-03-14,23.83,Expired,1527.74
3615,7,58,2026-03-02,249.27,Quality Issue,11795.46
3616,7,44,2026-03-12,34.99,Expired,2469.24
3617,7,45,2026-03-11,19.16,Expired,1806.02
3618,7,33,2026-03-09,17.37,Spoilage,2544.36
3619,7,37,2026-03-27,15.46,Quality Issue,3886.03
3620,7,51,2026-03-14,21.08,Preparation Error,2374.87
3621,7,43,2026-03-13,14.27,Quality Issue,1347.66
3622,7,35,2026-04-17,36.38,Quality Issue,4638.45
3623,7,5,2026-04-04,26.17,Expired,5348.89
3624,7,34,2026-04-07,9.48,Spoilage,3249.84
3625,7,50,2026-04-28,5.66,Spoilage,1504.88
3626,7,28,2026-04-14,9.93,Quality Issue,542.77
3627,7,19,2026-04-20,29.51,Spoilage,6962.59
3628,7,37,2026-04-06,8.83,Expired,2942.6
3629,7,30,2026-04-19,26.11,Storage Issue,8906.38
3630,7,17,2026-04-20,13.96,Spoilage,2863.61
3631,7,54,2026-04-06,9.03,Expired,2771.94
3632,7,47,2026-04-05,32.19,Preparation Error,11170.25
3633,7,2,2026-04-01,8.0,Spoilage,949.44
3634,7,53,2026-04-26,17.64,Spoilage,4970.07
3635,7,7,2026-04-23,12.8,Overproduction,3193.09
3636,7,46,2026-04-22,9.77,Overproduction,2083.84
3637,7,9,2026-04-03,28.3,Expired,3258.18
3638,7,1,2026-04-11,9.25,Spoilage,1679.62
3639,7,27,2026-04-20,25.8,Spoilage,6123.37
3640,7,23,2026-04-27,27.54,Expired,6862.97
3641,7,57,2026-04-11,32.97,Expired,9351.28
3642,7,14,2026-04-06,19.53,Spoilage,493.72
3643,7,33,2026-04-12,27.04,Spoilage,1802.76
3644,7,22,2026-04-19,33.1,Preparation Error,3736.66
3645,7,32,2026-04-27,31.66,Storage Issue,5378.4
3646,7,29,2026-04-02,29.36,Spoilage,2951.85
3647,7,20,2026-04-17,31.59,Expired,6698.34
3648,7,15,2026-04-25,34.73,Quality Issue,1520.13
3649,7,26,2026-04-06,17.56,Expired,3211.55
3650,7,40,2026-04-28,13.08,Storage Issue,3431.01
3651,7,45,2026-04-03,30.66,Spoilage,2083.65
3652,7,4,2026-04-06,35.37,Spoilage,11840.11
3653,7,56,2026-05-17,10.87,Overproduction,2358.25
3654,7,9,2026-05-21,22.86,Quality Issue,2425.22
3655,7,63,2026-05-18,10.19,Quality Issue,3246.84
3656,7,44,2026-05-03,2.92,Expired,690.67
3657,7,62,2026-05-26,26.75,Expired,7307.57
3658,7,10,2026-05-11,16.37,Expired,1554.66
3659,7,61,2026-05-28,17.81,Overproduction,3202.95
3660,7,43,2026-05-21,5.35,Expired,652.86
3661,7,55,2026-05-22,29.21,Spoilage,4799.2
3662,7,24,2026-05-22,13.17,Expired,3882.52
3663,7,49,2026-05-05,34.54,Quality Issue,2621.93
3664,7,26,2026-05-05,35.41,Quality Issue,4986.44
3665,7,50,2026-05-22,8.76,Preparation Error,2787.52
3666,7,51,2026-05-08,34.36,Preparation Error,10630.3
3667,7,41,2026-05-06,36.99,Overproduction,9216.06
3668,7,23,2026-05-25,17.73,Overproduction,3493.16
3669,7,54,2026-05-28,21.24,Overproduction,5196.15
3670,7,31,2026-05-07,8.85,Preparation Error,2440.3
3671,7,19,2026-05-20,6.98,Spoilage,1649.16
3672,7,30,2026-05-28,36.59,Preparation Error,2727.05
3673,7,6,2026-05-16,2.52,Preparation Error,545.73
3674,7,35,2026-05-06,23.31,Expired,7554.07
3675,7,36,2026-05-15,15.36,Expired,3371.06
3676,7,2,2026-05-10,32.78,Spoilage,8539.19
3677,7,29,2026-05-26,3.42,Spoilage,730.31
3678,7,47,2026-05-12,20.71,Expired,6240.96
3679,7,17,2026-05-23,12.69,Preparation Error,853.4
3680,7,60,2026-05-25,11.0,Expired,664.07
3681,7,34,2026-05-18,8.31,Expired,379.43
3682,7,32,2026-05-13,9.83,Storage Issue,577.32
3683,7,11,2026-05-05,35.34,Preparation Error,11006.29
3684,7,44,2026-06-12,26.76,Spoilage,1485.72
3685,7,53,2026-06-23,19.55,Preparation Error,6783.46
3686,7,63,2026-06-15,16.98,Expired,4878.35
3687,7,55,2026-06-09,9.66,Quality Issue,833.46
3688,7,58,2026-06-19,6.43,Overproduction,769.48
3689,7,6,2026-06-06,26.48,Storage Issue,8996.05
3690,7,24,2026-06-15,7.38,Overproduction,2385.95
3691,7,29,2026-06-12,6.73,Spoilage,1132.46
3692,7,12,2026-06-03,10.29,Spoilage,3138.45
3693,7,31,2026-06-16,18.77,Overproduction,3720.59
3694,7,26,2026-06-03,31.82,Overproduction,11126.5
3695,7,65,2026-06-18,22.99,Preparation Error,5007.91
3696,7,41,2026-06-13,18.29,Expired,2795.81
3697,7,14,2026-06-08,25.69,Spoilage,5553.66
3698,7,49,2026-06-11,32.28,Spoilage,8326.95
3699,7,30,2026-06-17,18.64,Expired,5726.02
3700,7,20,2026-06-01,21.61,Spoilage,4330.0
3701,7,21,2026-06-06,19.92,Expired,5161.27
3702,7,23,2026-06-22,29.02,Spoilage,6130.18
3703,7,11,2026-06-21,35.68,Storage Issue,8536.08
3704,7,36,2026-06-17,35.66,Expired,1004.19
3705,7,51,2026-06-05,33.14,Expired,6606.13
3706,7,57,2026-06-09,19.68,Expired,5759.75
3707,7,25,2026-06-09,20.33,Preparation Error,1116.73
3708,7,17,2026-06-11,18.07,Spoilage,5919.01
3709,7,37,2026-06-25,20.63,Spoilage,4408.84
3710,7,27,2026-06-16,6.07,Quality Issue,1481.14
3711,7,8,2026-06-09,12.73,Storage Issue,2081.48
3712,7,60,2026-06-23,24.97,Storage Issue,4439.42
3713,7,45,2026-06-21,36.23,Expired,1506.81
3714,7,56,2026-06-26,16.93,EXPIRED,4775.95
3715,7,42,2026-07-01,15.69,Expired,2892.92
3716,7,7,2026-07-16,10.76,Spoilage,1467.77
3717,7,16,2026-07-24,30.22,Preparation Error,4556.87
3718,7,48,2026-07-18,20.57,Spoilage,5181.99
3719,7,24,2026-07-13,28.4,Storage Issue,4265.96
3720,7,59,2026-07-17,17.85,Expired,3986.08
3721,7,8,2026-07-18,26.08,Expired,4327.72
3722,7,63,2026-07-10,24.03,Quality Issue,1139.02
3723,7,50,2026-07-21,9.92,Spoilage,2138.95
3724,7,37,2026-07-10,3.9,Expired,1359.73
3725,7,40,2026-07-25,29.57,Preparation Error,6794.59
3726,7,11,2026-07-28,29.44,Storage Issue,7266.97
3727,7,6,2026-07-14,29.98,Spoilage,6765.59
3728,7,53,2026-07-04,3.03,Storage Issue,508.07
3729,7,56,2026-07-27,24.47,Preparation Error,6254.29
3730,7,60,2026-07-10,19.1,Expired,1209.6
3731,7,4,2026-07-22,36.93,Quality Issue,4377.31
3732,7,55,2026-07-24,6.84,Preparation Error,1571.42
3733,7,33,2026-07-14,31.74,Spoilage,8126.71
3734,7,9,2026-07-16,12.86,Expired,3276.21
3735,7,57,2026-07-27,37.48,Quality Issue,2745.41
3736,7,18,2026-07-08,9.89,Storage Issue,3392.57
3737,7,39,2026-07-17,17.72,Preparation Error,5605.9
3738,7,49,2026-07-07,4.16,Spoilage,569.92
3739,7,64,2026-07-24,4.94,Spoilage,1137.68
3740,7,2,2026-07-12,4.87,Expired,1502.15
3741,7,61,2026-07-04,7.26,Spoilage,1182.8
3742,7,29,2026-07-12,22.46,Storage Issue,6282.51
3743,7,62,2026-07-28,6.7,Spoilage,2216.03
3744,7,19,2026-07-17,6.09,Overproduction,919.04
3745,7,17,2026-07-21,16.24,Preparation Error,4915.85
3746,7,14,2026-08-08,5.76,Storage Issue,1810.02
3747,7,36,2026-08-21,16.58,Spoilage,4745.2
3748,7,63,2026-08-13,25.75,Spoilage,4440.85
3749,7,41,2026-08-06,12.98,Expired,2295.38
3750,7,47,2026-08-11,15.54,Storage Issue,4681.89
3751,7,25,2026-08-20,6.71,Spoilage,2198.8
3752,7,13,2026-08-11,14.48,Expired,959.01
3753,7,9,2026-08-11,37.21,Spoilage,1493.24
3754,7,55,2026-08-04,20.88,Preparation Error,1036.9
3755,7,28,2026-08-07,11.42,Expired,2116.81
3756,7,39,2026-08-10,72.73,Quality Issue,3627.98
3757,7,60,2026-08-18,32.73,Spoilage,4179.29
3758,7,50,2026-08-03,8.27,Overproduction,1606.12
3759,7,16,2026-08-28,34.9,Preparation Error,5159.27
3760,7,15,2026-08-24,21.19,Expired,3593.82
3761,7,56,2026-08-14,3.13,Expired,883.72
3762,7,37,2026-08-09,35.25,Expired,1946.5
3763,7,59,2026-08-15,31.38,Spoilage,4100.42
3764,7,27,2026-08-07,30.27,Spoilage,9400.65
3765,7,19,2026-08-07,31.93,Expired,3986.14
3766,7,49,2026-08-21,24.4,Spoilage,4965.4
3767,7,5,2026-08-27,18.44,Expired,3012.73
3768,7,22,2026-08-16,17.42,Expired,5573.01
3769,7,34,2026-08-04,30.79,Overproduction,7767.39
3770,7,32,2026-08-06,16.32,Expired,643.5
3771,7,40,2026-08-07,33.14,Overproduction,8764.2
3772,7,31,2026-08-19,6.11,Expired,1539.05
3773,7,12,2026-08-03,11.55,Expired,2494.57
3774,7,18,2026-08-04,26.18,Preparation Error,8254.82
3775,7,21,2026-08-15,11.3,Spoilage,1323.8
3776,7,30,2026-08-02,31.65,Quality Issue,9426.95
3777,8,37,2024-01-02,13.75,Preparation Error,4585.9
3778,8,15,2024-01-17,12.47,Storage Issue,1360.73
3779,8,50,2024-01-25,13.83,Overproduction,1097.96
3780,8,55,2024-01-12,5.78,Preparation Error,538.46
3781,8,53,2024-01-14,7.99,Overproduction,2050.07
3782,8,56,2024-01-27,1.46,Overproduction,231.31
3783,8,61,2024-01-24,14.31,Quality Issue,2892.91
3784,8,19,2024-01-22,6.24,Storage Issue,1693.04
3785,8,43,2024-01-25,14.44,Overproduction,3677.87
3786,8,41,2024-01-11,2.54,Quality Issue,580.31
3787,8,57,2024-01-01,8.25,Spoilage,641.35
3788,8,2,2024-01-28,6.82,Preparation Error,1709.5
3789,8,4,2024-01-25,6.12,Overproduction,907.53
3790,8,48,2024-01-20,3.51,Spoilage,401.16
3791,8,10,2024-01-06,4.9,Quality Issue,765.04
3792,8,20,2024-02-10,2.29,Expired,798.16
3793,8,1,2024-02-28,3.16,Overproduction,335.24
3794,8,40,2024-02-16,13.37,Expired,4249.12
3795,8,7,2024-02-28,7.07,Spoilage,503.95
3796,8,51,2024-02-16,1.58,Preparation Error,449.54
3797,8,35,2024-02-02,8.04,Preparation Error,1420.51
3798,8,44,2024-02-10,9.25,Quality Issue,1763.51
3799,8,33,2024-02-02,6.28,Spoilage,1109.61
3800,8,25,2024-02-08,12.75,Expired,4359.1
3801,8,8,2024-02-19,9.37,Expired,1426.11
3802,8,63,2024-02-28,4.0,Spoilage,337.84
3803,8,46,2024-02-11,14.54,quality issue,5080.28
3804,8,32,2024-02-18,1.22,Quality Issue,258.63
3805,8,14,2024-02-07,5.19,Expired,679.99
3806,8,60,2024-02-15,9.97,Expired,1912.94
3807,8,29,2024-03-07,4.15,Expired,622.42
3808,8,5,2024-03-08,14.02,Preparation Error,902.61
3809,8,10,2024-03-13,4.68,Expired,821.67
3810,8,15,2024-03-21,6.88,Preparation Error,923.02
3811,8,8,2024-03-27,2.0,Quality Issue,72.88
3812,8,31,2024-03-15,9.09,Overproduction,1245.88
3813,8,58,2024-03-22,11.3,Preparation Error,2941.5
3814,8,59,2024-03-20,8.75,Overproduction,1764.96
3815,8,51,2024-03-15,8.68,Overproduction,1523.69
3816,8,28,2024-03-22,1.27,Quality Issue,392.23
3817,8,33,2024-03-27,9.16,Storage Issue,1415.49
3818,8,40,2024-03-18,13.72,Quality Issue,3499.83
3819,8,38,2024-03-25,11.49,Quality Issue,1742.0
3820,8,64,2024-03-23,9.87,Storage Issue,2559.39
3821,8,1,2024-03-02,10.07,Expired,1947.84
3822,8,26,2024-04-10,6.53,Expired,758.66
3823,8,61,2024-04-21,8.85,Preparation Error,1682.56
3824,8,65,2024-04-03,5.97,Overproduction,1860.73
3825,8,21,2024-04-02,3.38,Storage Issue,485.13
3826,8,2,2024-04-16,12.82,Expired,2209.78
3827,8,62,2024-04-25,7.2,Quality Issue,354.24
3828,8,6,2024-04-08,2.32,Spoilage,184.6
3829,8,12,2024-04-12,2.82,Expired,631.34
3830,8,50,2024-04-05,13.76,Storage Issue,2754.2
3831,8,15,2024-04-05,9.96,Expired,1306.15
3832,8,23,2024-04-11,12.74,Expired,3988.26
3833,8,57,2024-04-01,8.12,Storage Issue,2357.56
3834,8,36,2024-04-25,13.61,Quality Issue,1645.59
3835,8,27,2024-04-18,2.75,Quality Issue,705.65
3836,8,14,2024-04-20,12.75,Expired,3460.61
3837,8,55,2024-05-16,8.66,Quality Issue,1346.54
3838,8,64,2024-05-27,14.25,Overproduction,296.69
3839,8,13,2024-05-07,2.27,Overproduction,100.2
3840,8,51,2024-05-19,2.14,Overproduction,531.6
3841,8,45,2024-05-09,4.72,Spoilage,690.54
3842,8,23,2024-05-18,1.4,Quality Issue,410.41
3843,8,38,2024-05-12,13.82,Quality Issue,825.33
3844,8,6,2024-05-11,14.49,Storage Issue,2790.34
3845,8,2,2024-05-28,9.81,Spoilage,2772.01
3846,8,1,2024-05-28,10.24,Expired,2199.45
3847,8,11,2024-05-14,8.79,Expired,1856.27
3848,8,21,2024-05-10,5.47,Overproduction,1733.94
3849,8,5,2024-05-03,11.73,Preparation Error,3662.46
3850,8,53,2024-05-01,4.82,Overproduction,425.9
3851,8,3,2024-05-11,9.28,Expired,2303.67
3852,8,36,2024-06-14,12.89,Storage Issue,3865.45
3853,8,8,2024-06-03,14.65,Spoilage,5052.35
3854,8,61,2024-06-12,5.19,Quality Issue,1233.3
3855,8,22,2024-06-27,14.99,Spoilage,984.54
3856,8,41,2024-06-25,1.71,Spoilage,550.62
3857,8,29,2024-06-04,8.05,Overproduction,475.43
3858,8,42,2024-06-24,11.84,Expired,1772.92
3859,8,39,2024-06-07,1.02,Overproduction,281.56
3860,8,30,2024-06-02,12.17,Expired,958.14
3861,8,18,2024-06-12,2.1,Expired,350.97
3862,8,16,2024-06-13,2.48,Quality Issue,458.03
3863,8,23,2024-06-27,2.86,Preparation Error,362.65
3864,8,27,2024-06-22,2.55,Storage Issue,751.71
3865,8,28,2024-06-28,11.94,Expired,1408.56
3866,8,57,2024-06-01,11.0,Expired,3499.1
3867,8,17,2024-07-23,9.38,Spoilage,703.22
3868,8,16,2024-07-19,9.3,Expired,3100.53
3869,8,2,2024-07-08,12.06,Quality Issue,656.31
3870,8,21,2024-07-24,3.39,Expired,445.72
3871,8,63,2024-07-07,13.88,Quality Issue,866.94
3872,8,4,2024-07-14,11.14,Storage Issue,1978.8
3873,8,3,2024-07-19,11.88,Quality Issue,805.7
3874,8,39,2024-07-05,13.02,Overproduction,3651.59
3875,8,23,2024-07-20,4.54,Spoilage,463.31
3876,8,6,2024-07-05,7.82,Expired,1340.9
3877,8,33,2024-07-10,12.25,Expired,4057.32
3878,8,50,2024-07-04,12.78,Storage Issue,2300.27
3879,8,24,2024-07-17,2.38,Expired,807.63
3880,8,60,2024-07-21,7.02,Preparation Error,674.76
3881,8,46,2024-07-03,8.43,Preparation Error,306.68
3882,8,18,2024-08-24,14.29,Expired,2723.39
3883,8,17,2024-08-03,4.79,Spoilage,628.83
3884,8,3,2024-08-02,10.67,Expired,1765.14
3885,8,46,2024-08-25,3.74,Spoilage,431.18
3886,8,11,2024-08-06,8.3,Overproduction,1364.44
3887,8,56,2024-08-20,12.72,Overproduction,1511.14
3888,8,25,2024-08-16,7.2,Storage Issue,1110.53
3889,8,27,2024-08-13,2.57,Storage Issue,273.7
3890,8,65,2024-08-05,14.09,Spoilage,2063.34
3891,8,44,2024-08-07,13.22,Expired,2549.74
3892,8,23,2024-08-09,2.74,Spoilage,497.72
3893,8,60,2024-08-15,9.03,Expired,805.3
3894,8,32,2024-08-09,5.31,Expired,1148.98
3895,8,49,2024-08-16,2.51,Preparation Error,584.88
3896,8,38,2024-08-16,10.77,Spoilage,382.44
3897,8,17,2024-09-26,9.51,Expired,920.47
3898,8,39,2024-09-28,1.65,Storage Issue,551.28
3899,8,25,2024-09-19,11.92,Preparation Error,2753.52
3900,8,41,2024-09-17,8.51,Quality Issue,2707.03
3901,8,40,2024-09-03,6.41,Preparation Error,1318.02
3902,8,44,2024-09-11,1.25,Overproduction,32.81
3903,8,33,2024-09-06,7.41,Overproduction,1320.98
3904,8,21,2024-09-10,3.63,Quality Issue,282.2
3905,8,48,2024-09-25,6.03,Spoilage,1103.19
3906,8,12,2024-09-07,9.41,Preparation Error,2809.54
3907,8,9,2024-09-16,7.09,Preparation Error,644.62
3908,8,2,2024-09-06,14.83,Overproduction,2175.56
3909,8,62,2024-09-26,2.34,Spoilage,166.47
3910,8,7,2024-09-27,12.13,Overproduction,3181.46
3911,8,37,2024-09-12,14.78,Preparation Error,1664.82
3912,8,32,2024-10-20,10.45,Overproduction,1018.56
3913,8,41,2024-10-28,8.64,Preparation Error,1151.02
3914,8,1,2024-10-16,14.0,Spoilage,4735.5
3915,8,34,2024-10-11,2.12,Quality Issue,82.45
3916,8,37,2024-10-07,8.0,Preparation Error,1340.56
3917,8,3,2024-10-04,11.73,Storage Issue,841.04
3918,8,52,2024-10-21,11.16,Spoilage,950.5
3919,8,46,2024-10-08,6.9,Spoilage,1102.14
3920,8,50,2024-10-05,13.63,Spoilage,544.38
3921,8,62,2024-10-13,12.3,Quality Issue,534.93
3922,8,39,2024-10-01,16.87,Expired,359.23
3923,8,61,2024-10-13,2.71,Storage Issue,254.77
3924,8,8,2024-10-20,3.55,Overproduction,1034.93
3925,8,58,2024-10-22,7.49,Preparation Error,417.79
3926,8,47,2024-10-20,14.36,Preparation Error,4278.99
3927,8,6,2024-11-02,14.28,Expired,2591.96
3928,8,2,2024-11-21,6.92,Expired,1727.3
3929,8,30,2024-11-03,3.36,Expired,467.88
3930,8,27,2024-11-01,2.04,Storage Issue,65.26
3931,8,17,2024-11-08,14.08,Preparation Error,879.01
3932,8,64,2024-11-03,2.76,Quality Issue,621.94
3933,8,12,2024-11-24,14.62,Quality Issue,753.95
3934,8,41,2024-11-24,8.44,Overproduction,1479.95
3935,8,29,2024-11-27,1.32,Quality Issue,276.95
3936,8,53,2024-11-06,4.89,Quality Issue,700.98
3937,8,5,2024-11-14,7.84,Preparation Error,618.42
3938,8,15,2024-11-21,10.83,Expired,3359.47
3939,8,39,2024-11-22,2.37,Spoilage,51.95
3940,8,36,2024-11-08,10.83,Storage Issue,3193.33
3941,8,52,2024-11-10,5.98,Spoilage,1899.91
3942,8,45,2024-12-26,6.72,Storage Issue,1428.2
3943,8,25,2024-12-23,13.62,Preparation Error,4198.91
3944,8,43,2024-12-03,4.1,Quality Issue,492.74
3945,8,37,2024-12-07,4.08,Preparation Error,656.51
3946,8,65,2024-12-23,8.66,Expired,2385.92
3947,8,12,2024-12-11,3.33,Quality Issue,839.79
3948,8,24,2024-12-16,3.08,Overproduction,1057.43
3949,8,36,2024-12-21,3.31,Expired,984.63
3950,8,20,2024-12-01,3.6,Preparation Error,215.6
3951,8,64,2024-12-19,9.78,Expired,3049.31
3952,8,23,2024-12-23,8.33,Quality Issue,2551.23
3953,8,56,2024-12-26,1.96,Storage Issue,682.67
3954,8,13,2024-12-09,8.32,Overproduction,1678.81
3955,8,52,2024-12-23,5.87,Expired,625.8
3956,8,53,2024-12-11,11.55,Quality Issue,1597.6
3957,8,25,2025-01-15,5.33,Preparation Error,1853.45
3958,8,36,2025-01-28,14.86,Overproduction,1775.92
3959,8,60,2025-01-26,4.55,Quality Issue,158.43
3960,8,3,2025-01-01,8.89,Storage Issue,2561.83
3961,8,47,2025-01-05,1.73,Spoilage,302.54
3962,8,63,2025-01-18,12.68,Preparation Error,463.96
3963,8,19,2025-01-12,13.13,Storage Issue,4225.63
3964,8,45,2025-01-25,1.18,Preparation Error,189.47
3965,8,31,2025-01-09,9.23,Expired,2689.81
3966,8,4,2025-01-28,2.61,Preparation Error,689.93
3967,8,15,2025-01-27,13.86,Quality Issue,3004.99
3968,8,57,2025-01-15,11.84,Expired,893.56
3969,8,46,2025-01-28,14.44,Quality Issue,3043.37
3970,8,50,2025-01-28,14.68,Preparation Error,4424.85
3971,8,5,2025-01-04,12.93,Quality Issue,1941.05
3972,8,6,2025-02-14,4.11,Expired,718.22
3973,8,21,2025-02-06,3.04,Spoilage,987.94
3974,8,29,2025-02-24,5.21,Expired,181.41
3975,8,23,2025-02-18,13.87,Storage Issue,4794.44
3976,8,13,2025-02-25,2.55,Expired,280.63
3977,8,58,2025-02-17,8.24,Storage Issue,2825.5
3978,8,25,2025-02-20,9.97,Spoilage,1623.32
3979,8,49,2025-02-15,3.75,Storage Issue,386.48
3980,8,54,2025-02-13,3.31,Quality Issue,920.11
3981,8,32,2025-02-17,6.9,Storage Issue,780.6
3982,8,18,2025-02-16,6.65,Storage Issue,1445.05
3983,8,38,2025-02-07,10.36,Overproduction,544.94
3984,8,34,2025-02-15,1.49,Spoilage,335.88
3985,8,28,2025-02-06,8.92,Expired,2766.0
3986,8,47,2025-02-28,12.31,Quality Issue,1017.91
3987,8,37,2025-03-20,10.06,Storage Issue,2188.05
3988,8,34,2025-03-17,9.87,Storage Issue,660.8
3989,8,32,2025-03-11,3.68,Spoilage,109.08
3990,8,31,2025-03-19,11.37,Preparation Error,818.53
3991,8,27,2025-03-23,14.45,Preparation Error,2238.74
3992,8,16,2025-03-04,12.93,Preparation Error,2246.46
3993,8,50,2025-03-16,14.18,Quality Issue,801.45
3994,8,14,2025-03-12,14.57,Preparation Error,4197.47
3995,8,9,2025-03-24,3.62,Preparation Error,455.76
3996,8,10,2025-03-04,13.14,Expired,3439.0
3997,8,8,2025-03-14,3.62,Quality Issue,974.58
3998,8,33,2025-03-21,14.39,Preparation Error,2365.0
3999,8,13,2025-03-09,3.86,Storage Issue,982.06
4000,8,28,2025-03-15,6.64,Overproduction,145.42
4001,8,17,2025-03-12,10.66,Quality Issue,862.93
4002,8,49,2025-04-16,13.43,Expired,2874.02
4003,8,36,2025-04-10,12.72,Spoilage,622.14
4004,8,38,2025-04-08,2.53,Spoilage,703.24
4005,8,11,2025-04-28,5.49,Expired,1418.12
4006,8,1,2025-04-20,10.32,Quality Issue,2737.69
4007,8,14,2025-04-25,11.72,Expired,3461.27
4008,8,37,2025-04-13,6.27,Expired,1283.66
4009,8,44,2025-04-22,2.11,Storage Issue,351.84
4010,8,65,2025-04-08,4.27,Expired,603.09
4011,8,58,2025-04-07,5.28,Overproduction,816.24
4012,8,12,2025-04-09,10.01,Quality Issue,3385.78
4013,8,28,2025-04-24,8.63,Expired,1760.69
4014,8,26,2025-04-04,7.85,Quality Issue,1637.04
4015,8,17,2025-04-26,10.59,Preparation Error,1631.6
4016,8,19,2025-04-24,4.19,Preparation Error,409.74
4017,8,13,2025-05-04,2.45,Storage Issue,480.86
4018,8,4,2025-05-03,7.27,Expired,1423.18
4019,8,35,2025-05-13,3.54,Expired,710.34
4020,8,17,2025-05-07,1.6,Storage Issue,380.3
4021,8,52,2025-05-22,7.64,Storage Issue,2316.3
4022,8,15,2025-05-10,2.94,Quality Issue,75.26
4023,8,61,2025-05-03,4.55,Expired,1225.72
4024,8,28,2025-05-24,10.65,Preparation Error,3699.49
4025,8,7,2025-05-13,10.87,Preparation Error,1829.09
4026,8,45,2025-05-10,14.28,Expired,679.16
4027,8,19,2025-05-25,8.88,Expired,2149.58
4028,8,26,2025-05-05,3.82,quality issue,769.46
4029,8,32,2025-05-16,11.25,Storage Issue,767.59
4030,8,30,2025-05-07,11.99,Expired,1004.4
4031,8,59,2025-05-24,13.6,Preparation Error,2198.44
4032,8,27,2025-06-19,12.04,Overproduction,3821.74
4033,8,43,2025-06-12,4.8,Spoilage,1269.89
4034,8,33,2025-06-26,12.91,Preparation Error,2112.21
4035,8,9,2025-06-14,11.58,Expired,1928.07
4036,8,54,2025-06-19,6.43,Expired,648.02
4037,8,5,2025-06-03,7.45,Overproduction,1445.9
4038,8,38,2025-06-05,1.6,Expired,219.22
4039,8,64,2025-06-06,11.17,Expired,2993.22
4040,8,65,2025-06-19,6.16,Expired,1042.46
4041,8,34,2025-06-02,1.88,Spoilage,514.26
4042,8,32,2025-06-15,55.58,Expired,2423.29
4043,8,46,2025-06-06,8.42,Expired,437.76
4044,8,25,2025-06-21,13.41,Spoilage,2594.57
4045,8,39,2025-06-17,12.65,Overproduction,4158.18
4046,8,10,2025-06-21,11.28,Storage Issue,2301.91
4047,8,2,2025-07-14,14.49,Overproduction,2148.87
4048,8,49,2025-07-13,13.79,Preparation Error,1100.72
4049,8,39,2025-07-03,1.4,Overproduction,34.97
4050,8,19,2025-07-12,11.45,Expired,1908.26
4051,8,9,2025-07-01,3.11,Preparation Error,961.55
4052,8,46,2025-07-09,10.47,Quality Issue,560.88
4053,8,40,2025-07-12,4.76,Expired,1460.27
4054,8,21,2025-07-15,9.18,Overproduction,453.86
4055,8,25,2025-07-08,10.43,Spoilage,2832.89
4056,8,45,2025-07-22,4.32,Overproduction,1491.09
4057,8,63,2025-07-01,2.56,Spoilage,530.64
4058,8,34,2025-07-08,3.03,Overproduction,892.91
4059,8,1,2025-07-20,8.35,Overproduction,1640.44
4060,8,11,2025-07-07,7.6,Quality Issue,873.62
4061,8,38,2025-07-22,12.66,Storage Issue,2733.17
4062,8,57,2025-08-05,2.99,Quality Issue,470.57
4063,8,23,2025-08-17,1.92,Expired,384.15
4064,8,11,2025-08-09,8.74,Storage Issue,1636.74
4065,8,4,2025-08-08,10.12,Overproduction,2724.3
4066,8,59,2025-08-24,3.77,Preparation Error,101.6
4067,8,40,2025-08-03,7.24,Spoilage,1907.52
4068,8,49,2025-08-07,33.11,Storage Issue,268.38
4069,8,47,2025-08-18,1.3,Quality Issue,307.09
4070,8,60,2025-08-26,4.11,Spoilage,1037.28
4071,8,10,2025-08-12,3.73,Storage Issue,691.02
4072,8,29,2025-08-21,2.85,Quality Issue,112.6
4073,8,56,2025-08-20,3.23,Storage Issue,92.12
4074,8,64,2025-08-04,4.78,Expired,165.05
4075,8,42,2025-08-17,1.78,Preparation Error,612.55
4076,8,58,2025-08-08,7.86,Expired,632.1
4077,8,9,2025-09-19,1.66,Overproduction,461.28
4078,8,26,2025-09-15,3.49,Expired,332.21
4079,8,6,2025-09-20,3.51,Expired,155.81
4080,8,50,2025-09-01,2.5,Expired,751.15
4081,8,1,2025-09-11,11.07,Expired,611.06
4082,8,16,2025-09-18,10.45,Storage Issue,2705.5
4083,8,59,2025-09-20,9.22,Overproduction,1414.44
4084,8,37,2025-09-08,11.27,Overproduction,2922.99
4085,8,14,2025-09-17,7.77,Overproduction,1532.79
4086,8,60,2025-09-20,8.7,Expired,746.02
4087,8,22,2025-09-28,9.9,Quality Issue,1798.83
4088,8,18,2025-09-26,8.94,Expired,973.83
4089,8,40,2025-09-07,13.81,Spoilage,1710.92
4090,8,65,2025-09-20,10.44,Spoilage,394.95
4091,8,3,2025-09-16,5.11,Expired,1678.58
4092,8,45,2025-10-05,1.23,Expired,377.52
4093,8,12,2025-10-05,9.98,Storage Issue,1664.36
4094,8,26,2025-10-01,6.25,Expired,1120.25
4095,8,16,2025-10-16,5.03,Expired,1085.27
4096,8,25,2025-10-13,9.27,Quality Issue,852.56
4097,8,22,2025-10-02,11.88,PREPARATION ERROR,1073.36
4098,8,28,2025-10-28,1.84,Expired,388.77
4099,8,2,2025-10-25,6.71,Quality Issue,465.54
4100,8,24,2025-10-07,12.76,Expired,564.12
4101,8,17,2025-10-13,14.65,Storage Issue,4987.74
4102,8,5,2025-10-06,14.8,Quality Issue,2331.0
4103,8,23,2025-10-22,8.97,Quality Issue,2752.44
4104,8,3,2025-10-25,5.77,Quality Issue,1097.4
4105,8,19,2025-10-26,6.26,Preparation Error,193.31
4106,8,35,2025-10-16,5.51,Overproduction,1366.87
4107,8,65,2025-11-21,13.23,Preparation Error,2983.37
4108,8,20,2025-11-02,13.91,Expired,4207.91
4109,8,22,2025-11-23,1.08,Spoilage,167.36
4110,8,55,2025-11-09,8.72,Overproduction,2636.06
4111,8,51,2025-11-11,2.41,Spoilage,426.26
4112,8,6,2025-11-28,12.09,Preparation Error,3711.75
4113,8,59,2025-11-08,1.79,Expired,549.24
4114,8,25,2025-11-10,6.78,Storage Issue,1172.8
4115,8,7,2025-11-07,10.93,Overproduction,906.42
4116,8,16,2025-11-21,2.21,Quality Issue,210.75
4117,8,62,2025-11-07,14.86,Spoilage,3681.57
4118,8,26,2025-11-27,11.79,Expired,808.68
4119,8,10,2025-11-05,14.73,Overproduction,4292.32
4120,8,27,2025-11-12,1.32,Expired,82.91
4121,8,46,2025-11-19,12.25,Spoilage,1183.47
4122,8,4,2025-12-03,3.47,Expired,152.19
4123,8,47,2025-12-14,5.22,Expired,664.51
4124,8,19,2025-12-28,3.52,Overproduction,772.53
4125,8,11,2025-12-02,7.9,Overproduction,1057.02
4126,8,16,2025-12-28,12.08,Preparation Error,2756.41
4127,8,1,2025-12-07,12.03,Overproduction,3057.91
4128,8,26,2025-12-04,2.72,Preparation Error,494.47
4129,8,9,2025-12-06,14.26,Spoilage,4952.93
4130,8,35,2025-12-16,10.36,Storage Issue,2522.35
4131,8,59,2025-12-06,4.34,Preparation Error,433.52
4132,8,48,2025-12-21,42.84,Spoilage,657.78
4133,8,6,2025-12-27,1.09,Expired,298.38
4134,8,31,2025-12-06,4.79,Spoilage,1459.94
4135,8,27,2025-12-19,5.08,Spoilage,1418.69
4136,8,21,2025-12-04,12.33,Quality Issue,1686.74
4137,8,29,2026-01-18,1.42,Spoilage,67.49
4138,8,57,2026-01-19,6.07,Expired,1814.75
4139,8,51,2026-01-23,7.9,Expired,1124.96
4140,8,25,2026-01-10,7.25,Quality Issue,1467.47
4141,8,65,2026-01-10,7.22,Preparation Error,428.15
4142,8,46,2026-01-22,14.45,Expired,4194.98
4143,8,56,2026-01-08,7.78,Overproduction,696.62
4144,8,5,2026-01-18,12.76,Expired,1299.35
4145,8,49,2026-01-19,14.86,Storage Issue,2216.81
4146,8,52,2026-01-08,1.64,Spoilage,49.43
4147,8,55,2026-01-23,4.05,Overproduction,672.95
4148,8,39,2026-01-17,7.32,Spoilage,1325.14
4149,8,35,2026-01-22,2.2,Overproduction,488.55
4150,8,21,2026-01-23,2.44,Expired,537.29
4151,8,6,2026-01-10,3.22,SPOILAGE,850.02
4152,8,6,2026-02-25,3.23,Preparation Error,333.63
4153,8,20,2026-02-16,7.02,Preparation Error,1732.82
4154,8,11,2026-02-25,2.14,Storage Issue,297.7
4155,8,15,2026-02-24,3.81,Expired,1082.95
4156,8,42,2026-02-26,12.8,Quality Issue,4294.66
4157,8,21,2026-02-14,3.8,Quality Issue,197.83
4158,8,16,2026-02-10,4.9,Preparation Error,1468.24
4159,8,9,2026-02-10,13.01,Preparation Error,1660.6
4160,8,64,2026-02-09,5.72,Quality Issue,410.12
4161,8,8,2026-02-15,5.23,Expired,889.57
4162,8,46,2026-02-21,2.1,Storage Issue,411.47
4163,8,59,2026-02-04,12.63,Overproduction,1704.17
4164,8,60,2026-02-16,1.77,QUALITY ISSUE,196.81
4165,8,34,2026-02-06,8.37,Spoilage,273.36
4166,8,24,2026-02-26,4.73,Expired,336.21
4167,8,16,2026-03-24,2.25,Expired,375.1
4168,8,33,2026-03-05,8.92,Storage Issue,1721.38
4169,8,45,2026-03-22,2.51,Expired,112.0
4170,8,64,2026-03-01,2.12,Quality Issue,57.13
4171,8,11,2026-03-07,8.91,Spoilage,1621.26
4172,8,24,2026-03-07,12.64,Expired,1653.56
4173,8,3,2026-03-13,3.51,Storage Issue,871.36
4174,8,39,2026-03-17,12.28,Overproduction,4050.93
4175,8,19,2026-03-04,3.19,Spoilage,883.44
4176,8,42,2026-03-03,5.69,Spoilage,745.9
4177,8,13,2026-03-19,5.38,Storage Issue,774.94
4178,8,48,2026-03-25,3.86,Preparation Error,1131.75
4179,8,63,2026-03-25,2.23,Quality Issue,756.33
4180,8,17,2026-03-04,8.72,Expired,656.44
4181,8,32,2026-03-19,1.76,Storage Issue,78.2
4182,8,14,2026-04-10,8.78,Storage Issue,433.03
4183,8,61,2026-04-21,14.67,Expired,1881.28
4184,8,37,2026-04-25,3.53,Spoilage,419.72
4185,8,55,2026-04-28,13.68,Quality Issue,2327.52
4186,8,16,2026-04-25,1.34,Storage Issue,228.44
4187,8,43,2026-04-09,5.13,Storage Issue,1081.81
4188,8,6,2026-04-22,5.09,Quality Issue,395.03
4189,8,44,2026-04-07,4.21,Overproduction,1454.51
4190,8,63,2026-04-12,7.25,Expired,349.74
4191,8,47,2026-04-06,3.93,Storage Issue,873.84
4192,8,60,2026-04-23,6.23,Expired,1056.48
4193,8,27,2026-04-08,7.23,Expired,1646.63
4194,8,31,2026-04-04,11.01,Expired,498.75
4195,8,29,2026-04-09,8.32,preparation error,1589.12
4196,8,45,2026-04-13,3.79,Storage Issue,288.31
4197,8,47,2026-05-21,12.39,Expired,1915.49
4198,8,30,2026-05-20,12.66,Overproduction,1423.74
4199,8,52,2026-05-16,10.86,Expired,269.98
4200,8,24,2026-05-11,13.54,Spoilage,435.31
4201,8,59,2026-05-09,5.66,Spoilage,456.08
4202,8,12,2026-05-05,14.53,Spoilage,1064.76
4203,8,42,2026-05-21,7.22,Preparation Error,2342.17
4204,8,61,2026-05-20,3.46,Storage Issue,1107.34
4205,8,62,2026-05-10,1.2,Expired,178.43
4206,8,45,2026-05-19,3.33,Preparation Error,396.34
4207,8,38,2026-05-10,12.45,Storage Issue,2316.94
4208,8,22,2026-05-06,7.98,Storage Issue,1357.64
4209,8,57,2026-05-18,4.76,Spoilage,708.95
4210,8,15,2026-05-25,4.47,Expired,718.24
4211,8,17,2026-05-04,1.65,Quality Issue,559.55
4212,8,8,2026-06-27,12.68,Overproduction,1719.03
4213,8,13,2026-06-10,13.36,Storage Issue,2887.5
4214,8,62,2026-06-08,2.73,Overproduction,470.35
4215,8,49,2026-06-15,3.54,Spoilage,688.11
4216,8,64,2026-06-22,12.0,Quality Issue,1428.0
4217,8,44,2026-06-07,8.72,Preparation Error,2122.88
4218,8,4,2026-06-19,1.62,Expired,182.15
4219,8,10,2026-06-03,2.81,Overproduction,85.42
4220,8,26,2026-06-02,13.18,Preparation Error,3341.39
4221,8,50,2026-06-12,7.87,Spoilage,1290.68
4222,8,54,2026-06-24,7.58,Expired,2061.76
4223,8,51,2026-06-03,6.87,Preparation Error,822.68
4224,8,31,2026-06-18,4.65,Quality Issue,1078.24
4225,8,52,2026-06-08,14.79,EXPIRED,2408.4
4226,8,28,2026-06-13,4.58,Quality Issue,1229.32
4227,8,47,2026-07-01,1.06,Expired,362.01
4228,8,59,2026-07-10,4.7,Expired,1610.92
4229,8,14,2026-07-25,11.83,Overproduction,3198.24
4230,8,60,2026-07-23,9.72,Spoilage,673.89
4231,8,26,2026-07-22,7.64,Expired,260.83
4232,8,8,2026-07-21,6.87,Spoilage,584.57
4233,8,46,2026-07-15,4.95,Expired,981.83
4234,8,25,2026-07-14,7.09,Quality Issue,1786.33
4235,8,65,2026-07-15,9.0,Overproduction,881.82
4236,8,48,2026-07-09,2.15,Expired,85.14
4237,8,64,2026-07-15,7.69,Quality Issue,1378.89
4238,8,21,2026-07-27,4.29,Expired,1150.49
4239,8,7,2026-07-04,5.73,Spoilage,1544.06
4240,8,2,2026-07-09,4.74,Overproduction,1168.08
4241,8,18,2026-07-03,8.12,Quality Issue,1001.6
4242,8,49,2026-08-15,7.57,Spoilage,2375.01
4243,8,7,2026-08-12,8.83,Overproduction,3043.97
4244,8,38,2026-08-17,3.92,Storage Issue,1018.02
4245,8,22,2026-08-27,9.03,Expired,3128.8
4246,8,32,2026-08-19,13.18,Overproduction,2026.03
4247,8,4,2026-08-25,13.53,Expired,558.52
4248,8,45,2026-08-25,12.73,Expired,425.56
4249,8,37,2026-08-22,12.91,Spoilage,2732.4
4250,8,53,2026-08-23,8.09,Overproduction,2560.49
4251,8,63,2026-08-15,13.97,Quality Issue,4803.03
4252,8,25,2026-08-03,8.0,Expired,1207.76
4253,8,43,2026-08-24,13.81,Preparation Error,2184.88
4254,8,34,2026-08-03,12.33,Preparation Error,1324.12
4255,8,20,2026-08-11,6.05,Preparation Error,394.58
4256,8,11,2026-08-17,10.48,Expired,1641.38
4257,9,42,2024-01-15,8.3,Storage Issue,855.56
4258,9,20,2024-01-15,7.51,Quality Issue,1496.52
4259,9,5,2024-01-03,4.73,Overproduction,1624.0
4260,9,39,2024-01-15,3.18,Quality Issue,86.08
4261,9,16,2024-01-27,9.0,Preparation Error,2563.11
4262,9,65,2024-01-10,7.12,Storage Issue,1457.39
4263,9,40,2024-01-24,10.41,Quality Issue,1253.57
4264,9,62,2024-01-12,8.96,Spoilage,206.44
4265,9,1,2024-01-12,13.92,Preparation Error,940.3
4266,9,14,2024-01-15,7.34,Overproduction,1957.06
4267,9,29,2024-01-25,11.9,Preparation Error,1857.0
4268,9,3,2024-01-26,12.98,Spoilage,2738.39
4269,9,7,2024-01-25,12.23,Quality Issue,382.68
4270,9,22,2024-01-25,11.45,Overproduction,2770.79
4271,9,8,2024-01-27,8.79,Expired,1681.0
4272,9,18,2024-02-24,7.41,Quality Issue,1743.8
4273,9,54,2024-02-01,14.41,Preparation Error,444.98
4274,9,6,2024-02-16,13.18,Storage Issue,3041.81
4275,9,25,2024-02-07,9.86,Spoilage,236.44
4276,9,8,2024-02-25,1.19,Expired,364.0
4277,9,61,2024-02-26,13.73,Expired,1593.78
4278,9,26,2024-02-08,1.03,Storage Issue,42.27
4279,9,36,2024-02-11,4.07,Quality Issue,607.69
4280,9,35,2024-02-01,3.14,Storage Issue,926.77
4281,9,2,2024-02-25,14.58,Overproduction,2777.93
4282,9,57,2024-02-14,5.23,Spoilage,178.97
4283,9,34,2024-02-24,8.42,Preparation Error,250.83
4284,9,58,2024-02-06,13.63,Expired,1432.51
4285,9,13,2024-02-12,10.07,Expired,833.7
4286,9,22,2024-02-10,4.02,Expired,687.38
4287,9,7,2024-03-26,7.52,Quality Issue,2252.54
4288,9,5,2024-03-12,1.23,Spoilage,302.22
4289,9,15,2024-03-17,10.92,Quality Issue,2509.74
4290,9,60,2024-03-19,13.65,Storage Issue,1984.85
4291,9,50,2024-03-12,3.36,Quality Issue,935.83
4292,9,19,2024-03-21,13.65,Storage Issue,2366.09
4293,9,33,2024-03-15,9.42,Expired,2633.17
4294,9,53,2024-03-22,7.82,Expired,447.23
4295,9,38,2024-03-25,14.66,Preparation Error,4511.61
4296,9,31,2024-03-08,10.64,Storage Issue,2304.3
4297,9,58,2024-03-18,8.35,Storage Issue,268.79
4298,9,36,2024-03-12,4.98,Spoilage,1733.39
4299,9,52,2024-03-06,9.52,Quality Issue,3208.91
4300,9,55,2024-03-16,2.83,Expired,987.25
4301,9,3,2024-03-06,1.65,Overproduction,263.36
4302,9,29,2024-04-06,4.89,Overproduction,842.2
4303,9,39,2024-04-28,9.18,Quality Issue,2397.72
4304,9,49,2024-04-02,10.22,Storage Issue,3037.28
4305,9,17,2024-04-13,5.69,Quality Issue,1806.63
4306,9,53,2024-04-14,49.91,Expired,1131.17
4307,9,65,2024-04-13,2.55,Preparation Error,513.26
4308,9,24,2024-04-15,6.27,Expired,724.0
4309,9,59,2024-04-11,12.32,Expired,2350.41
4310,9,7,2024-04-22,5.52,Overproduction,1087.27
4311,9,63,2024-04-21,1.39,Expired,42.3
4312,9,31,2024-04-04,2.66,Expired,831.78
4313,9,61,2024-04-18,7.49,Quality Issue,1185.29
4314,9,30,2024-04-08,2.37,Overproduction,634.21
4315,9,10,2024-04-15,4.26,Preparation Error,176.66
4316,9,1,2024-04-13,3.67,Spoilage,432.29
4317,9,55,2024-05-12,2.07,Quality Issue,262.83
4318,9,61,2024-05-21,6.26,Quality Issue,1772.27
4319,9,16,2024-05-14,13.09,Overproduction,4005.41
4320,9,12,2024-05-09,10.01,spoilage,3310.51
4321,9,20,2024-05-28,12.08,Quality Issue,3453.31
4322,9,32,2024-05-07,7.06,PREPARATION ERROR,790.44
4323,9,5,2024-05-17,14.62,Expired,2749.58
4324,9,3,2024-05-12,10.12,Spoilage,2841.49
4325,9,59,2024-05-24,8.37,Overproduction,458.17
4326,9,56,2024-05-09,1.12,Spoilage,210.47
4327,9,36,2024-05-12,5.81,Expired,988.63
4328,9,31,2024-05-25,3.02,Expired,460.19
4329,9,24,2024-05-05,13.88,Storage Issue,1521.66
4330,9,65,2024-05-26,2.27,Expired,265.5
4331,9,63,2024-05-03,7.22,Expired,1980.16
4332,9,6,2024-06-19,11.37,Spoilage,1248.43
4333,9,54,2024-06-25,1.46,Preparation Error,473.96
4334,9,21,2024-06-04,12.43,Quality Issue,4244.35
4335,9,40,2024-06-14,2.67,Expired,104.53
4336,9,32,2024-06-22,6.79,Preparation Error,2367.4
4337,9,8,2024-06-25,13.51,Preparation Error,2696.73
4338,9,16,2024-06-22,5.27,Expired,950.87
4339,9,12,2024-06-04,7.51,Overproduction,300.78
4340,9,44,2024-06-28,11.34,Overproduction,1452.54
4341,9,25,2024-06-16,12.92,Overproduction,3485.56
4342,9,41,2024-06-20,14.97,Storage Issue,4041.9
4343,9,37,2024-06-11,14.38,Expired,2491.48
4344,9,27,2024-06-24,8.29,Spoilage,1544.92
4345,9,19,2024-06-25,5.53,Quality Issue,301.16
4346,9,52,2024-06-24,14.34,Expired,2298.99
4347,9,62,2024-07-01,9.5,Overproduction,1695.75
4348,9,58,2024-07-16,5.39,Spoilage,314.67
4349,9,13,2024-07-15,13.66,Spoilage,853.2
4350,9,29,2024-07-04,13.74,Preparation Error,828.8
4351,9,18,2024-07-04,2.17,Overproduction,44.53
4352,9,9,2024-07-02,7.67,Spoilage,1295.39
4353,9,24,2024-07-01,9.05,Expired,2146.84
4354,9,43,2024-07-10,6.17,Expired,144.32
4355,9,11,2024-07-09,12.34,Overproduction,3009.85
4356,9,6,2024-07-10,9.73,Expired,958.31
4357,9,17,2024-07-27,4.32,Quality Issue,1048.46
4358,9,57,2024-07-06,11.38,Overproduction,2892.34
4359,9,5,2024-07-15,14.27,Storage Issue,4461.23
4360,9,51,2024-07-05,1.9,Expired,156.48
4361,9,54,2024-07-19,7.37,Quality Issue,1787.15
4362,9,28,2024-08-06,6.0,Expired,1542.84
4363,9,18,2024-08-22,7.47,Expired,2207.01
4364,9,36,2024-08-07,11.76,Quality Issue,953.38
4365,9,2,2024-08-03,8.06,Preparation Error,1002.66
4366,9,60,2024-08-18,5.54,Preparation Error,148.8
4367,9,29,2024-08-17,12.68,Preparation Error,2086.11
4368,9,38,2024-08-11,7.36,Storage Issue,737.4
4369,9,57,2024-08-05,8.35,Expired,2887.01
4370,9,8,2024-08-08,5.05,Overproduction,615.65
4371,9,30,2024-08-24,7.36,Preparation Error,1853.4
4372,9,16,2024-08-22,11.26,Spoilage,2960.48
4373,9,59,2024-08-12,6.0,Overproduction,1451.94
4374,9,55,2024-08-14,5.91,Spoilage,348.87
4375,9,6,2024-08-23,13.55,Overproduction,3824.35
4376,9,44,2024-08-19,10.0,Overproduction,724.6
4377,9,19,2024-09-13,14.3,Overproduction,2709.42
4378,9,46,2024-09-26,9.09,Preparation Error,292.7
4379,9,1,2024-09-03,13.84,Spoilage,975.86
4380,9,11,2024-09-10,14.25,Quality Issue,4048.14
4381,9,16,2024-09-13,2.14,Preparation Error,70.81
4382,9,64,2024-09-04,3.99,Overproduction,920.93
4383,9,21,2024-09-20,13.85,Storage Issue,3885.48
4384,9,30,2024-09-28,13.31,Storage Issue,3373.42
4385,9,29,2024-09-18,14.46,Spoilage,2769.09
4386,9,45,2024-09-22,2.74,Storage Issue,560.52
4387,9,10,2024-09-10,14.66,Storage Issue,4903.18
4388,9,24,2024-09-05,11.43,Storage Issue,3775.1
4389,9,5,2024-09-04,10.81,Spoilage,3353.37
4390,9,12,2024-09-16,12.43,Expired,3870.2
4391,9,36,2024-09-20,13.57,Expired,1615.51
4392,9,32,2024-10-05,2.38,Expired,104.96
4393,9,52,2024-10-06,4.65,Spoilage,1551.1
4394,9,59,2024-10-08,1.41,Quality Issue,321.86
4395,9,60,2024-10-08,11.82,Overproduction,4047.17
4396,9,57,2024-10-16,11.8,Storage Issue,2528.03
4397,9,56,2024-10-16,7.12,Preparation Error,390.18
4398,9,48,2024-10-05,1.1,Expired,243.64
4399,9,3,2024-10-22,8.26,Spoilage,1467.64
4400,9,38,2024-10-22,8.87,Preparation Error,259.18
4401,9,17,2024-10-04,13.45,Overproduction,3068.89
4402,9,27,2024-10-25,14.24,Storage Issue,2817.38
4403,9,23,2024-10-03,9.5,Overproduction,1671.62
4404,9,45,2024-10-23,1.73,Preparation Error,234.12
4405,9,36,2024-10-25,5.91,Expired,666.29
4406,9,63,2024-10-08,8.18,Spoilage,543.07
4407,9,63,2024-11-27,11.58,Quality Issue,3244.02
4408,9,48,2024-11-24,4.95,Overproduction,110.68
4409,9,54,2024-11-12,11.16,Expired,1902.78
4410,9,17,2024-11-17,10.19,Expired,694.24
4411,9,27,2024-11-02,10.56,Preparation Error,2194.26
4412,9,6,2024-11-13,4.42,Expired,1380.85
4413,9,18,2024-11-24,8.85,Spoilage,2473.84
4414,9,37,2024-11-13,14.85,Overproduction,1244.88
4415,9,11,2024-11-08,59.22,Quality Issue,633.65
4416,9,20,2024-11-26,10.14,Overproduction,3242.37
4417,9,10,2024-11-17,10.08,Spoilage,823.33
4418,9,12,2024-11-17,2.58,Overproduction,859.58
4419,9,30,2024-11-21,14.45,Preparation Error,4747.4
4420,9,7,2024-11-09,14.42,Storage Issue,337.14
4421,9,56,2024-11-25,3.82,Storage Issue,1237.37
4422,9,31,2024-12-19,4.45,Spoilage,1417.68
4423,9,20,2024-12-23,3.14,Overproduction,264.67
4424,9,9,2024-12-18,6.88,Spoilage,1977.04
4425,9,18,2024-12-02,5.12,Quality Issue,262.14
4426,9,43,2024-12-03,13.35,Overproduction,1978.6
4427,9,45,2024-12-19,13.28,Quality Issue,3949.34
4428,9,64,2024-12-14,1.15,Expired,264.09
4429,9,63,2024-12-16,13.51,Storage Issue,1540.41
4430,9,38,2024-12-04,12.74,Spoilage,3755.75
4431,9,62,2024-12-15,2.46,Expired,384.23
4432,9,15,2024-12-04,8.82,Expired,2608.78
4433,9,21,2024-12-09,5.7,Spoilage,121.24
4434,9,65,2024-12-17,2.9,Storage Issue,472.5
4435,9,60,2024-12-09,10.17,Overproduction,1599.33
4436,9,7,2024-12-22,5.02,Preparation Error,1701.43
4437,9,10,2025-01-18,14.45,Preparation Error,1101.67
4438,9,31,2025-01-09,7.46,Storage Issue,1151.45
4439,9,48,2025-01-02,3.16,Spoilage,674.38
4440,9,49,2025-01-20,14.37,Overproduction,1652.55
4441,9,9,2025-01-04,4.72,Expired,267.62
4442,9,4,2025-01-01,11.13,Preparation Error,2684.67
4443,9,64,2025-01-28,2.46,Quality Issue,564.55
4444,9,23,2025-01-26,13.06,Quality Issue,1084.11
4445,9,2,2025-01-20,12.75,Quality Issue,2247.83
4446,9,18,2025-01-24,12.49,Expired,3345.95
4447,9,44,2025-01-17,10.06,Quality Issue,1181.04
4448,9,45,2025-01-11,10.13,Spoilage,3450.58
4449,9,3,2025-01-07,11.04,Overproduction,2573.2
4450,9,29,2025-01-15,10.73,Spoilage,2846.35
4451,9,41,2025-01-03,11.17,Expired,804.58
4452,9,34,2025-02-23,13.22,Spoilage,1708.16
4453,9,21,2025-02-01,7.39,Storage Issue,1356.95
4454,9,59,2025-02-09,8.63,Preparation Error,1645.14
4455,9,47,2025-02-03,1.45,Preparation Error,202.07
4456,9,13,2025-02-20,4.93,Storage Issue,133.85
4457,9,25,2025-02-14,4.39,Preparation Error,263.84
4458,9,17,2025-02-16,4.91,Overproduction,975.47
4459,9,33,2025-02-17,8.39,Quality Issue,251.87
4460,9,7,2025-02-08,12.14,Spoilage,1749.98
4461,9,41,2025-02-26,3.94,Quality Issue,885.91
4462,9,48,2025-02-07,11.21,Quality Issue,467.79
4463,9,5,2025-02-24,14.93,Storage Issue,2826.1
4464,9,42,2025-02-25,5.92,Storage Issue,1918.32
4465,9,46,2025-02-27,4.75,Preparation Error,1450.56
4466,9,58,2025-02-02,10.57,Overproduction,2721.14
4467,9,47,2025-03-24,3.78,Expired,656.32
4468,9,54,2025-03-15,1.2,Overproduction,189.61
4469,9,10,2025-03-18,6.93,Quality Issue,2173.53
4470,9,15,2025-03-12,3.99,Overproduction,591.92
4471,9,29,2025-03-24,7.15,Spoilage,2422.49
4472,9,5,2025-03-26,14.89,Overproduction,3333.28
4473,9,57,2025-03-21,13.41,Spoilage,4020.72
4474,9,6,2025-03-19,7.51,Expired,1080.39
4475,9,13,2025-03-21,3.2,Storage Issue,1097.86
4476,9,2,2025-03-08,7.01,Storage Issue,2080.99
4477,9,23,2025-03-08,10.98,Spoilage,2728.2
4478,9,31,2025-03-11,14.0,Expired,3879.82
4479,9,61,2025-03-18,13.69,Quality Issue,413.71
4480,9,46,2025-03-26,3.85,Overproduction,523.22
4481,9,55,2025-03-09,11.1,Quality Issue,2441.56
4482,9,1,2025-04-15,5.89,Expired,1699.09
4483,9,14,2025-04-12,10.02,Expired,1296.39
4484,9,5,2025-04-22,13.35,Overproduction,3150.33
4485,9,60,2025-04-15,7.92,Spoilage,1144.44
4486,9,8,2025-04-03,7.26,Storage Issue,1296.42
4487,9,36,2025-04-08,9.92,Quality Issue,2800.22
4488,9,50,2025-04-12,7.93,Quality Issue,242.34
4489,9,29,2025-04-03,4.12,Spoilage,881.97
4490,9,62,2025-04-07,9.82,Overproduction,3094.09
4491,9,21,2025-04-02,1.16,Expired,188.35
4492,9,27,2025-04-14,4.9,Expired,173.22
4493,9,6,2025-04-06,4.31,STORAGE ISSUE,753.65
4494,9,54,2025-04-16,8.92,Spoilage,2922.28
4495,9,42,2025-04-27,2.08,Storage Issue,689.44
4496,9,13,2025-04-27,4.19,Expired,1079.34
4497,9,5,2025-05-20,3.57,Preparation Error,945.91
4498,9,14,2025-05-27,4.11,Storage Issue,548.44
4499,9,32,2025-05-23,2.34,Preparation Error,617.76
4500,9,37,2025-05-06,12.18,Expired,2868.63
4501,9,55,2025-05-24,10.06,Preparation Error,3358.23
4502,9,65,2025-05-05,10.05,Overproduction,3365.34
4503,9,60,2025-05-28,10.86,Preparation Error,3187.74
4504,9,56,2025-05-13,11.63,Overproduction,3395.26
4505,9,59,2025-05-01,10.79,Expired,2335.28
4506,9,12,2025-05-17,13.06,Spoilage,3405.39
4507,9,61,2025-05-01,9.04,Storage Issue,2930.14
4508,9,6,2025-05-16,10.13,Preparation Error,241.2
4509,9,20,2025-05-20,3.0,Expired,988.62
4510,9,11,2025-05-13,9.75,Storage Issue,2231.58
4511,9,31,2025-05-26,6.53,Quality Issue,837.41
4512,9,39,2025-06-14,6.57,Expired,210.44
4513,9,43,2025-06-11,14.16,Expired,4017.05
4514,9,9,2025-06-13,6.63,Preparation Error,1404.7
4515,9,28,2025-06-11,10.21,Quality Issue,2343.71
4516,9,11,2025-06-19,4.72,Expired,109.46
4517,9,42,2025-06-09,9.17,Expired,2029.41
4518,9,64,2025-06-12,5.31,Quality Issue,1471.03
4519,9,48,2025-06-07,2.89,Preparation Error,815.67
4520,9,13,2025-06-24,2.57,PREPARATION ERROR,689.81
4521,9,26,2025-06-20,5.54,Storage Issue,327.3
4522,9,46,2025-06-20,8.82,Spoilage,2557.18
4523,9,6,2025-06-15,6.09,Overproduction,875.86
4524,9,55,2025-06-14,2.36,Storage Issue,685.56
4525,9,59,2025-06-27,2.43,Quality Issue,248.88
4526,9,57,2025-06-28,12.87,Overproduction,441.83
4527,9,34,2025-07-14,9.43,Quality Issue,1644.59
4528,9,58,2025-07-06,3.79,Expired,204.7
4529,9,47,2025-07-07,10.01,Storage Issue,2449.95
4530,9,43,2025-07-24,14.43,Expired,2783.11
4531,9,59,2025-07-21,13.02,Overproduction,2487.21
4532,9,16,2025-07-19,9.08,Preparation Error,2377.14
4533,9,10,2025-07-18,6.73,Expired,2153.33
4534,9,46,2025-07-13,9.09,Quality Issue,900.55
4535,9,60,2025-07-16,14.97,Storage Issue,4420.34
4536,9,26,2025-07-06,4.84,Preparation Error,103.62
4537,9,6,2025-07-19,13.85,Expired,4798.33
4538,9,37,2025-07-18,12.93,Quality Issue,611.72
4539,9,62,2025-07-08,10.68,Spoilage,753.15
4540,9,52,2025-07-02,1.31,Expired,295.5
4541,9,48,2025-07-08,8.69,STORAGE ISSUE,2632.2
4542,9,20,2025-08-27,11.92,Storage Issue,1860.12
4543,9,1,2025-08-02,9.12,Expired,2341.74
4544,9,34,2025-08-21,2.5,Spoilage,114.5
4545,9,41,2025-08-19,14.82,Expired,1197.16
4546,9,13,2025-08-04,3.1,Expired,563.15
4547,9,5,2025-08-07,8.2,Expired,2599.89
4548,9,28,2025-08-09,13.81,Expired,3001.19
4549,9,17,2025-08-27,3.92,Preparation Error,913.09
4550,9,15,2025-08-04,13.3,Expired,4115.82
4551,9,31,2025-08-20,4.82,Expired,229.05
4552,9,22,2025-08-09,2.67,Expired,845.86
4553,9,57,2025-08-07,5.1,Expired,1186.82
4554,9,7,2025-08-24,7.92,Storage Issue,1141.27
4555,9,43,2025-08-11,14.32,Storage Issue,2726.53
4556,9,11,2025-08-16,2.9,Overproduction,748.03
4557,9,57,2025-09-23,5.25,Overproduction,258.04
4558,9,26,2025-09-24,8.02,Expired,1814.28
4559,9,9,2025-09-26,8.58,Preparation Error,1809.09
4560,9,47,2025-09-28,7.18,Spoilage,328.05
4561,9,65,2025-09-02,6.41,Expired,1489.56
4562,9,45,2025-09-06,11.65,Overproduction,3419.39
4563,9,44,2025-09-15,2.21,Spoilage,233.44
4564,9,48,2025-09-11,2.33,Overproduction,743.83
4565,9,32,2025-09-21,2.77,Preparation Error,667.65
4566,9,16,2025-09-01,1.77,Preparation Error,305.01
4567,9,20,2025-09-06,11.13,Quality Issue,3358.59
4568,9,6,2025-09-11,4.37,Quality Issue,399.07
4569,9,3,2025-09-12,14.87,Expired,3922.11
4570,9,50,2025-09-27,12.35,Expired,2618.2
4571,9,7,2025-09-08,13.52,Quality Issue,4596.12
4572,9,38,2025-10-25,9.99,Quality Issue,570.43
4573,9,14,2025-10-19,13.47,Storage Issue,2027.1
4574,9,16,2025-10-17,8.2,Spoilage,333.17
4575,9,53,2025-10-03,14.84,Overproduction,532.46
4576,9,42,2025-10-04,11.15,Expired,2298.13
4577,9,44,2025-10-21,13.42,Expired,1185.39
4578,9,54,2025-10-26,11.31,Expired,3244.73
4579,9,8,2025-10-15,4.64,Quality Issue,513.04
4580,9,12,2025-10-25,1.58,Spoilage,105.95
4581,9,26,2025-10-16,6.01,Storage Issue,807.86
4582,9,63,2025-10-12,13.61,Quality Issue,1898.6
4583,9,45,2025-10-07,8.74,Preparation Error,595.19
4584,9,15,2025-10-19,7.82,Spoilage,1141.33
4585,9,64,2025-10-23,14.53,Quality Issue,1122.01
4586,9,6,2025-10-01,3.09,Overproduction,995.69
4587,9,27,2025-11-05,12.63,Overproduction,3780.16
4588,9,13,2025-11-12,3.69,Quality Issue,653.39
4589,9,55,2025-11-19,14.89,Expired,2393.87
4590,9,47,2025-11-03,11.19,Spoilage,1562.8
4591,9,41,2025-11-07,9.21,Expired,701.07
4592,9,38,2025-11-12,4.1,Expired,1404.25
4593,9,56,2025-11-27,7.15,Quality Issue,1846.2
4594,9,46,2025-11-07,11.37,Expired,604.88
4595,9,21,2025-11-26,13.81,Preparation Error,2131.44
4596,9,37,2025-11-10,4.89,Storage Issue,648.32
4597,9,33,2025-11-22,8.23,Preparation Error,748.77
4598,9,53,2025-11-01,10.57,Preparation Error,991.99
4599,9,61,2025-11-11,4.2,Spoilage,281.61
4600,9,9,2025-11-21,6.06,Expired,1556.03
4601,9,12,2025-11-19,5.85,Expired,1906.75
4602,9,35,2025-12-08,6.31,Overproduction,1636.81
4603,9,13,2025-12-06,12.89,Spoilage,2110.48
4604,9,56,2025-12-15,2.21,Expired,499.97
4605,9,22,2025-12-04,8.84,Expired,2908.36
4606,9,42,2025-12-02,10.61,Storage Issue,2120.73
4607,9,54,2025-12-16,4.79,Preparation Error,1572.51
4608,9,2,2025-12-09,10.06,Expired,2242.98
4609,9,10,2025-12-21,9.7,Expired,3350.57
4610,9,14,2025-12-18,8.24,Spoilage,243.66
4611,9,26,2025-12-02,14.59,Storage Issue,4391.59
4612,9,48,2025-12-17,12.07,Overproduction,1404.47
4613,9,1,2025-12-21,12.15,Overproduction,1144.65
4614,9,17,2025-12-27,8.64,Quality Issue,2124.4
4615,9,47,2025-12-07,5.57,Overproduction,268.98
4616,9,51,2025-12-16,11.91,Expired,403.75
4617,9,24,2026-01-25,11.28,Spoilage,401.0
4618,9,26,2026-01-20,5.57,Expired,1446.97
4619,9,15,2026-01-13,11.23,Spoilage,419.55
4620,9,61,2026-01-01,9.42,Overproduction,1238.35
4621,9,36,2026-01-02,71.54,Expired,1975.32
4622,9,39,2026-01-03,5.94,Preparation Error,1407.54
4623,9,21,2026-01-16,3.95,Storage Issue,1177.42
4624,9,64,2026-01-04,14.28,Expired,1614.64
4625,9,30,2026-01-24,14.64,Spoilage,1453.75
4626,9,57,2026-01-26,7.91,Storage Issue,2156.19
4627,9,46,2026-01-13,3.15,Expired,209.98
4628,9,58,2026-01-10,9.81,Overproduction,2218.04
4629,9,43,2026-01-25,2.62,Expired,515.01
4630,9,55,2026-01-04,13.31,Quality Issue,2524.91
4631,9,53,2026-01-16,13.65,Spoilage,3684.95
4632,9,9,2026-02-08,10.04,Storage Issue,2798.25
4633,9,3,2026-02-14,1.14,Expired,215.39
4634,9,57,2026-02-21,4.92,Overproduction,1349.31
4635,9,56,2026-02-21,14.68,Quality Issue,2093.51
4636,9,58,2026-02-08,1.08,Quality Issue,337.61
4637,9,16,2026-02-06,3.17,Expired,228.91
4638,9,42,2026-02-08,13.68,Preparation Error,1423.81
4639,9,36,2026-02-06,5.75,Quality Issue,670.62
4640,9,1,2026-02-22,4.38,Storage Issue,456.83
4641,9,26,2026-02-26,12.99,Overproduction,3359.21
4642,9,41,2026-02-15,5.93,Expired,1277.74
4643,9,63,2026-02-14,9.15,Expired,2994.06
4644,9,52,2026-02-13,12.97,Storage Issue,2437.06
4645,9,51,2026-02-03,12.04,Preparation Error,3831.61
4646,9,44,2026-02-20,10.39,Overproduction,1935.97
4647,9,33,2026-03-22,7.35,Preparation Error,1851.98
4648,9,58,2026-03-13,2.39,Quality Issue,767.45
4649,9,59,2026-03-06,13.72,Quality Issue,480.75
4650,9,5,2026-03-22,10.17,Preparation Error,2298.93
4651,9,4,2026-03-22,12.33,Overproduction,3084.35
4652,9,50,2026-03-11,5.46,Quality Issue,1236.85
4653,9,60,2026-03-25,11.09,Quality Issue,3588.95
4654,9,6,2026-03-16,10.7,Overproduction,1084.66
4655,9,44,2026-03-09,9.51,Quality Issue,2138.7
4656,9,10,2026-03-07,5.88,Quality Issue,1280.66
4657,9,13,2026-03-03,12.81,Quality Issue,3678.26
4658,9,26,2026-03-02,14.16,Storage Issue,2377.46
4659,9,56,2026-03-09,102.69,Storage Issue,5043.4
4660,9,1,2026-03-28,7.69,Spoilage,2504.79
4661,9,29,2026-03-01,5.0,Expired,1658.5
4662,9,3,2026-04-18,9.61,Spoilage,2486.4
4663,9,30,2026-04-14,2.84,Expired,671.83
4664,9,25,2026-04-24,3.61,Preparation Error,1182.64
4665,9,59,2026-04-14,5.64,Spoilage,598.97
4666,9,6,2026-04-07,3.19,Expired,688.43
4667,9,58,2026-04-19,4.55,Spoilage,344.3
4668,9,56,2026-04-13,2.01,Preparation Error,575.78
4669,9,4,2026-04-26,5.94,Quality Issue,1893.02
4670,9,38,2026-04-25,2.54,Spoilage,213.87
4671,9,13,2026-04-04,9.0,Overproduction,1498.5
4672,9,7,2026-04-12,4.26,Spoilage,209.42
4673,9,64,2026-04-21,14.64,Overproduction,2062.78
4674,9,50,2026-04-28,5.4,Storage Issue,1388.34
4675,9,48,2026-04-05,6.29,Expired,1776.11
4676,9,8,2026-04-01,1.67,Preparation Error,46.59
4677,9,30,2026-05-12,8.98,Storage Issue,2529.85
4678,9,5,2026-05-10,8.37,Storage Issue,1363.64
4679,9,29,2026-05-22,4.48,Expired,934.12
4680,9,51,2026-05-27,12.15,Expired,1994.91
4681,9,42,2026-05-05,6.14,Quality Issue,1139.95
4682,9,53,2026-05-28,9.33,Preparation Error,1848.65
4683,9,37,2026-05-03,11.1,Expired,2980.46
4684,9,38,2026-05-20,3.09,Overproduction,397.28
4685,9,59,2026-05-22,2.1,Preparation Error,674.16
4686,9,10,2026-05-25,5.44,Overproduction,1344.22
4687,9,56,2026-05-04,1.66,Quality Issue,422.69
4688,9,36,2026-05-22,3.28,Storage Issue,779.92
4689,9,48,2026-05-11,4.42,Overproduction,1476.68
4690,9,50,2026-05-27,12.59,Preparation Error,1324.47
4691,9,15,2026-05-14,7.31,Expired,156.95
4692,9,34,2026-06-24,2.58,Quality Issue,717.27
4693,9,19,2026-06-21,7.13,Storage Issue,193.37
4694,9,23,2026-06-05,14.13,PREPARATION ERROR,4158.6
4695,9,61,2026-06-15,7.6,Overproduction,612.94
4696,9,64,2026-06-22,10.62,storage issue,2000.91
4697,9,54,2026-06-01,13.03,Quality Issue,659.19
4698,9,58,2026-06-09,11.67,Overproduction,1958.58
4699,9,37,2026-06-16,7.24,Preparation Error,1842.44
4700,9,22,2026-06-01,2.43,Storage Issue,680.08
4701,9,46,2026-06-10,5.22,Preparation Error,347.65
4702,9,30,2026-06-15,12.74,Expired,1875.84
4703,9,5,2026-06-09,1.89,Quality Issue,441.45
4704,9,39,2026-06-26,2.04,Quality Issue,41.78
4705,9,25,2026-06-11,13.88,Spoilage,4842.59
4706,9,12,2026-06-11,10.39,Storage Issue,3532.29
4707,9,20,2026-07-05,12.6,Expired,3601.46
4708,9,35,2026-07-04,2.56,Expired,382.82
4709,9,50,2026-07-23,5.16,STORAGE ISSUE,1652.95
4710,9,1,2026-07-08,14.42,Storage Issue,3721.51
4711,9,56,2026-07-06,11.53,Overproduction,2478.72
4712,9,5,2026-07-18,10.02,Preparation Error,461.52
4713,9,41,2026-07-24,7.74,Preparation Error,1189.17
4714,9,19,2026-07-07,9.01,Storage Issue,1869.48
4715,9,42,2026-07-21,3.62,Expired,1093.67
4716,9,10,2026-07-07,13.97,Preparation Error,1579.31
4717,9,13,2026-07-01,8.99,Overproduction,469.82
4718,9,22,2026-07-06,13.46,Expired,1184.35
4719,9,25,2026-07-06,6.47,Preparation Error,1987.65
4720,9,29,2026-07-23,1.14,Expired,164.73
4721,9,55,2026-07-19,10.59,Overproduction,1606.5
4722,9,38,2026-08-07,10.01,Quality Issue,3259.26
4723,9,35,2026-08-23,9.74,Preparation Error,1664.18
4724,9,52,2026-08-07,1.66,Spoilage,109.26
4725,9,24,2026-08-17,3.9,Overproduction,755.7
4726,9,14,2026-08-13,13.5,Spoilage,300.91
4727,9,4,2026-08-05,2.75,Storage Issue,738.84
4728,9,65,2026-08-11,14.02,Expired,4666.0
4729,9,57,2026-08-21,6.94,Spoilage,1029.83
4730,9,20,2026-08-03,8.13,Quality Issue,2058.68
4731,9,63,2026-08-20,14.8,Expired,5132.64
4732,9,27,2026-08-16,2.69,Expired,645.57
4733,9,25,2026-08-12,2.32,Expired,86.05
4734,9,31,2026-08-21,14.12,Overproduction,1383.2
4735,9,34,2026-08-06,7.58,Quality Issue,1857.48
4736,9,5,2026-08-11,8.99,Storage Issue,2955.1
4737,10,61,2024-01-13,1.19,Spoilage,300.43
4738,10,37,2024-01-15,10.84,Expired,1707.73
4739,10,30,2024-01-05,1.5,Spoilage,340.25
4740,10,28,2024-01-15,7.69,Quality Issue,2574.23
4741,10,56,2024-01-18,14.73,Preparation Error,3082.25
4742,10,53,2024-01-03,13.53,Expired,3096.48
4743,10,20,2024-01-16,4.19,Spoilage,720.81
4744,10,42,2024-01-22,9.36,Spoilage,3256.91
4745,10,43,2024-01-05,13.03,Expired,4343.42
4746,10,55,2024-02-19,5.96,Expired,878.38
4747,10,36,2024-02-25,12.05,Overproduction,775.54
4748,10,57,2024-02-06,5.55,Preparation Error,314.13
4749,10,45,2024-02-03,2.96,Expired,631.58
4750,10,13,2024-02-11,3.17,Spoilage,704.09
4751,10,50,2024-02-26,14.95,Spoilage,3401.57
4752,10,60,2024-02-11,7.8,Overproduction,1805.47
4753,10,8,2024-02-22,6.03,Storage Issue,1477.95
4754,10,56,2024-02-11,9.42,Overproduction,1032.53
4755,10,45,2024-03-18,9.1,Quality Issue,976.25
4756,10,28,2024-03-18,25.41,Overproduction,81.38
4757,10,38,2024-03-21,14.55,Spoilage,3535.36
4758,10,4,2024-03-26,4.0,Spoilage,83.6
4759,10,65,2024-03-07,9.82,Expired,2883.74
4760,10,47,2024-03-11,3.75,Expired,1123.58
4761,10,5,2024-03-10,7.44,Spoilage,2554.0
4762,10,14,2024-03-19,7.5,Quality Issue,1455.6
4763,10,29,2024-03-04,4.35,Spoilage,1069.62
4764,10,30,2024-04-10,12.35,Preparation Error,293.68
4765,10,50,2024-04-17,5.95,Expired,1438.47
4766,10,3,2024-04-13,1.62,Spoilage,47.94
4767,10,42,2024-04-17,7.57,Preparation Error,578.2
4768,10,5,2024-04-15,8.73,Storage Issue,1689.17
4769,10,31,2024-04-13,5.97,Expired,591.21
4770,10,57,2024-04-15,14.01,Spoilage,4459.52
4771,10,12,2024-04-10,10.6,Preparation Error,1271.58
4772,10,2,2024-04-01,2.31,Expired,474.22
4773,10,36,2024-05-07,3.72,Spoilage,171.34
4774,10,54,2024-05-06,13.65,Overproduction,2428.06
4775,10,60,2024-05-14,2.14,Overproduction,74.04
4776,10,16,2024-05-01,10.77,Expired,1321.59
4777,10,58,2024-05-16,5.57,Expired,526.75
4778,10,9,2024-05-10,10.48,Expired,3559.43
4779,10,20,2024-05-12,5.57,Quality Issue,1624.1
4780,10,11,2024-05-21,1.94,Expired,364.49
4781,10,30,2024-05-24,4.16,Storage Issue,1307.86
4782,10,41,2024-06-17,8.94,Storage Issue,2967.45
4783,10,31,2024-06-27,2.33,Quality Issue,186.52
4784,10,11,2024-06-03,9.34,Storage Issue,279.36
4785,10,46,2024-06-16,11.89,Spoilage,3336.81
4786,10,8,2024-06-07,7.79,Expired,250.53
4787,10,54,2024-06-02,13.22,Expired,3896.6
4788,10,39,2024-06-27,4.05,Expired,915.14
4789,10,45,2024-06-27,11.36,Quality Issue,3353.02
4790,10,35,2024-06-28,11.62,Quality Issue,2547.34
4791,10,8,2024-07-15,1.48,Overproduction,425.06
4792,10,16,2024-07-05,6.94,Expired,1463.23
4793,10,17,2024-07-23,9.17,Storage Issue,1542.49
4794,10,3,2024-07-10,8.21,Expired,425.2
4795,10,28,2024-07-20,3.23,Expired,653.78
4796,10,11,2024-07-25,11.34,Expired,1975.54
4797,10,20,2024-07-19,2.52,Expired,626.14
4798,10,29,2024-07-21,7.98,Spoilage,2226.02
4799,10,36,2024-07-21,10.13,Overproduction,2269.53
4800,10,52,2024-08-27,12.47,Quality Issue,1536.43
4801,10,19,2024-08-14,3.92,Overproduction,1005.64
4802,10,30,2024-08-10,13.87,Spoilage,1297.4
4803,10,4,2024-08-15,7.12,Overproduction,284.59
4804,10,60,2024-08-04,6.49,Preparation Error,1716.8
4805,10,3,2024-08-04,7.45,Preparation Error,773.68
4806,10,18,2024-08-05,10.57,Overproduction,3161.91
4807,10,39,2024-08-07,7.05,Quality Issue,1133.15
4808,10,43,2024-08-08,9.61,Expired,2751.05
4809,10,28,2024-09-11,10.57,Expired,3618.32
4810,10,64,2024-09-11,8.4,Preparation Error,1780.63
4811,10,32,2024-09-24,5.08,Preparation Error,1207.31
4812,10,4,2024-09-06,7.48,Quality Issue,2605.88
4813,10,10,2024-09-15,1.38,Overproduction,472.69
4814,10,24,2024-09-26,14.6,Storage Issue,4880.63
4815,10,57,2024-09-08,8.38,Preparation Error,186.12
4816,10,60,2024-09-24,7.65,Quality Issue,1512.25
4817,10,33,2024-09-09,11.28,Storage Issue,1163.87
4818,10,39,2024-10-06,4.14,Expired,805.77
4819,10,7,2024-10-02,4.88,Storage Issue,1521.44
4820,10,40,2024-10-05,2.97,Expired,872.68
4821,10,9,2024-10-02,10.54,Overproduction,701.12
4822,10,1,2024-10-21,3.53,Spoilage,654.64
4823,10,22,2024-10-08,8.07,Storage Issue,1482.86
4824,10,13,2024-10-16,3.62,Quality Issue,1244.59
4825,10,34,2024-10-13,12.43,Expired,3183.32
4826,10,41,2024-10-23,3.87,Expired,203.91
4827,10,6,2024-11-10,1.44,Overproduction,245.79
4828,10,9,2024-11-05,4.48,Spoilage,748.56
4829,10,63,2024-11-09,1.63,Preparation Error,382.01
4830,10,60,2024-11-06,14.41,Overproduction,4678.35
4831,10,3,2024-11-15,7.88,Overproduction,951.35
4832,10,33,2024-11-12,2.77,Overproduction,77.42
4833,10,34,2024-11-06,10.66,Quality Issue,291.76
4834,10,52,2024-11-06,8.29,Storage Issue,562.64
4835,10,49,2024-11-27,1.44,Expired,147.37
4836,10,43,2024-12-20,1.84,Spoilage,313.61
4837,10,44,2024-12-02,5.83,Quality Issue,1935.73
4838,10,32,2024-12-07,9.2,Quality Issue,2855.13
4839,10,65,2024-12-27,3.78,spoilage,431.18
4840,10,62,2024-12-14,4.76,Expired,390.22
4841,10,49,2024-12-22,4.3,Spoilage,132.61
4842,10,27,2024-12-15,3.73,Spoilage,876.7
4843,10,7,2024-12-14,11.12,Spoilage,2102.01
4844,10,33,2024-12-18,13.14,Expired,298.67
4845,10,25,2025-01-18,1.66,Storage Issue,270.48
4846,10,44,2025-01-23,2.68,Overproduction,345.8
4847,10,55,2025-01-18,2.31,Preparation Error,517.35
4848,10,63,2025-01-16,10.32,Quality Issue,1262.76
4849,10,23,2025-01-17,1.32,Quality Issue,135.95
4850,10,42,2025-01-06,13.2,Expired,4571.03
4851,10,59,2025-01-14,9.38,Preparation Error,2994.85
4852,10,54,2025-01-28,9.65,Overproduction,628.5
4853,10,61,2025-01-24,3.9,Quality Issue,1058.81
4854,10,45,2025-02-11,6.28,Overproduction,1280.68
4855,10,30,2025-02-02,2.96,Storage Issue,837.27
4856,10,46,2025-02-02,6.4,Expired,837.89
4857,10,12,2025-02-20,13.73,Expired,1499.87
4858,10,62,2025-02-20,11.56,Preparation Error,834.98
4859,10,13,2025-02-01,3.98,Expired,1190.86
4860,10,50,2025-02-03,14.17,Expired,4180.29
4861,10,55,2025-02-02,13.09,Expired,2498.49
4862,10,41,2025-02-08,9.74,Storage Issue,2037.41
4863,10,51,2025-03-03,10.84,Storage Issue,238.26
4864,10,36,2025-03-06,9.68,Expired,2536.06
4865,10,7,2025-03-15,9.89,Overproduction,2140.69
4866,10,20,2025-03-16,11.58,Expired,3238.81
4867,10,5,2025-03-22,12.76,Expired,2433.33
4868,10,21,2025-03-22,8.16,Expired,2245.39
4869,10,2,2025-03-03,2.75,Expired,801.96
4870,10,61,2025-03-03,3.53,Quality Issue,297.16
4871,10,45,2025-03-18,12.86,Overproduction,1049.12
4872,10,23,2025-04-14,4.19,Expired,265.73
4873,10,31,2025-04-27,6.11,Expired,2028.46
4874,10,24,2025-04-26,6.96,Quality Issue,1921.24
4875,10,1,2025-04-18,6.88,Expired,1496.95
4876,10,44,2025-04-21,9.37,STORAGE ISSUE,1307.77
4877,10,5,2025-04-19,14.23,Storage Issue,413.1
4878,10,30,2025-04-09,13.34,Overproduction,3721.06
4879,10,10,2025-04-18,14.1,Storage Issue,4258.34
4880,10,15,2025-04-20,5.5,Overproduction,342.54
4881,10,55,2025-05-09,7.48,Spoilage,1164.86
4882,10,41,2025-05-20,11.02,Expired,1257.6
4883,10,14,2025-05-14,2.54,Storage Issue,100.1
4884,10,6,2025-05-16,11.26,Overproduction,3699.81
4885,10,40,2025-05-06,2.17,Overproduction,47.13
4886,10,56,2025-05-01,3.71,Expired,423.46
4887,10,22,2025-05-12,2.53,Spoilage,174.11
4888,10,65,2025-05-16,1.57,Expired,272.02
4889,10,35,2025-05-13,12.73,Expired,1881.62
4890,10,48,2025-06-03,4.91,Spoilage,1498.19
4891,10,15,2025-06-10,14.11,Spoilage,4206.19
4892,10,44,2025-06-10,1.06,Preparation Error,216.52
4893,10,21,2025-06-16,6.99,Expired,2095.95
4894,10,2,2025-06-01,3.18,Expired,824.42
4895,10,4,2025-06-03,7.75,Preparation Error,308.22
4896,10,32,2025-06-25,4.17,Storage Issue,1084.58
4897,10,55,2025-06-12,13.32,Quality Issue,1508.36
4898,10,61,2025-06-15,1.06,Quality Issue,316.36
4899,10,62,2025-07-19,11.84,Overproduction,3278.5
4900,10,40,2025-07-12,14.15,Spoilage,2037.74
4901,10,54,2025-07-24,8.31,Spoilage,1288.55
4902,10,44,2025-07-24,5.12,Quality Issue,509.59
4903,10,15,2025-07-06,14.64,Expired,1175.88
4904,10,8,2025-07-02,12.58,Quality Issue,847.89
4905,10,19,2025-07-28,11.18,Overproduction,1136.45
4906,10,5,2025-07-27,5.2,Quality Issue,1347.01
4907,10,64,2025-07-10,11.32,STORAGE ISSUE,2750.08
4908,10,58,2025-08-13,11.43,Quality Issue,2493.57
4909,10,5,2025-08-12,14.49,Expired,4889.22
4910,10,25,2025-08-03,10.93,Preparation Error,1530.64
4911,10,32,2025-08-25,7.14,Preparation Error,1623.99
4912,10,48,2025-08-23,5.04,Preparation Error,1448.65
4913,10,12,2025-08-26,12.78,Overproduction,1050.64
4914,10,9,2025-08-08,8.38,Preparation Error,506.07
4915,10,65,2025-08-09,3.22,Expired,682.51
4916,10,8,2025-08-26,7.66,Overproduction,943.18
4917,10,6,2025-09-06,12.75,Preparation Error,2540.31
4918,10,24,2025-09-22,5.14,Quality Issue,312.61
4919,10,1,2025-09-06,8.39,Quality Issue,1496.94
4920,10,7,2025-09-08,13.42,Expired,1606.37
4921,10,8,2025-09-01,2.83,Quality Issue,231.78
4922,10,29,2025-09-19,87.22,Storage Issue,2907.67
4923,10,26,2025-09-25,4.33,Quality Issue,1367.63
4924,10,4,2025-09-16,10.7,Quality Issue,1620.41
4925,10,19,2025-09-22,4.74,Expired,719.96
4926,10,61,2025-10-05,8.72,Preparation Error,2314.2
4927,10,27,2025-10-14,7.47,Preparation Error,292.6
4928,10,36,2025-10-20,12.04,Overproduction,3048.65
4929,10,16,2025-10-10,8.55,Storage Issue,622.44
4930,10,42,2025-10-13,1.02,Overproduction,288.03
4931,10,52,2025-10-14,12.33,Expired,3475.33
4932,10,63,2025-10-08,5.14,Expired,1385.74
4933,10,49,2025-10-09,6.72,Expired,1032.73
4934,10,24,2025-10-04,6.97,Spoilage,2072.25
4935,10,42,2025-11-04,10.58,Expired,2411.18
4936,10,55,2025-11-09,13.03,Overproduction,4165.3
4937,10,19,2025-11-25,12.48,Quality Issue,1962.23
4938,10,5,2025-11-24,1.13,Expired,381.6
4939,10,58,2025-11-17,11.71,Overproduction,1610.48
4940,10,9,2025-11-09,7.06,Expired,2142.5
4941,10,10,2025-11-21,1.89,Preparation Error,440.67
4942,10,28,2025-11-14,1.32,Quality Issue,198.75
4943,10,29,2025-11-22,9.3,Spoilage,1820.1
4944,10,51,2025-12-03,5.6,Spoilage,126.84
4945,10,30,2025-12-05,4.65,Overproduction,233.9
4946,10,11,2025-12-04,12.78,Preparation Error,3571.24
4947,10,49,2025-12-26,6.44,Storage Issue,1460.91
4948,10,22,2025-12-09,1.28,Expired,44.68
4949,10,1,2025-12-14,93.8,Quality Issue,4685.85
4950,10,27,2025-12-16,11.07,Storage Issue,2975.95
4951,10,62,2025-12-02,11.43,Expired,1603.63
4952,10,52,2025-12-09,3.52,Storage Issue,731.35
4953,10,19,2026-01-16,13.61,Storage Issue,885.47
4954,10,61,2026-01-01,2.17,Storage Issue,580.43
4955,10,40,2026-01-01,5.17,Expired,1168.99
4956,10,48,2026-01-21,4.42,Spoilage,733.15
4957,10,57,2026-01-05,1.75,Preparation Error,541.91
4958,10,52,2026-01-22,10.91,Storage Issue,3626.92
4959,10,15,2026-01-26,3.26,Preparation Error,759.78
4960,10,39,2026-01-08,94.36,Spoilage,1610.86
4961,10,20,2026-01-24,4.46,Expired,745.0
4962,10,57,2026-02-18,11.59,Quality Issue,1531.97
4963,10,63,2026-02-12,11.5,Expired,1301.45
4964,10,37,2026-02-24,13.01,Quality Issue,2575.33
4965,10,27,2026-02-18,4.9,Expired,1654.09
4966,10,61,2026-02-21,3.25,Expired,978.22
4967,10,26,2026-02-23,13.8,Storage Issue,2640.22
4968,10,60,2026-02-25,4.47,Storage Issue,1450.56
4969,10,31,2026-02-21,4.77,Quality Issue,1286.85
4970,10,45,2026-02-25,7.92,Preparation Error,1038.23
4971,10,30,2026-03-06,13.19,Spoilage,2688.52
4972,10,61,2026-03-03,6.28,Preparation Error,229.28
4973,10,18,2026-03-20,2.81,Spoilage,181.75
4974,10,31,2026-03-13,4.22,Quality Issue,392.46
4975,10,25,2026-03-28,3.89,Overproduction,875.21
4976,10,48,2026-03-16,12.65,Quality Issue,3111.77
4977,10,5,2026-03-05,11.15,Spoilage,3669.35
4978,10,13,2026-03-19,3.2,Quality Issue,908.22
4979,10,32,2026-03-21,5.39,Quality Issue,844.07
4980,10,5,2026-04-05,9.35,Overproduction,1710.49
4981,10,46,2026-04-13,9.58,Overproduction,967.58
4982,10,3,2026-04-06,14.95,Spoilage,2365.54
4983,10,45,2026-04-22,11.71,Overproduction,1136.34
4984,10,2,2026-04-18,3.46,Preparation Error,968.56
4985,10,44,2026-04-07,11.94,Overproduction,2347.88
4986,10,58,2026-04-18,5.66,Expired,377.24
4987,10,25,2026-04-17,4.98,Overproduction,1507.6
4988,10,39,2026-04-09,11.67,Preparation Error,587.93
4989,10,10,2026-05-08,3.56,Storage Issue,203.63
4990,10,3,2026-05-05,8.62,Expired,1642.2
4991,10,30,2026-05-25,11.09,Expired,3278.87
4992,10,28,2026-05-21,1.13,Expired,66.23
4993,10,16,2026-05-14,4.59,Quality Issue,1151.72
4994,10,35,2026-05-09,13.22,Expired,2895.05
4995,10,32,2026-05-17,12.6,Quality Issue,808.16
4996,10,44,2026-05-15,5.55,Expired,349.21
4997,10,21,2026-05-13,8.18,Storage Issue,2564.43
4998,10,55,2026-06-24,7.93,Overproduction,1035.58
4999,10,4,2026-06-02,4.52,Preparation Error,1029.7
5000,10,65,2026-06-27,1.36,Quality Issue,161.32
5001,10,14,2026-06-10,10.11,Preparation Error,2950.3
5002,10,46,2026-06-24,14.2,Expired,4036.49
5003,10,56,2026-06-20,14.89,Storage Issue,2406.52
5004,10,3,2026-06-14,3.71,Quality Issue,974.88
5005,10,1,2026-06-27,7.42,Expired,1674.4
5006,10,47,2026-06-16,5.37,Quality Issue,1779.51
5007,10,48,2026-07-23,6.91,Overproduction,1979.09
5008,10,18,2026-07-10,8.46,Preparation Error,502.27
5009,10,59,2026-07-17,8.9,Storage Issue,2992.0
5010,10,58,2026-07-06,5.08,Overproduction,1230.88
5011,10,45,2026-07-07,9.35,Expired,1941.06
5012,10,9,2026-07-03,14.91,Overproduction,4240.11
5013,10,4,2026-07-24,3.74,Overproduction,106.7
5014,10,38,2026-07-09,13.18,Preparation Error,1662.53
5015,10,34,2026-07-01,6.25,Overproduction,977.5
5016,10,47,2026-08-08,1.57,Expired,183.0
5017,10,64,2026-08-24,12.55,Expired,1261.65
5018,10,19,2026-08-07,14.43,Quality Issue,4669.55
5019,10,44,2026-08-28,3.29,Storage Issue,1006.74
5020,10,24,2026-08-15,6.62,Quality Issue,1880.74
5021,10,59,2026-08-26,10.31,Expired,2944.43
5022,10,43,2026-08-15,7.7,Quality Issue,2689.92
5023,10,12,2026-08-06,10.99,Expired,2427.14
5024,10,49,2026-08-09,8.23,Spoilage,2542.08
5025,11,24,2024-01-21,10.56,Preparation Error,2302.92
5026,11,31,2024-01-03,11.93,QUALITY ISSUE,1449.38
5027,11,48,2024-01-09,13.44,Storage Issue,2093.68
5028,11,60,2024-01-14,15.0,Expired,5004.45
5029,11,25,2024-01-23,2.57,Spoilage,136.85
5030,11,3,2024-01-24,3.07,Preparation Error,156.72
5031,11,39,2024-01-17,9.06,Overproduction,1670.39
5032,11,47,2024-01-16,11.24,Spoilage,1323.17
5033,11,57,2024-01-01,5.65,Storage Issue,1717.83
5034,11,42,2024-01-13,2.63,Expired,784.87
5035,11,55,2024-01-04,2.23,Spoilage,356.87
5036,11,32,2024-01-19,9.24,Overproduction,1254.42
5037,11,51,2024-01-07,3.14,Storage Issue,1049.33
5038,11,44,2024-01-27,12.87,Storage Issue,2386.23
5039,11,13,2024-01-16,3.81,Spoilage,1029.92
5040,11,22,2024-02-23,9.54,Preparation Error,3270.6
5041,11,28,2024-02-01,8.33,Spoilage,1489.24
5042,11,6,2024-02-25,3.99,Overproduction,845.04
5043,11,64,2024-02-20,8.63,Quality Issue,2476.72
5044,11,7,2024-02-14,10.72,Spoilage,2793.42
5045,11,49,2024-02-09,9.34,Storage Issue,1192.06
5046,11,57,2024-02-23,1.12,Expired,225.12
5047,11,30,2024-02-08,8.8,Expired,676.81
5048,11,54,2024-02-19,10.49,Spoilage,2478.79
5049,11,42,2024-02-11,10.89,Expired,2179.96
5050,11,16,2024-02-26,6.2,Storage Issue,632.52
5051,11,37,2024-02-19,7.47,Quality Issue,911.71
5052,11,41,2024-02-14,12.87,Overproduction,3005.02
5053,11,38,2024-02-26,9.64,Preparation Error,2195.41
5054,11,14,2024-02-01,7.43,Expired,2492.99
5055,11,7,2024-03-17,4.94,Quality Issue,481.65
5056,11,52,2024-03-17,13.33,Storage Issue,2173.06
5057,11,53,2024-03-21,14.14,Storage Issue,3104.58
5058,11,12,2024-03-07,1.76,Storage Issue,143.65
5059,11,30,2024-03-26,6.93,Storage Issue,649.13
5060,11,55,2024-03-21,8.8,Storage Issue,3071.99
5061,11,11,2024-03-02,3.02,Preparation Error,1045.13
5062,11,16,2024-03-24,11.53,Storage Issue,743.22
5063,11,19,2024-03-20,9.31,Quality Issue,1760.8
5064,11,5,2024-03-22,9.34,Quality Issue,584.87
5065,11,34,2024-03-24,8.57,Expired,2262.99
5066,11,18,2024-03-02,6.78,Quality Issue,1752.9
5067,11,4,2024-03-11,4.83,Preparation Error,118.77
5068,11,51,2024-03-25,3.76,Overproduction,236.17
5069,11,65,2024-03-05,6.77,Preparation Error,2054.29
5070,11,3,2024-04-15,1.19,Expired,226.85
5071,11,44,2024-04-15,14.48,Expired,3137.09
5072,11,59,2024-04-21,2.15,Overproduction,158.67
5073,11,62,2024-04-11,9.07,QUALITY ISSUE,1446.03
5074,11,39,2024-04-01,5.1,Overproduction,553.25
5075,11,38,2024-04-05,3.73,Overproduction,1002.14
5076,11,28,2024-04-06,13.23,quality issue,1587.6
5077,11,4,2024-04-08,3.75,Storage Issue,729.41
5078,11,7,2024-04-17,10.9,Overproduction,403.84
5079,11,43,2024-04-20,6.18,Expired,1535.61
5080,11,21,2024-04-02,9.99,Expired,1262.34
5081,11,26,2024-04-06,14.44,Storage Issue,3458.38
5082,11,14,2024-04-12,3.22,EXPIRED,479.62
5083,11,49,2024-04-22,102.76,Expired,2521.29
5084,11,23,2024-04-26,9.17,Quality Issue,2052.25
5085,11,2,2024-05-13,1.96,Expired,565.62
5086,11,62,2024-05-21,13.17,Preparation Error,2297.9
5087,11,59,2024-05-19,10.22,Preparation Error,691.28
5088,11,56,2024-05-12,11.01,Overproduction,2019.01
5089,11,34,2024-05-16,10.42,Expired,1618.96
5090,11,61,2024-05-16,5.54,Storage Issue,932.49
5091,11,20,2024-05-02,13.89,Storage Issue,2804.11
5092,11,10,2024-05-21,13.7,Spoilage,4768.42
5093,11,38,2024-05-09,13.58,Preparation Error,840.47
5094,11,23,2024-05-15,14.11,Expired,1827.24
5095,11,64,2024-05-25,7.88,Quality Issue,2486.14
5096,11,18,2024-05-15,8.19,Spoilage,1232.19
5097,11,3,2024-05-09,9.26,Quality Issue,2824.3
5098,11,54,2024-05-08,10.42,Storage Issue,1742.74
5099,11,15,2024-05-06,1.69,Quality Issue,194.06
5100,11,51,2024-06-03,12.17,Quality Issue,3747.02
5101,11,61,2024-06-10,11.69,Spoilage,2952.54
5102,11,34,2024-06-26,14.88,Expired,1812.24
5103,11,33,2024-06-02,12.36,Storage Issue,1026.0
5104,11,1,2024-06-17,2.67,Quality Issue,337.73
5105,11,16,2024-06-15,5.84,Spoilage,1917.91
5106,11,30,2024-06-28,9.1,Expired,983.8
5107,11,36,2024-06-23,4.78,Preparation Error,865.23
5108,11,63,2024-06-19,13.37,Spoilage,2449.25
5109,11,31,2024-06-02,12.31,Quality Issue,2621.41
5110,11,54,2024-06-05,13.09,Preparation Error,3861.68
5111,11,59,2024-06-11,12.0,Storage Issue,2195.76
5112,11,8,2024-06-12,6.44,Expired,2221.16
5113,11,37,2024-06-08,6.32,Expired,1623.23
5114,11,13,2024-06-26,8.39,Expired,1961.67
5115,11,26,2024-07-23,5.24,Overproduction,362.14
5116,11,31,2024-07-17,1.79,Preparation Error,586.57
5117,11,50,2024-07-24,13.79,Quality Issue,4124.18
5118,11,35,2024-07-07,1.24,Overproduction,314.96
5119,11,25,2024-07-13,5.53,Preparation Error,180.61
5120,11,61,2024-07-18,14.29,Spoilage,806.96
5121,11,13,2024-07-04,6.78,Expired,1542.25
5122,11,5,2024-07-21,13.4,EXPIRED,2592.9
5123,11,1,2024-07-17,2.08,Preparation Error,140.19
5124,11,4,2024-07-14,5.25,Quality Issue,650.0
5125,11,9,2024-07-22,13.64,Spoilage,2300.25
5126,11,47,2024-07-10,6.59,Overproduction,866.65
5127,11,17,2024-07-04,11.03,Expired,2437.08
5128,11,32,2024-07-18,5.58,Expired,1629.08
5129,11,60,2024-07-28,3.02,Preparation Error,749.5
5130,11,10,2024-08-03,5.57,Expired,1376.24
5131,11,52,2024-08-02,5.37,Spoilage,915.96
5132,11,43,2024-08-15,14.87,Expired,3689.84
5133,11,64,2024-08-02,13.53,Overproduction,3959.28
5134,11,5,2024-08-26,2.51,Quality Issue,84.84
5135,11,39,2024-08-22,56.49,Storage Issue,370.9
5136,11,2,2024-08-02,6.69,Expired,1440.02
5137,11,4,2024-08-16,11.96,Quality Issue,1002.49
5138,11,20,2024-08-04,6.44,Expired,179.42
5139,11,45,2024-08-18,10.81,Expired,352.3
5140,11,61,2024-08-13,14.22,Preparation Error,3690.37
5141,11,32,2024-08-11,4.27,Quality Issue,1061.31
5142,11,24,2024-08-09,14.22,Storage Issue,4647.24
5143,11,44,2024-08-08,10.37,Storage Issue,2506.12
5144,11,37,2024-08-01,9.35,Overproduction,493.4
5145,11,59,2024-09-15,5.15,Expired,925.15
5146,11,4,2024-09-14,7.21,Preparation Error,2523.21
5147,11,37,2024-09-16,14.84,Expired,2132.36
5148,11,32,2024-09-25,9.75,Storage Issue,3393.29
5149,11,3,2024-09-06,3.17,Overproduction,392.89
5150,11,14,2024-09-21,6.71,Preparation Error,665.3
5151,11,18,2024-09-04,4.67,Preparation Error,629.0
5152,11,41,2024-09-03,9.6,Spoilage,860.64
5153,11,6,2024-09-09,4.05,Overproduction,1341.0
5154,11,62,2024-09-11,10.26,Spoilage,524.49
5155,11,2,2024-09-25,3.88,Overproduction,543.82
5156,11,28,2024-09-16,10.31,Expired,1476.29
5157,11,29,2024-09-21,2.38,Expired,418.86
5158,11,48,2024-09-12,2.08,Spoilage,509.27
5159,11,51,2024-09-13,7.38,Preparation Error,2269.28
5160,11,7,2024-10-10,2.55,Spoilage,575.08
5161,11,38,2024-10-13,1.95,Overproduction,647.77
5162,11,12,2024-10-16,9.15,Overproduction,791.11
5163,11,42,2024-10-04,12.81,Expired,2363.83
5164,11,5,2024-10-20,2.78,Storage Issue,470.99
5165,11,18,2024-10-16,10.05,Quality Issue,2920.93
5166,11,21,2024-10-24,14.32,Quality Issue,1635.34
5167,11,6,2024-10-25,6.92,Storage Issue,1891.58
5168,11,15,2024-10-23,11.36,Spoilage,2941.9
5169,11,41,2024-10-15,3.07,Expired,493.1
5170,11,9,2024-10-14,10.89,Preparation Error,1198.34
5171,11,61,2024-10-24,5.9,Expired,1150.5
5172,11,1,2024-10-18,7.15,Spoilage,1861.65
5173,11,59,2024-10-26,10.28,Overproduction,2134.03
5174,11,44,2024-10-10,2.13,Expired,566.3
5175,11,43,2024-11-19,2.02,Preparation Error,176.75
5176,11,2,2024-11-23,13.5,Preparation Error,1730.57
5177,11,49,2024-11-18,2.4,Storage Issue,660.22
5178,11,37,2024-11-05,1.15,Expired,201.04
5179,11,30,2024-11-26,13.41,Storage Issue,4656.22
5180,11,59,2024-11-24,12.74,Overproduction,2713.37
5181,11,18,2024-11-03,4.03,Spoilage,986.87
5182,11,41,2024-11-13,7.32,Spoilage,2281.79
5183,11,1,2024-11-25,11.92,Storage Issue,395.98
5184,11,32,2024-11-07,9.76,Expired,2591.67
5185,11,40,2024-11-19,7.99,Quality Issue,2458.92
5186,11,47,2024-11-05,12.17,Preparation Error,925.89
5187,11,22,2024-11-20,6.43,Quality Issue,1486.62
5188,11,45,2024-11-13,2.69,Expired,617.7
5189,11,63,2024-11-03,10.11,Quality Issue,2903.79
5190,11,17,2024-12-25,7.88,Overproduction,2649.02
5191,11,64,2024-12-24,14.55,Spoilage,3916.71
5192,11,53,2024-12-17,13.51,Overproduction,4584.62
5193,11,16,2024-12-14,14.93,Spoilage,2055.11
5194,11,11,2024-12-06,11.56,Storage Issue,2054.79
5195,11,63,2024-12-27,5.47,Quality Issue,735.0
5196,11,24,2024-12-12,11.78,Preparation Error,924.85
5197,11,33,2024-12-07,2.54,Expired,157.1
5198,11,3,2024-12-06,11.38,Quality Issue,2949.47
5199,11,61,2024-12-22,11.86,Expired,3505.1
5200,11,7,2024-12-09,2.26,Expired,411.23
5201,11,6,2024-12-25,6.22,Quality Issue,258.57
5202,11,9,2024-12-18,9.62,Spoilage,2864.45
5203,11,52,2024-12-01,10.86,Spoilage,3059.7
5204,11,29,2024-12-21,13.76,Expired,2466.89
5205,11,43,2025-01-04,14.74,Storage Issue,4403.57
5206,11,62,2025-01-01,7.44,Expired,2416.88
5207,11,48,2025-01-26,6.42,Spoilage,1058.79
5208,11,46,2025-01-13,5.81,Overproduction,1926.13
5209,11,22,2025-01-08,6.32,Quality Issue,977.64
5210,11,33,2025-01-07,11.19,Expired,3426.38
5211,11,56,2025-01-20,9.69,Spoilage,2565.52
5212,11,52,2025-01-12,10.58,Storage Issue,2959.97
5213,11,19,2025-01-16,3.68,Expired,657.91
5214,11,28,2025-01-15,1.19,Quality Issue,132.39
5215,11,5,2025-01-15,3.41,Preparation Error,1131.27
5216,11,8,2025-01-20,5.44,Storage Issue,1186.79
5217,11,24,2025-01-06,10.61,Expired,1630.54
5218,11,3,2025-01-03,5.51,Expired,1152.09
5219,11,41,2025-01-04,13.47,Spoilage,2926.9
5220,11,26,2025-02-21,2.99,SPOILAGE,390.88
5221,11,60,2025-02-26,13.48,Quality Issue,3104.04
5222,11,45,2025-02-21,3.82,Spoilage,993.73
5223,11,34,2025-02-11,5.96,Storage Issue,1139.25
5224,11,28,2025-02-20,13.56,Quality Issue,3947.72
5225,11,10,2025-02-08,11.4,Storage Issue,3809.42
5226,11,44,2025-02-18,8.29,Storage Issue,880.23
5227,11,29,2025-02-28,11.9,Storage Issue,3258.82
5228,11,47,2025-02-09,1.66,Expired,154.16
5229,11,65,2025-02-12,10.47,Spoilage,2088.03
5230,11,57,2025-02-13,9.94,Storage Issue,3392.72
5231,11,35,2025-02-03,11.45,Spoilage,3554.88
5232,11,39,2025-02-10,3.54,Storage Issue,757.74
5233,11,38,2025-02-11,13.32,Overproduction,3591.34
5234,11,51,2025-02-04,11.13,Expired,2711.71
5235,11,1,2025-03-12,2.82,Storage Issue,150.93
5236,11,57,2025-03-05,9.1,Preparation Error,2480.84
5237,11,38,2025-03-19,8.68,Storage Issue,505.52
5238,11,24,2025-03-17,11.61,Overproduction,324.62
5239,11,11,2025-03-03,7.01,Expired,379.73
5240,11,2,2025-03-20,11.43,Preparation Error,3191.94
5241,11,4,2025-03-25,6.49,Preparation Error,2074.2
5242,11,58,2025-03-03,3.04,Expired,107.52
5243,11,29,2025-03-14,5.05,Spoilage,1736.04
5244,11,60,2025-03-20,9.22,Expired,1255.4
5245,11,7,2025-03-10,7.62,Storage Issue,2614.73
5246,11,50,2025-03-14,14.7,Quality Issue,4393.54
5247,11,59,2025-03-14,12.11,Preparation Error,2849.6
5248,11,26,2025-03-12,3.65,Preparation Error,88.04
5249,11,10,2025-03-15,4.37,Preparation Error,660.13
5250,11,64,2025-04-02,9.34,Overproduction,1450.5
5251,11,25,2025-04-21,1.79,Expired,500.63
5252,11,62,2025-04-10,2.06,Expired,250.91
5253,11,29,2025-04-16,10.34,Spoilage,1416.99
5254,11,48,2025-04-25,2.1,Spoilage,52.88
5255,11,63,2025-04-20,8.46,Quality Issue,1153.27
5256,11,37,2025-04-14,1.96,Quality Issue,270.32
5257,11,19,2025-04-13,8.84,Quality Issue,3009.67
5258,11,20,2025-04-24,3.92,Preparation Error,805.99
5259,11,30,2025-04-20,7.11,Quality Issue,165.45
5260,11,36,2025-04-05,49.14,Preparation Error,972.76
5261,11,8,2025-04-14,11.74,Storage Issue,1811.01
5262,11,56,2025-04-25,14.41,Expired,949.62
5263,11,4,2025-04-18,8.09,Quality Issue,2440.91
5264,11,53,2025-04-09,7.08,Preparation Error,1027.1
5265,11,38,2025-05-22,13.48,Expired,2240.38
5266,11,59,2025-05-24,11.5,Quality Issue,3225.52
5267,11,53,2025-05-05,14.51,Spoilage,752.63
5268,11,41,2025-05-24,12.79,Expired,3428.23
5269,11,14,2025-05-03,12.67,Preparation Error,774.14
5270,11,39,2025-05-13,7.61,Quality Issue,725.31
5271,11,31,2025-05-09,7.13,Quality Issue,257.54
5272,11,28,2025-05-04,13.33,Overproduction,3397.68
5273,11,19,2025-05-08,12.88,Storage Issue,3688.7
5274,11,5,2025-05-16,4.26,Expired,145.39
5275,11,3,2025-05-13,5.45,Preparation Error,1837.85
5276,11,55,2025-05-08,2.64,Preparation Error,327.54
5277,11,44,2025-05-27,2.79,Spoilage,790.85
5278,11,12,2025-05-06,6.14,Preparation Error,1874.85
5279,11,62,2025-05-05,5.86,Spoilage,1165.26
5280,11,23,2025-06-21,7.97,Quality Issue,2665.65
5281,11,20,2025-06-28,13.09,Quality Issue,3046.44
5282,11,28,2025-06-19,14.27,Expired,1580.12
5283,11,42,2025-06-22,1.03,Overproduction,180.02
5284,11,16,2025-06-05,103.04,Overproduction,3379.56
5285,11,49,2025-06-05,11.02,Quality Issue,776.14
5286,11,10,2025-06-25,10.14,Overproduction,2702.51
5287,11,9,2025-06-19,12.09,Expired,1704.45
5288,11,36,2025-06-08,4.37,Spoilage,457.76
5289,11,35,2025-06-21,13.97,Quality Issue,4355.15
5290,11,43,2025-06-08,13.79,Quality Issue,2391.46
5291,11,12,2025-06-13,13.91,Storage Issue,1883.41
5292,11,40,2025-06-26,1.16,Preparation Error,405.15
5293,11,56,2025-06-05,13.65,Quality Issue,2883.02
5294,11,22,2025-06-18,4.33,Overproduction,983.6
5295,11,6,2025-07-08,14.85,Overproduction,4679.53
5296,11,57,2025-07-21,14.09,Preparation Error,1258.8
5297,11,32,2025-07-05,9.2,Spoilage,257.32
5298,11,27,2025-07-07,7.03,Storage Issue,1003.95
5299,11,45,2025-07-20,3.63,Overproduction,220.78
5300,11,63,2025-07-08,2.25,Spoilage,53.3
5301,11,39,2025-07-04,8.76,Spoilage,760.63
5302,11,28,2025-07-21,7.02,Expired,1729.1
5303,11,61,2025-07-04,3.42,Overproduction,332.56
5304,11,15,2025-07-05,8.94,Preparation Error,2268.97
5305,11,13,2025-07-26,6.41,Overproduction,350.37
5306,11,2,2025-07-08,1.13,Spoilage,93.78
5307,11,38,2025-07-04,7.27,Expired,525.69
5308,11,54,2025-07-28,3.28,Expired,858.87
5309,11,11,2025-07-18,7.98,Preparation Error,1331.3
5310,11,62,2025-08-25,12.57,Spoilage,2819.45
5311,11,61,2025-08-18,4.42,Preparation Error,413.67
5312,11,3,2025-08-27,1.99,Expired,130.9
5313,11,35,2025-08-07,2.97,Spoilage,723.61
5314,11,52,2025-08-24,12.08,Storage Issue,1586.83
5315,11,2,2025-08-09,3.48,Overproduction,183.95
5316,11,50,2025-08-15,8.47,Overproduction,1678.75
5317,11,22,2025-08-08,6.11,Storage Issue,1416.73
5318,11,42,2025-08-09,1.38,Expired,378.4
5319,11,59,2025-08-10,4.73,Expired,1427.47
5320,11,47,2025-08-15,7.08,Storage Issue,2452.16
5321,11,26,2025-08-05,4.05,Expired,247.21
5322,11,53,2025-08-08,3.98,Spoilage,420.41
5323,11,28,2025-08-02,9.95,Quality Issue,3226.98
5324,11,65,2025-08-23,7.58,Expired,1175.43
5325,11,46,2025-09-08,6.42,Expired,1832.46
5326,11,40,2025-09-01,14.88,Quality Issue,1614.18
5327,11,39,2025-09-07,3.2,Storage Issue,891.36
5328,11,54,2025-09-12,8.23,Expired,458.41
5329,11,50,2025-09-19,7.5,Storage Issue,2496.97
5330,11,10,2025-09-20,10.7,Spoilage,1099.96
5331,11,36,2025-09-16,13.1,Overproduction,4569.54
5332,11,8,2025-09-19,5.5,Expired,944.29
5333,11,23,2025-09-16,5.48,Storage Issue,272.9
5334,11,7,2025-09-14,3.86,Preparation Error,1064.43
5335,11,58,2025-09-18,12.65,Expired,4020.3
5336,11,5,2025-09-17,10.89,Spoilage,2392.64
5337,11,17,2025-09-11,5.22,Overproduction,799.91
5338,11,65,2025-09-02,10.01,Expired,217.72
5339,11,55,2025-09-10,5.85,Spoilage,342.75
5340,11,43,2025-10-28,4.94,Preparation Error,841.48
5341,11,32,2025-10-12,6.75,Expired,961.88
5342,11,36,2025-10-28,2.61,Preparation Error,676.64
5343,11,8,2025-10-16,2.31,Expired,399.72
5344,11,4,2025-10-09,9.8,Spoilage,1239.99
5345,11,25,2025-10-14,8.72,Overproduction,239.28
5346,11,2,2025-10-05,9.43,Expired,1042.3
5347,11,47,2025-10-01,11.69,Overproduction,1532.33
5348,11,39,2025-10-09,6.22,Quality Issue,355.54
5349,11,38,2025-10-16,7.28,Preparation Error,2428.17
5350,11,23,2025-10-03,11.63,Storage Issue,2568.95
5351,11,14,2025-10-01,2.23,Overproduction,535.11
5352,11,19,2025-10-11,4.46,Expired,648.04
5353,11,34,2025-10-26,1.55,Expired,492.81
5354,11,41,2025-10-27,13.17,Preparation Error,1968.52
5355,11,6,2025-11-26,3.62,Expired,569.97
5356,11,27,2025-11-16,11.44,Spoilage,1969.17
5357,11,58,2025-11-26,5.51,Quality Issue,597.72
5358,11,52,2025-11-06,1.8,Preparation Error,616.54
5359,11,64,2025-11-05,13.23,Preparation Error,1048.08
5360,11,39,2025-11-17,9.88,Expired,3324.13
5361,11,47,2025-11-17,14.59,Overproduction,4350.88
5362,11,21,2025-11-16,9.88,Expired,1337.75
5363,11,42,2025-11-12,12.05,Expired,3436.18
5364,11,55,2025-11-24,13.47,Spoilage,1128.65
5365,11,65,2025-11-06,6.38,Quality Issue,923.25
5366,11,62,2025-11-25,12.93,Expired,606.55
5367,11,7,2025-11-21,2.21,Expired,417.07
5368,11,4,2025-11-15,7.26,Quality Issue,1101.56
5369,11,45,2025-11-01,3.49,Spoilage,146.41
5370,11,43,2025-12-07,6.27,Overproduction,929.97
5371,11,26,2025-12-25,3.7,Quality Issue,650.94
5372,11,55,2025-12-21,6.94,Overproduction,1416.45
5373,11,17,2025-12-24,6.96,Preparation Error,560.91
5374,11,40,2025-12-02,3.19,Overproduction,687.41
5375,11,29,2025-12-11,1.82,Overproduction,441.64
5376,11,64,2025-12-26,5.56,Overproduction,1541.57
5377,11,54,2025-12-06,11.2,Preparation Error,2551.36
5378,11,39,2025-12-15,9.72,Preparation Error,345.25
5379,11,28,2025-12-20,4.47,Quality Issue,1496.91
5380,11,37,2025-12-24,6.49,Storage Issue,2032.99
5381,11,7,2025-12-15,2.9,Preparation Error,498.28
5382,11,65,2025-12-21,5.92,Spoilage,1020.73
5383,11,59,2025-12-25,8.91,Overproduction,486.84
5384,11,38,2025-12-24,8.53,Storage Issue,1868.33
5385,11,26,2026-01-07,3.72,Expired,1251.74
5386,11,1,2026-01-18,6.92,Storage Issue,260.61
5387,11,5,2026-01-04,8.69,Overproduction,1659.62
5388,11,20,2026-01-16,3.48,Quality Issue,1023.26
5389,11,8,2026-01-06,4.86,Expired,1628.83
5390,11,47,2026-01-19,4.93,Preparation Error,1256.26
5391,11,34,2026-01-02,6.26,Storage Issue,1729.39
5392,11,16,2026-01-10,14.55,Spoilage,3724.36
5393,11,62,2026-01-04,10.33,Preparation Error,1020.71
5394,11,24,2026-01-23,5.77,Spoilage,2010.33
5395,11,45,2026-01-04,3.79,Quality Issue,1029.48
5396,11,37,2026-01-19,44.87,Quality Issue,2002.55
5397,11,52,2026-01-26,12.44,Spoilage,3935.64
5398,11,58,2026-01-06,11.79,Quality Issue,3538.89
5399,11,59,2026-01-17,11.44,Expired,2969.25
5400,11,31,2026-02-18,11.29,Preparation Error,3485.79
5401,11,14,2026-02-25,2.81,Quality Issue,182.96
5402,11,56,2026-02-05,2.48,Storage Issue,550.11
5403,11,37,2026-02-15,6.02,Expired,1908.22
5404,11,60,2026-02-25,7.4,Storage Issue,1413.7
5405,11,57,2026-02-11,5.52,Storage Issue,854.05
5406,11,29,2026-02-22,1.36,Expired,139.48
5407,11,32,2026-02-17,2.73,Expired,645.15
5408,11,52,2026-02-16,12.41,STORAGE ISSUE,780.34
5409,11,40,2026-02-19,1.82,Quality Issue,213.19
5410,11,46,2026-02-03,12.32,Overproduction,699.28
5411,11,11,2026-02-24,10.54,Spoilage,3144.08
5412,11,19,2026-02-18,9.75,Expired,1810.57
5413,11,44,2026-02-23,5.22,Spoilage,893.51
5414,11,20,2026-02-11,13.04,Overproduction,3438.78
5415,11,4,2026-03-17,7.28,Preparation Error,1660.42
5416,11,12,2026-03-19,2.48,Quality Issue,551.9
5417,11,15,2026-03-03,6.9,Spoilage,1601.56
5418,11,29,2026-03-24,12.87,Preparation Error,1998.97
5419,11,36,2026-03-25,11.07,Spoilage,2255.51
5420,11,53,2026-03-20,8.81,Preparation Error,440.68
5421,11,10,2026-03-19,7.1,Expired,1161.13
5422,11,11,2026-03-01,10.8,Preparation Error,791.42
5423,11,52,2026-03-25,2.2,Expired,229.22
5424,11,45,2026-03-19,2.75,Overproduction,441.02
5425,11,22,2026-03-16,7.43,Expired,704.88
5426,11,6,2026-03-18,6.62,Storage Issue,414.01
5427,11,34,2026-03-18,3.42,Preparation Error,540.09
5428,11,8,2026-03-07,9.82,Spoilage,3390.45
5429,11,61,2026-03-28,1.81,Storage Issue,180.4
5430,11,48,2026-04-17,13.64,Expired,507.54
5431,11,11,2026-04-13,12.3,Spoilage,2887.92
5432,11,61,2026-04-13,9.77,Expired,412.59
5433,11,4,2026-04-15,7.11,Spoilage,313.41
5434,11,38,2026-04-10,1.34,Overproduction,322.78
5435,11,53,2026-04-02,6.01,Spoilage,552.08
5436,11,59,2026-04-10,4.39,Expired,438.21
5437,11,16,2026-04-01,1.79,Spoilage,161.1
5438,11,21,2026-04-09,10.6,Expired,1043.68
5439,11,1,2026-04-08,14.16,Preparation Error,3473.87
5440,11,31,2026-04-03,9.15,Spoilage,1576.64
5441,11,50,2026-04-04,7.76,Expired,2429.19
5442,11,19,2026-04-15,4.73,Quality Issue,482.08
5443,11,55,2026-04-06,8.94,Spoilage,1346.01
5444,11,8,2026-04-04,13.52,Overproduction,1290.48
5445,11,34,2026-05-11,8.32,Spoilage,2704.75
5446,11,30,2026-05-23,14.38,Spoilage,4887.04
5447,11,58,2026-05-23,4.0,Preparation Error,309.72
5448,11,4,2026-05-11,10.46,Storage Issue,662.12
5449,11,18,2026-05-11,13.12,Storage Issue,1429.29
5450,11,11,2026-05-22,8.99,Overproduction,786.09
5451,11,50,2026-05-02,10.29,Expired,273.61
5452,11,39,2026-05-04,2.8,Quality Issue,332.0
5453,11,55,2026-05-25,9.86,Preparation Error,784.76
5454,11,19,2026-05-26,12.85,Quality Issue,1781.27
5455,11,21,2026-05-24,7.54,Preparation Error,2413.18
5456,11,28,2026-05-11,5.57,Overproduction,1329.89
5457,11,22,2026-05-05,1.5,Storage Issue,318.48
5458,11,48,2026-05-02,9.11,Quality Issue,2670.69
5459,11,63,2026-05-25,14.17,Spoilage,4424.72
5460,11,9,2026-06-06,11.99,Preparation Error,4140.27
5461,11,4,2026-06-13,8.36,Overproduction,291.93
5462,11,11,2026-06-18,13.99,Expired,475.66
5463,11,62,2026-06-11,6.68,Expired,1467.4
5464,11,38,2026-06-01,5.65,Expired,741.11
5465,11,35,2026-06-19,7.73,Overproduction,1660.56
5466,11,19,2026-06-24,9.35,Overproduction,3229.49
5467,11,51,2026-06-07,4.11,Spoilage,436.69
5468,11,7,2026-06-04,13.5,Expired,305.24
5469,11,41,2026-06-24,5.11,Quality Issue,193.16
5470,11,48,2026-06-21,2.15,Expired,588.97
5471,11,8,2026-06-04,7.58,Expired,1895.45
5472,11,59,2026-06-05,14.39,Storage Issue,1233.08
5473,11,37,2026-06-21,5.87,Expired,1722.2
5474,11,6,2026-06-26,2.19,Preparation Error,534.47
5475,11,30,2026-07-04,6.78,Storage Issue,1870.47
5476,11,59,2026-07-08,1.03,Expired,41.08
5477,11,52,2026-07-02,1.75,Expired,297.52
5478,11,7,2026-07-27,4.94,Overproduction,365.12
5479,11,41,2026-07-10,14.48,Expired,3230.78
5480,11,50,2026-07-14,4.75,Storage Issue,526.25
5481,11,42,2026-07-12,12.45,Expired,1588.62
5482,11,19,2026-07-07,3.32,Overproduction,1147.72
5483,11,37,2026-07-10,5.33,Spoilage,502.35
5484,11,11,2026-07-06,4.1,Spoilage,276.63
5485,11,26,2026-07-24,5.07,Expired,885.93
5486,11,35,2026-07-06,7.06,Preparation Error,1900.9
5487,11,17,2026-07-26,11.12,Spoilage,395.2
5488,11,40,2026-07-03,2.31,Quality Issue,348.35
5489,11,25,2026-07-24,11.33,Expired,1328.67
5490,11,10,2026-08-12,1.94,Preparation Error,234.72
5491,11,52,2026-08-12,14.37,Spoilage,4093.58
5492,11,22,2026-08-18,5.2,Expired,1726.04
5493,11,49,2026-08-19,12.33,Expired,1818.43
5494,11,43,2026-08-06,7.9,Storage Issue,896.65
5495,11,64,2026-08-28,14.22,Storage Issue,4376.35
5496,11,12,2026-08-12,1.48,Expired,476.41
5497,11,28,2026-08-04,14.06,Preparation Error,4223.62
5498,11,40,2026-08-24,4.33,Storage Issue,618.32
5499,11,4,2026-08-28,1.61,Preparation Error,323.71
5500,11,62,2026-08-13,5.83,Storage Issue,793.35
5501,11,26,2026-08-01,7.45,Storage Issue,1914.72
5502,11,41,2026-08-22,6.05,Overproduction,344.79
5503,11,23,2026-08-24,13.8,Spoilage,3539.29
5504,11,17,2026-08-01,3.26,Spoilage,876.91
5505,12,8,2024-01-17,8.58,Preparation Error,2727.07
5506,12,28,2024-01-21,13.18,Quality Issue,1254.08
5507,12,45,2024-01-02,11.67,Storage Issue,1969.08
5508,12,34,2024-01-25,10.91,Quality Issue,1811.61
5509,12,41,2024-01-12,7.85,Quality Issue,2474.32
5510,12,4,2024-01-19,5.13,Spoilage,467.5
5511,12,64,2024-01-05,5.76,Expired,550.14
5512,12,11,2024-01-26,9.58,Overproduction,1716.26
5513,12,61,2024-02-01,7.38,Expired,853.72
5514,12,48,2024-02-06,10.31,Quality Issue,3144.96
5515,12,63,2024-02-28,2.76,Storage Issue,125.47
5516,12,5,2024-02-16,10.37,Preparation Error,2865.13
5517,12,8,2024-02-16,13.7,Preparation Error,2265.71
5518,12,21,2024-02-10,1.3,Quality Issue,334.05
5519,12,36,2024-02-23,4.98,Storage Issue,1511.28
5520,12,58,2024-02-21,10.88,Spoilage,595.68
5521,12,33,2024-03-11,4.6,Spoilage,729.33
5522,12,34,2024-03-02,1.59,Overproduction,170.02
5523,12,38,2024-03-28,5.22,Spoilage,1495.63
5524,12,54,2024-03-18,7.16,Preparation Error,1202.45
5525,12,57,2024-03-27,10.51,Expired,1559.26
5526,12,43,2024-03-20,12.97,Spoilage,825.28
5527,12,4,2024-03-19,6.63,Quality Issue,1325.14
5528,12,21,2024-03-21,11.04,Storage Issue,3151.37
5529,12,61,2024-04-03,12.68,Spoilage,4028.82
5530,12,3,2024-04-03,10.14,Storage Issue,2039.05
5531,12,65,2024-04-04,5.14,Expired,1491.27
5532,12,64,2024-04-07,3.48,Spoilage,471.4
5533,12,45,2024-04-02,11.97,Overproduction,1906.94
5534,12,56,2024-04-12,8.96,Preparation Error,985.24
5535,12,10,2024-04-05,5.79,Quality Issue,1834.04
5536,12,42,2024-04-10,11.96,Quality Issue,2649.74
5537,12,62,2024-05-01,14.77,Spoilage,2561.12
5538,12,44,2024-05-15,1.93,Expired,620.88
5539,12,40,2024-05-23,6.29,Preparation Error,1798.75
5540,12,21,2024-05-11,3.48,Storage Issue,437.05
5541,12,41,2024-05-24,3.29,Quality Issue,870.07
5542,12,8,2024-05-26,13.1,Storage Issue,735.43
5543,12,1,2024-05-19,12.62,Expired,520.2
5544,12,5,2024-05-13,4.26,Overproduction,534.97
5545,12,64,2024-06-18,5.34,Preparation Error,460.47
5546,12,3,2024-06-16,8.66,Preparation Error,2591.33
5547,12,60,2024-06-15,9.93,Overproduction,1690.58
5548,12,13,2024-06-25,10.47,Spoilage,1042.6
5549,12,4,2024-06-07,3.39,Expired,343.1
5550,12,58,2024-06-19,1.7,Preparation Error,358.33
5551,12,5,2024-06-04,8.17,Expired,2408.27
5552,12,53,2024-06-06,14.48,Overproduction,2142.17
5553,12,43,2024-07-10,6.62,Spoilage,396.74
5554,12,19,2024-07-13,1.26,Expired,308.37
5555,12,33,2024-07-13,12.33,Spoilage,3675.33
5556,12,34,2024-07-16,5.86,Storage Issue,506.71
5557,12,4,2024-07-06,11.56,Storage Issue,2351.07
5558,12,61,2024-07-08,14.89,Expired,1787.99
5559,12,41,2024-07-27,10.84,Expired,710.45
5560,12,53,2024-07-08,14.59,Expired,2809.74
5561,12,37,2024-08-01,10.79,Spoilage,2583.56
5562,12,46,2024-08-25,11.72,Expired,862.01
5563,12,43,2024-08-17,8.87,Quality Issue,2222.11
5564,12,9,2024-08-02,6.6,Preparation Error,2100.05
5565,12,57,2024-08-08,13.23,Storage Issue,3554.24
5566,12,15,2024-08-10,7.22,Quality Issue,1119.89
5567,12,29,2024-08-17,11.1,Expired,1985.9
5568,12,17,2024-08-14,8.71,Quality Issue,858.72
5569,12,49,2024-09-26,1.64,Spoilage,439.26
5570,12,31,2024-09-16,10.59,Overproduction,473.48
5571,12,1,2024-09-06,3.0,Expired,238.29
5572,12,7,2024-09-27,4.52,Expired,1485.95
5573,12,46,2024-09-19,9.48,Overproduction,2440.25
5574,12,26,2024-09-22,1.64,Expired,176.15
5575,12,64,2024-09-17,8.1,Quality Issue,2722.57
5576,12,65,2024-09-06,14.1,Spoilage,3993.26
5577,12,3,2024-10-02,8.4,Quality Issue,2419.62
5578,12,26,2024-10-18,11.81,Expired,860.95
5579,12,17,2024-10-19,8.3,Expired,1087.55
5580,12,46,2024-10-15,8.02,Spoilage,2659.11
5581,12,21,2024-10-27,11.62,Quality Issue,2171.89
5582,12,37,2024-10-15,11.48,Spoilage,1373.24
5583,12,47,2024-10-22,6.52,Preparation Error,2273.98
5584,12,48,2024-10-17,12.21,Overproduction,4027.59
5585,12,46,2024-11-23,8.27,Preparation Error,523.16
5586,12,32,2024-11-20,3.18,Spoilage,230.17
5587,12,21,2024-11-26,5.16,Spoilage,317.03
5588,12,19,2024-11-24,13.0,Expired,2455.83
5589,12,37,2024-11-11,14.94,Quality Issue,3734.1
5590,12,56,2024-11-05,12.1,Expired,426.65
5591,12,59,2024-11-06,13.73,Preparation Error,3805.82
5592,12,38,2024-11-11,11.57,Spoilage,2281.49
5593,12,16,2024-12-18,4.94,Preparation Error,1242.01
5594,12,62,2024-12-01,2.43,Storage Issue,754.13
5595,12,60,2024-12-25,1.67,Overproduction,423.63
5596,12,36,2024-12-26,5.98,Overproduction,1449.97
5597,12,54,2024-12-10,7.55,Overproduction,209.44
5598,12,4,2024-12-02,5.29,Spoilage,463.51
5599,12,59,2024-12-09,4.07,Expired,832.56
5600,12,30,2024-12-20,8.32,Storage Issue,2609.57
5601,12,34,2025-01-27,7.57,Expired,560.63
5602,12,6,2025-01-10,1.15,Spoilage,319.53
5603,12,60,2025-01-21,8.69,Overproduction,3031.07
5604,12,42,2025-01-21,11.18,Storage Issue,3198.82
5605,12,13,2025-01-27,1.54,Preparation Error,231.89
5606,12,15,2025-01-03,3.88,Expired,140.42
5607,12,53,2025-01-10,3.32,Overproduction,894.74
5608,12,4,2025-01-08,11.9,Preparation Error,3385.55
5609,12,21,2025-02-26,10.88,Overproduction,250.24
5610,12,26,2025-02-05,14.84,Spoilage,743.93
5611,12,20,2025-02-02,5.61,Quality Issue,1392.4
5612,12,7,2025-02-21,9.49,Preparation Error,1899.33
5613,12,48,2025-02-10,1.93,Storage Issue,547.19
5614,12,30,2025-02-04,9.93,Quality Issue,1782.53
5615,12,53,2025-02-13,10.64,Spoilage,3059.43
5616,12,25,2025-02-09,10.17,Expired,1017.71
5617,12,23,2025-03-06,12.62,Quality Issue,3636.2
5618,12,8,2025-03-28,2.43,Storage Issue,231.65
5619,12,40,2025-03-25,12.84,Expired,661.65
5620,12,43,2025-03-02,7.81,Expired,384.64
5621,12,19,2025-03-11,13.66,Expired,587.79
5622,12,41,2025-03-13,7.47,Overproduction,979.77
5623,12,16,2025-03-01,7.72,Quality Issue,795.31
5624,12,5,2025-03-02,12.77,Preparation Error,1693.05
5625,12,54,2025-04-19,8.5,Expired,2224.02
5626,12,43,2025-04-28,8.22,Expired,1032.68
5627,12,46,2025-04-20,9.36,Expired,2763.54
5628,12,65,2025-04-17,3.69,Quality Issue,1074.12
5629,12,53,2025-04-09,11.53,Storage Issue,597.6
5630,12,27,2025-04-19,10.8,Storage Issue,2289.71
5631,12,20,2025-04-24,13.92,Overproduction,868.05
5632,12,11,2025-04-13,14.83,Expired,2908.9
5633,12,33,2025-05-02,11.71,Overproduction,2375.02
5634,12,36,2025-05-26,3.15,Spoilage,1034.93
5635,12,2,2025-05-13,7.32,Preparation Error,848.46
5636,12,28,2025-05-20,10.9,Quality Issue,234.13
5637,12,45,2025-05-17,1.53,Expired,460.99
5638,12,24,2025-05-06,11.35,Overproduction,571.02
5639,12,34,2025-05-23,9.14,Quality Issue,816.02
5640,12,51,2025-05-11,4.94,Overproduction,689.82
5641,12,38,2025-06-22,2.82,Overproduction,916.61
5642,12,5,2025-06-15,3.13,Overproduction,103.26
5643,12,27,2025-06-16,9.76,Storage Issue,2743.24
5644,12,62,2025-06-23,11.58,Spoilage,1329.27
5645,12,58,2025-06-01,8.3,Overproduction,2333.63
5646,12,14,2025-06-21,2.22,Expired,637.34
5647,12,57,2025-06-16,1.84,Spoilage,607.16
5648,12,11,2025-06-24,9.49,Spoilage,2366.24
5649,12,65,2025-07-24,6.89,Storage Issue,230.33
5650,12,29,2025-07-22,9.47,Quality Issue,982.7
5651,12,21,2025-07-05,3.85,Preparation Error,94.56
5652,12,46,2025-07-03,9.59,QUALITY ISSUE,1636.73
5653,12,1,2025-07-05,12.94,Expired,4085.93
5654,12,11,2025-07-17,6.63,Overproduction,1312.54
5655,12,38,2025-07-10,13.61,Storage Issue,4402.97
5656,12,56,2025-07-05,9.48,Preparation Error,1414.04
5657,12,25,2025-08-14,3.0,Storage Issue,563.34
5658,12,29,2025-08-11,12.93,Preparation Error,723.82
5659,12,39,2025-08-09,1.01,Storage Issue,163.47
5660,12,24,2025-08-07,13.69,Quality Issue,1964.1
5661,12,35,2025-08-28,3.9,Quality Issue,600.6
5662,12,41,2025-08-04,14.99,Quality Issue,2475.6
5663,12,19,2025-08-07,13.91,Storage Issue,2262.88
5664,12,21,2025-08-16,1.09,Expired,285.73
5665,12,34,2025-09-19,13.18,Preparation Error,2074.66
5666,12,2,2025-09-25,13.43,Spoilage,650.01
5667,12,43,2025-09-16,4.95,Overproduction,1694.24
5668,12,39,2025-09-14,3.83,Expired,1296.88
5669,12,11,2025-09-02,8.47,Quality Issue,453.48
5670,12,61,2025-09-26,3.77,Expired,194.49
5671,12,25,2025-09-16,4.65,Storage Issue,408.46
5672,12,49,2025-09-09,8.51,Storage Issue,1531.54
5673,12,40,2025-10-12,7.25,Quality Issue,2114.32
5674,12,32,2025-10-22,2.87,Storage Issue,994.11
5675,12,3,2025-10-22,4.99,Storage Issue,758.43
5676,12,21,2025-10-11,13.65,Overproduction,3066.47
5677,12,52,2025-10-10,11.52,Storage Issue,812.16
5678,12,56,2025-10-17,10.47,Preparation Error,320.07
5679,12,44,2025-10-12,1.86,Quality Issue,579.09
5680,12,61,2025-10-16,11.97,Expired,717.0
5681,12,45,2025-11-18,7.36,Spoilage,950.47
5682,12,60,2025-11-07,7.64,Quality Issue,987.09
5683,12,38,2025-11-09,5.05,Expired,1195.13
5684,12,3,2025-11-05,8.41,Expired,279.04
5685,12,62,2025-11-06,1.08,Spoilage,244.29
5686,12,32,2025-11-27,7.01,Spoilage,705.07
5687,12,47,2025-11-14,11.71,Storage Issue,1259.29
5688,12,30,2025-11-11,14.1,Preparation Error,4855.34
5689,12,40,2025-12-24,11.51,Overproduction,2675.38
5690,12,20,2025-12-08,14.55,Overproduction,895.55
5691,12,23,2025-12-26,8.62,Preparation Error,1940.53
5692,12,38,2025-12-16,6.79,Expired,861.18
5693,12,11,2025-12-09,13.52,Overproduction,2425.62
5694,12,13,2025-12-27,13.52,Expired,2563.26
5695,12,48,2025-12-21,9.21,SPOILAGE,1829.11
5696,12,62,2025-12-26,11.86,Expired,2203.35
5697,12,6,2026-01-08,8.25,Quality Issue,1094.36
5698,12,26,2026-01-21,13.11,Quality Issue,1528.63
5699,12,15,2026-01-13,11.68,Preparation Error,628.5
5700,12,12,2026-01-19,5.94,Overproduction,543.75
5701,12,23,2026-01-13,11.09,Expired,3784.46
5702,12,29,2026-01-16,12.44,Quality Issue,4314.32
5703,12,24,2026-01-26,14.88,Expired,1818.04
5704,12,9,2026-01-17,10.03,Overproduction,3191.04
5705,12,31,2026-02-18,3.71,Expired,459.67
5706,12,63,2026-02-15,7.58,Quality Issue,1200.29
5707,12,12,2026-02-11,9.65,Overproduction,2958.5
5708,12,33,2026-02-17,2.13,Expired,328.23
5709,12,40,2026-02-21,11.24,Overproduction,2334.32
5710,12,2,2026-02-14,9.55,Overproduction,1290.49
5711,12,9,2026-02-27,14.93,Expired,478.81
5712,12,60,2026-02-22,6.55,Storage Issue,227.68
5713,12,44,2026-03-25,4.18,Expired,361.49
5714,12,51,2026-03-01,6.73,Overproduction,225.25
5715,12,6,2026-03-27,1.4,Expired,111.12
5716,12,38,2026-03-22,9.0,Expired,3032.82
5717,12,57,2026-03-10,8.03,Quality Issue,211.43
5718,12,45,2026-03-09,9.78,Expired,2099.96
5719,12,2,2026-03-17,4.08,Storage Issue,509.27
5720,12,30,2026-03-15,2.59,Storage Issue,827.43
5721,12,27,2026-04-12,2.63,Expired,487.97
5722,12,31,2026-04-01,14.47,Expired,4637.35
5723,12,15,2026-04-06,9.85,Spoilage,2078.94
5724,12,4,2026-04-14,7.32,Spoilage,1357.35
5725,12,8,2026-04-11,4.34,Expired,277.85
5726,12,30,2026-04-15,3.84,Quality Issue,863.92
5727,12,55,2026-04-21,1.22,Spoilage,52.07
5728,12,41,2026-04-21,2.72,Expired,73.09
5729,12,28,2026-05-27,12.13,Expired,445.17
5730,12,10,2026-05-26,3.48,Preparation Error,409.87
5731,12,16,2026-05-22,11.36,Spoilage,2898.84
5732,12,44,2026-05-09,4.16,Overproduction,435.34
5733,12,7,2026-05-25,8.66,Spoilage,1956.47
5734,12,29,2026-05-13,6.46,Quality Issue,2065.46
5735,12,40,2026-05-04,6.13,Quality Issue,1117.81
5736,12,3,2026-05-19,12.91,Storage Issue,1880.21
5737,12,52,2026-06-12,3.05,Spoilage,301.34
5738,12,28,2026-06-20,3.6,SPOILAGE,1206.72
5739,12,57,2026-06-12,9.28,Expired,3154.64
5740,12,13,2026-06-13,7.52,Storage Issue,503.99
5741,12,21,2026-06-18,9.64,Quality Issue,1309.59
5742,12,2,2026-06-24,4.03,Storage Issue,219.68
5743,12,9,2026-06-25,3.6,Expired,804.17
5744,12,60,2026-06-26,4.97,Storage Issue,940.62
5745,12,42,2026-07-03,2.82,Storage Issue,784.5
5746,12,55,2026-07-23,9.56,Expired,1647.19
5747,12,43,2026-07-03,2.89,Expired,540.6
5748,12,59,2026-07-27,10.27,Expired,660.57
5749,12,62,2026-07-21,5.72,Quality Issue,1218.7
5750,12,34,2026-07-16,2.23,Storage Issue,435.34
5751,12,48,2026-07-21,6.76,Quality Issue,2208.49
5752,12,37,2026-07-11,13.44,Preparation Error,494.05
5753,12,45,2026-08-09,14.29,Overproduction,1056.46
5754,12,43,2026-08-01,6.22,Quality Issue,1409.83
5755,12,17,2026-08-06,3.24,Overproduction,567.36
5756,12,16,2026-08-04,4.84,Expired,1633.84
5757,12,18,2026-08-16,11.11,Quality Issue,3068.14
5758,12,42,2026-08-16,11.57,Expired,1453.65
5759,12,57,2026-08-26,5.01,Expired,1575.39
5760,12,4,2026-08-11,12.4,Quality Issue,1612.87
5761,13,15,2024-01-12,13.74,Preparation Error,2706.78
5762,13,56,2024-01-18,12.04,Quality Issue,1794.92
5763,13,32,2024-01-11,11.34,Storage Issue,3239.27
5764,13,63,2024-01-16,13.06,Quality Issue,4199.05
5765,13,34,2024-01-25,4.54,Expired,260.78
5766,13,11,2024-01-11,12.91,Quality Issue,2750.09
5767,13,9,2024-01-24,2.68,Preparation Error,627.04
5768,13,31,2024-01-23,4.8,Storage Issue,255.07
5769,13,26,2024-01-26,1.22,Preparation Error,286.11
5770,13,5,2024-01-16,2.74,Overproduction,267.53
5771,13,5,2024-02-18,5.88,Spoilage,1038.06
5772,13,17,2024-02-05,12.13,Spoilage,3680.24
5773,13,21,2024-02-02,14.63,Preparation Error,3086.2
5774,13,56,2024-02-25,14.57,Preparation Error,1462.39
5775,13,61,2024-02-07,8.06,Quality Issue,1217.14
5776,13,43,2024-02-21,6.72,Expired,1295.08
5777,13,28,2024-02-19,4.3,Expired,467.8
5778,13,52,2024-02-12,5.6,Overproduction,1318.24
5779,13,51,2024-02-19,6.46,Quality Issue,2155.9
5780,13,63,2024-02-19,7.97,Storage Issue,585.87
5781,13,25,2024-03-26,7.2,Quality Issue,2108.81
5782,13,28,2024-03-20,10.55,Storage Issue,2255.8
5783,13,34,2024-03-28,13.36,Expired,3712.48
5784,13,59,2024-03-18,8.44,Spoilage,431.45
5785,13,64,2024-03-15,1.48,Storage Issue,104.13
5786,13,33,2024-03-05,8.76,Spoilage,827.38
5787,13,29,2024-03-07,14.81,Storage Issue,3623.56
5788,13,5,2024-03-14,11.11,Quality Issue,1464.74
5789,13,45,2024-03-16,4.0,Preparation Error,966.28
5790,13,4,2024-03-24,5.36,Quality Issue,300.37
5791,13,20,2024-04-25,8.91,Expired,1344.07
5792,13,40,2024-04-21,3.13,Overproduction,874.4
5793,13,65,2024-04-23,12.42,Quality Issue,2757.36
5794,13,19,2024-04-07,12.66,Spoilage,1258.66
5795,13,18,2024-04-10,5.07,Overproduction,792.9
5796,13,16,2024-04-10,4.22,Expired,1016.98
5797,13,12,2024-04-13,12.8,Preparation Error,4036.86
5798,13,48,2024-04-18,5.08,Quality Issue,1465.94
5799,13,62,2024-04-13,13.97,Overproduction,372.44
5800,13,39,2024-04-03,1.41,Spoilage,106.27
5801,13,26,2024-05-25,1.24,Preparation Error,285.53
5802,13,13,2024-05-26,9.51,Spoilage,1653.12
5803,13,40,2024-05-06,9.99,Storage Issue,2570.33
5804,13,45,2024-05-21,11.69,Storage Issue,3261.86
5805,13,30,2024-05-18,1.19,Expired,183.53
5806,13,33,2024-05-14,4.53,Spoilage,1243.21
5807,13,64,2024-05-16,10.58,Storage Issue,1136.61
5808,13,18,2024-05-14,11.18,Preparation Error,2824.18
5809,13,36,2024-05-03,8.69,Storage Issue,1384.4
5810,13,28,2024-05-03,11.09,Preparation Error,2376.81
5811,13,64,2024-06-20,1.07,Preparation Error,310.72
5812,13,10,2024-06-23,10.93,Spoilage,1545.61
5813,13,11,2024-06-23,11.89,Storage Issue,2085.39
5814,13,40,2024-06-18,1.38,Spoilage,264.44
5815,13,16,2024-06-15,13.75,Quality Issue,2203.57
5816,13,33,2024-06-01,8.55,Quality Issue,228.03
5817,13,61,2024-06-02,14.58,Quality Issue,3103.35
5818,13,1,2024-06-09,11.34,Expired,2138.61
5819,13,57,2024-06-14,7.59,Preparation Error,1230.72
5820,13,35,2024-06-23,14.75,Expired,2689.81
5821,13,49,2024-07-26,11.06,Quality Issue,1369.01
5822,13,65,2024-07-27,8.07,Spoilage,751.24
5823,13,5,2024-07-06,14.35,Spoilage,3537.71
5824,13,26,2024-07-09,11.85,Expired,3629.3
5825,13,30,2024-07-17,12.27,Preparation Error,486.14
5826,13,64,2024-07-01,3.96,Quality Issue,1141.39
5827,13,23,2024-07-24,9.44,Preparation Error,1439.88
5828,13,31,2024-07-22,6.87,Preparation Error,1036.82
5829,13,14,2024-07-26,8.06,Expired,2758.21
5830,13,47,2024-07-19,6.19,Preparation Error,191.7
5831,13,41,2024-08-16,6.2,Overproduction,1070.74
5832,13,53,2024-08-03,2.92,Expired,819.47
5833,13,58,2024-08-03,4.13,Preparation Error,702.14
5834,13,4,2024-08-17,13.15,Expired,928.0
5835,13,11,2024-08-28,12.35,Quality Issue,2209.54
5836,13,46,2024-08-03,9.95,Overproduction,2561.83
5837,13,34,2024-08-02,13.38,Quality Issue,1032.27
5838,13,49,2024-08-24,8.95,Preparation Error,188.13
5839,13,29,2024-08-13,8.24,Overproduction,878.14
5840,13,30,2024-08-21,7.43,Overproduction,676.13
5841,13,33,2024-09-16,10.76,Expired,3023.24
5842,13,14,2024-09-18,10.11,Preparation Error,2340.26
5843,13,52,2024-09-01,1.12,Expired,210.0
5844,13,1,2024-09-17,4.66,Storage Issue,582.5
5845,13,8,2024-09-21,1.5,Quality Issue,268.94
5846,13,46,2024-09-23,7.39,Overproduction,856.21
5847,13,20,2024-09-27,11.49,Overproduction,285.07
5848,13,34,2024-09-01,11.4,Spoilage,3479.39
5849,13,57,2024-09-19,10.76,Storage Issue,1438.4
5850,13,47,2024-09-22,2.73,Overproduction,833.58
5851,13,45,2024-10-06,10.03,Preparation Error,2662.06
5852,13,48,2024-10-18,1.05,Storage Issue,67.47
5853,13,30,2024-10-08,5.81,Expired,1462.49
5854,13,15,2024-10-23,7.85,Storage Issue,2523.38
5855,13,35,2024-10-06,5.22,Preparation Error,1533.32
5856,13,28,2024-10-09,91.77,Spoilage,1482.09
5857,13,41,2024-10-17,11.26,Overproduction,3888.53
5858,13,62,2024-10-21,2.96,Quality Issue,994.35
5859,13,3,2024-10-18,4.01,Spoilage,678.21
5860,13,22,2024-10-14,3.06,Quality Issue,962.55
5861,13,24,2024-11-16,14.54,Preparation Error,4659.2
5862,13,49,2024-11-26,11.94,Preparation Error,1375.73
5863,13,61,2024-11-26,2.46,Spoilage,321.4
5864,13,65,2024-11-03,14.49,Storage Issue,2087.57
5865,13,4,2024-11-24,2.01,Storage Issue,661.27
5866,13,27,2024-11-23,7.29,Overproduction,2097.92
5867,13,11,2024-11-27,12.66,Quality Issue,697.82
5868,13,17,2024-11-20,3.85,Overproduction,690.65
5869,13,14,2024-11-26,3.4,Overproduction,99.21
5870,13,3,2024-11-16,7.5,Quality Issue,1547.62
5871,13,24,2024-12-26,7.5,Expired,1326.53
5872,13,55,2024-12-11,7.19,Quality Issue,950.01
5873,13,42,2024-12-04,6.9,Storage Issue,2300.74
5874,13,12,2024-12-07,5.06,Quality Issue,565.1
5875,13,30,2024-12-15,7.68,Expired,2071.6
5876,13,65,2024-12-04,2.39,Quality Issue,261.54
5877,13,9,2024-12-22,2.17,Storage Issue,55.34
5878,13,13,2024-12-17,11.37,Storage Issue,2145.97
5879,13,22,2024-12-08,11.89,Quality Issue,3871.15
5880,13,39,2024-12-02,12.92,Storage Issue,917.45
5881,13,6,2025-01-22,11.11,Expired,510.73
5882,13,57,2025-01-12,10.73,Storage Issue,2674.45
5883,13,41,2025-01-10,8.34,Quality Issue,723.24
5884,13,24,2025-01-25,6.4,Spoilage,1365.82
5885,13,56,2025-01-03,7.34,Storage Issue,922.93
5886,13,33,2025-01-05,7.18,Spoilage,870.5
5887,13,44,2025-01-27,9.55,Spoilage,2523.97
5888,13,54,2025-01-20,1.18,Spoilage,103.89
5889,13,64,2025-01-15,1.69,Spoilage,571.81
5890,13,38,2025-01-19,5.48,Preparation Error,1050.52
5891,13,20,2025-02-06,6.16,Overproduction,925.11
5892,13,1,2025-02-19,12.03,Spoilage,432.72
5893,13,43,2025-02-09,7.43,Expired,1358.13
5894,13,32,2025-02-15,8.66,Overproduction,291.15
5895,13,4,2025-02-16,9.7,Overproduction,1158.66
5896,13,7,2025-02-14,5.11,Storage Issue,1513.89
5897,13,33,2025-02-03,11.75,storage issue,4032.95
5898,13,52,2025-02-21,4.79,Storage Issue,1392.12
5899,13,37,2025-02-10,8.36,Expired,586.87
5900,13,36,2025-02-15,13.0,Quality Issue,2388.88
5901,13,5,2025-03-05,9.59,Storage Issue,1250.25
5902,13,58,2025-03-28,3.65,Preparation Error,772.23
5903,13,39,2025-03-04,5.0,Spoilage,552.0
5904,13,42,2025-03-05,6.87,Storage Issue,2389.87
5905,13,7,2025-03-17,5.69,Spoilage,262.02
5906,13,50,2025-03-27,13.59,Quality Issue,1786.54
5907,13,10,2025-03-18,4.3,Expired,1046.79
5908,13,6,2025-03-02,12.73,Overproduction,3762.1
5909,13,41,2025-03-07,3.83,Expired,777.15
5910,13,31,2025-03-13,9.14,Quality Issue,1917.02
5911,13,19,2025-04-03,8.23,Spoilage,198.75
5912,13,18,2025-04-03,7.72,Quality Issue,1258.82
5913,13,45,2025-04-08,11.76,Storage Issue,1979.8
5914,13,10,2025-04-16,11.13,Spoilage,2302.24
5915,13,41,2025-04-04,9.14,Quality Issue,612.47
5916,13,39,2025-04-08,5.48,Preparation Error,631.3
5917,13,20,2025-04-22,3.49,Overproduction,184.66
5918,13,11,2025-04-11,8.24,Expired,2761.31
5919,13,38,2025-04-08,10.2,Overproduction,264.08
5920,13,36,2025-04-28,2.33,Overproduction,439.95
5921,13,10,2025-05-12,1.73,Expired,51.42
5922,13,57,2025-05-07,13.04,Expired,3209.93
5923,13,58,2025-05-15,13.38,Overproduction,3090.51
5924,13,9,2025-05-22,11.45,Spoilage,1034.85
5925,13,46,2025-05-06,7.5,Storage Issue,1342.05
5926,13,14,2025-05-13,7.33,Storage Issue,554.15
5927,13,15,2025-05-27,1.39,Spoilage,157.46
5928,13,43,2025-05-04,9.86,Preparation Error,2969.83
5929,13,1,2025-05-09,6.01,Preparation Error,1681.96
5930,13,45,2025-05-19,10.72,Preparation Error,3490.0
5931,13,54,2025-06-10,9.6,Expired,1866.91
5932,13,26,2025-06-07,6.4,Expired,918.72
5933,13,32,2025-06-18,13.92,Storage Issue,4465.68
5934,13,59,2025-06-05,8.43,Expired,1505.77
5935,13,64,2025-06-18,14.07,Expired,1240.13
5936,13,21,2025-06-02,2.53,Quality Issue,66.34
5937,13,5,2025-06-19,5.05,Overproduction,146.5
5938,13,33,2025-06-12,5.16,Storage Issue,398.61
5939,13,58,2025-06-20,3.52,Overproduction,607.94
5940,13,4,2025-06-15,5.41,Overproduction,294.85
5941,13,14,2025-07-16,7.39,Storage Issue,1795.92
5942,13,60,2025-07-04,3.99,Expired,1002.45
5943,13,45,2025-07-13,3.07,Storage Issue,842.5
5944,13,2,2025-07-10,12.14,Spoilage,492.64
5945,13,26,2025-07-27,5.96,Storage Issue,1135.2
5946,13,33,2025-07-07,6.39,Quality Issue,1984.35
5947,13,56,2025-07-27,2.53,Quality Issue,620.91
5948,13,28,2025-07-28,8.79,Expired,1001.09
5949,13,41,2025-07-13,9.61,Spoilage,480.69
5950,13,44,2025-07-09,13.36,Spoilage,3966.45
5951,13,55,2025-08-16,2.27,Overproduction,58.7
5952,13,48,2025-08-10,6.28,Spoilage,575.75
5953,13,44,2025-08-15,4.9,Preparation Error,293.76
5954,13,61,2025-08-11,6.72,Preparation Error,2262.15
5955,13,1,2025-08-07,1.42,Expired,98.76
5956,13,25,2025-08-20,12.03,Spoilage,2747.77
5957,13,64,2025-08-22,9.99,Overproduction,3212.98
5958,13,41,2025-08-14,1.43,Expired,357.9
5959,13,49,2025-08-05,10.11,Spoilage,1587.98
5960,13,2,2025-08-01,7.59,Quality Issue,740.56
5961,13,6,2025-09-14,6.7,Storage Issue,1464.75
5962,13,43,2025-09-01,9.31,Quality Issue,2731.83
5963,13,44,2025-09-16,7.06,Expired,1139.77
5964,13,8,2025-09-07,2.8,Spoilage,241.28
5965,13,33,2025-09-26,3.26,Quality Issue,1118.54
5966,13,63,2025-09-08,9.37,Storage Issue,2932.53
5967,13,56,2025-09-20,2.69,Preparation Error,855.12
5968,13,10,2025-09-27,9.58,Quality Issue,668.88
5969,13,22,2025-09-17,14.98,Spoilage,3817.35
5970,13,35,2025-09-27,8.49,Expired,2261.99
5971,13,19,2025-10-17,13.64,Expired,1420.33
5972,13,43,2025-10-07,5.31,Overproduction,887.35
5973,13,27,2025-10-08,6.83,Expired,1375.77
5974,13,21,2025-10-27,10.22,Storage Issue,386.62
5975,13,1,2025-10-26,13.21,Expired,3944.51
5976,13,28,2025-10-20,14.14,Preparation Error,4720.07
5977,13,6,2025-10-14,12.92,Quality Issue,283.72
5978,13,53,2025-10-22,12.18,Expired,1363.79
5979,13,45,2025-10-26,4.25,Preparation Error,787.18
5980,13,62,2025-10-04,14.53,Quality Issue,1234.03
5981,13,40,2025-11-15,4.8,Spoilage,1351.63
5982,13,19,2025-11-21,8.74,Preparation Error,2310.94
5983,13,58,2025-11-16,10.58,Storage Issue,2883.37
5984,13,42,2025-11-26,1.16,Quality Issue,205.59
5985,13,10,2025-11-18,2.3,Overproduction,136.25
5986,13,48,2025-11-28,4.11,Quality Issue,281.0
5987,13,51,2025-11-02,7.72,Storage Issue,1351.08
5988,13,3,2025-11-18,4.07,Overproduction,291.25
5989,13,39,2025-11-03,11.75,Quality Issue,3454.85
5990,13,43,2025-11-28,5.08,Quality Issue,596.39
5991,13,7,2025-12-15,12.93,Storage Issue,2634.88
5992,13,46,2025-12-28,12.8,Storage Issue,732.03
5993,13,18,2025-12-28,1.07,Overproduction,89.74
5994,13,12,2025-12-26,3.17,Quality Issue,623.6
5995,13,55,2025-12-14,12.46,Preparation Error,4069.31
5996,13,51,2025-12-02,5.98,Preparation Error,1018.27
5997,13,52,2025-12-25,6.56,Spoilage,225.34
5998,13,31,2025-12-12,10.05,Spoilage,2552.5
5999,13,50,2025-12-09,6.59,Expired,1166.56
6000,13,1,2025-12-01,10.16,Spoilage,2646.17
6001,13,45,2026-01-06,3.04,Quality Issue,71.96
6002,13,26,2026-01-01,13.45,Storage Issue,3616.57
6003,13,18,2026-01-09,4.12,Spoilage,1424.16
6004,13,10,2026-01-24,4.66,Storage Issue,371.12
6005,13,25,2026-01-20,14.52,Spoilage,2941.61
6006,13,54,2026-01-24,2.6,Overproduction,757.15
6007,13,27,2026-01-03,6.12,Expired,355.14
6008,13,42,2026-01-11,5.72,Spoilage,727.13
6009,13,36,2026-01-27,9.73,Quality Issue,2659.21
6010,13,50,2026-01-04,1.55,Expired,299.49
6011,13,1,2026-02-27,8.95,Spoilage,966.15
6012,13,10,2026-02-18,12.18,Quality Issue,1509.71
6013,13,17,2026-02-24,2.99,Expired,457.05
6014,13,41,2026-02-17,12.26,Overproduction,1618.07
6015,13,12,2026-02-25,5.57,Overproduction,1137.51
6016,13,52,2026-02-02,3.73,Overproduction,149.72
6017,13,35,2026-02-02,2.33,Quality Issue,743.9
6018,13,50,2026-02-14,1.82,Expired,69.2
6019,13,60,2026-02-23,14.63,Expired,682.64
6020,13,44,2026-02-15,1.09,Spoilage,224.25
6021,13,58,2026-03-25,12.22,Storage Issue,1916.83
6022,13,55,2026-03-09,6.04,Quality Issue,1486.02
6023,13,2,2026-03-26,11.42,Storage Issue,1690.39
6024,13,29,2026-03-21,13.93,Expired,4510.67
6025,13,54,2026-03-01,13.04,Expired,3030.24
6026,13,3,2026-03-26,9.83,Expired,1328.13
6027,13,31,2026-03-12,4.01,Expired,211.33
6028,13,33,2026-03-09,2.96,Storage Issue,905.43
6029,13,61,2026-03-25,4.1,Spoilage,549.56
6030,13,21,2026-03-06,5.58,Expired,1010.82
6031,13,4,2026-04-16,3.61,Spoilage,780.05
6032,13,49,2026-04-07,12.29,Quality Issue,2537.27
6033,13,30,2026-04-10,2.4,Spoilage,530.52
6034,13,17,2026-04-26,8.12,Quality Issue,2515.25
6035,13,14,2026-04-18,2.21,Preparation Error,162.35
6036,13,32,2026-04-21,3.32,Overproduction,517.39
6037,13,3,2026-04-20,2.78,Storage Issue,170.5
6038,13,50,2026-04-18,9.1,Preparation Error,1779.32
6039,13,22,2026-04-24,10.86,Quality Issue,417.35
6040,13,31,2026-04-26,9.21,Preparation Error,2529.43
6041,13,30,2026-05-14,12.49,Expired,954.49
6042,13,32,2026-05-14,7.9,Expired,316.95
6043,13,38,2026-05-08,7.14,Spoilage,1861.54
6044,13,21,2026-05-21,4.15,Overproduction,726.58
6045,13,9,2026-05-12,3.96,Overproduction,591.19
6046,13,11,2026-05-10,4.12,Expired,125.91
6047,13,17,2026-05-21,11.23,Spoilage,3548.12
6048,13,47,2026-05-13,6.5,Spoilage,1831.38
6049,13,62,2026-05-16,1.91,Spoilage,617.03
6050,13,58,2026-05-15,4.35,Storage Issue,392.07
6051,13,28,2026-06-03,6.1,Quality Issue,1108.0
6052,13,18,2026-06-02,6.13,Preparation Error,1596.87
6053,13,26,2026-06-03,3.49,Storage Issue,1104.31
6054,13,49,2026-06-06,8.82,Storage Issue,865.68
6055,13,21,2026-06-03,5.79,Expired,1232.63
6056,13,46,2026-06-04,13.81,Quality Issue,454.49
6057,13,55,2026-06-14,7.23,Quality Issue,1656.61
6058,13,6,2026-06-06,3.68,Storage Issue,615.44
6059,13,23,2026-06-27,3.09,Quality Issue,991.49
6060,13,33,2026-06-08,8.58,Spoilage,1634.23
6061,13,42,2026-07-11,10.43,Storage Issue,2672.17
6062,13,30,2026-07-16,2.81,Expired,670.1
6063,13,17,2026-07-12,1.28,Quality Issue,147.21
6064,13,10,2026-07-05,6.07,Quality Issue,867.04
6065,13,12,2026-07-13,14.44,Expired,429.73
6066,13,35,2026-07-17,2.49,Expired,814.48
6067,13,7,2026-07-15,3.24,Expired,369.88
6068,13,37,2026-07-16,10.35,Storage Issue,3260.77
6069,13,65,2026-07-26,7.5,Preparation Error,714.98
6070,13,25,2026-07-05,13.94,Expired,362.3
6071,13,65,2026-08-11,10.77,Expired,2880.97
6072,13,21,2026-08-01,10.34,Spoilage,369.34
6073,13,49,2026-08-14,1.24,Overproduction,410.22
6074,13,10,2026-08-16,6.58,Quality Issue,449.94
6075,13,22,2026-08-13,5.71,Spoilage,1890.98
6076,13,57,2026-08-19,7.21,Storage Issue,1477.18
6077,13,51,2026-08-17,6.56,Expired,2011.95
6078,13,42,2026-08-19,12.58,Preparation Error,2348.81
6079,13,45,2026-08-24,6.08,Preparation Error,1062.42
6080,13,36,2026-08-09,2.2,Storage Issue,151.62
6081,14,1,2024-01-27,11.29,Overproduction,543.5
6082,14,2,2024-01-11,7.39,Expired,2235.11
6083,14,11,2024-01-09,23.25,Preparation Error,6960.12
6084,14,6,2024-01-06,27.86,Expired,6124.19
6085,14,22,2024-01-20,7.46,Quality Issue,1950.94
6086,14,20,2024-01-22,2.97,Expired,933.5
6087,14,65,2024-01-16,6.46,Expired,332.63
6088,14,42,2024-01-09,19.59,Spoilage,5498.91
6089,14,55,2024-01-13,8.74,Expired,2638.69
6090,14,45,2024-01-09,14.0,Quality Issue,1066.52
6091,14,28,2024-01-19,9.94,Storage Issue,1675.49
6092,14,36,2024-01-04,8.03,Overproduction,2741.52
6093,14,8,2024-01-01,23.84,Overproduction,7527.96
6094,14,48,2024-01-18,19.54,Expired,4934.83
6095,14,46,2024-01-01,12.62,Overproduction,3011.26
6096,14,64,2024-01-28,24.81,Expired,4130.86
6097,14,43,2024-01-04,16.26,Overproduction,1536.9
6098,14,12,2024-01-08,31.42,Spoilage,6692.46
6099,14,19,2024-01-23,13.56,Expired,4274.11
6100,14,17,2024-01-07,19.1,Expired,5450.57
6101,14,34,2024-01-20,9.36,Overproduction,408.56
6102,14,49,2024-01-03,34.5,Expired,1924.75
6103,14,41,2024-01-25,9.27,Storage Issue,1764.17
6104,14,23,2024-01-17,7.17,Preparation Error,950.24
6105,14,7,2024-01-24,4.58,Spoilage,1479.16
6106,14,60,2024-01-02,25.97,Quality Issue,6132.56
6107,14,44,2024-01-24,18.36,Overproduction,1332.02
6108,14,62,2024-01-15,26.77,Expired,3603.24
6109,14,10,2024-01-02,34.7,Storage Issue,9616.76
6110,14,24,2024-01-24,13.92,Overproduction,1921.66
6111,14,40,2024-01-02,14.57,Expired,2872.62
6112,14,31,2024-01-16,37.32,Spoilage,4488.1
6113,14,34,2024-02-22,3.36,expired,75.8
6114,14,3,2024-02-16,157.99,Spoilage,522.04
6115,14,21,2024-02-20,20.06,Overproduction,7004.15
6116,14,47,2024-02-10,24.12,Expired,2494.97
6117,14,55,2024-02-23,35.45,Expired,1329.02
6118,14,40,2024-02-09,5.24,Storage Issue,129.32
6119,14,44,2024-02-01,8.46,Preparation Error,2780.21
6120,14,37,2024-02-02,23.11,Expired,6517.25
6121,14,31,2024-02-11,234.36,Expired,5034.05
6122,14,62,2024-02-02,30.63,Overproduction,1970.43
6123,14,10,2024-02-10,23.0,Spoilage,2297.01
6124,14,59,2024-02-08,29.69,Spoilage,4143.54
6125,14,42,2024-02-07,18.06,Overproduction,4100.34
6126,14,4,2024-02-03,34.31,Spoilage,6090.37
6127,14,23,2024-02-12,19.51,Spoilage,4224.89
6128,14,25,2024-02-27,18.17,Expired,5535.13
6129,14,53,2024-02-23,28.25,Preparation Error,9181.81
6130,14,29,2024-02-16,28.39,Preparation Error,7545.49
6131,14,43,2024-02-27,34.59,Storage Issue,2033.55
6132,14,1,2024-02-08,31.26,Overproduction,6030.05
6133,14,27,2024-02-19,13.27,Expired,4258.87
6134,14,9,2024-02-04,15.88,Quality Issue,3308.12
6135,14,8,2024-02-03,19.11,Storage Issue,473.35
6136,14,45,2024-02-16,35.92,Expired,4783.11
6137,14,58,2024-02-14,5.56,Overproduction,366.29
6138,14,51,2024-02-13,30.93,Overproduction,5760.09
6139,14,50,2024-02-19,9.41,Spoilage,3268.94
6140,14,26,2024-02-17,30.53,Expired,4300.46
6141,14,61,2024-02-24,36.84,Spoilage,6434.47
6142,14,48,2024-02-07,14.23,Overproduction,3570.02
6143,14,2,2024-02-18,12.88,Overproduction,2442.18
6144,14,54,2024-02-13,36.09,Preparation Error,1012.32
6145,14,9,2024-03-24,22.08,Storage Issue,7270.72
6146,14,27,2024-03-06,32.65,Quality Issue,10112.03
6147,14,39,2024-03-01,17.82,Storage Issue,5481.08
6148,14,56,2024-03-26,28.53,Quality Issue,8656.86
6149,14,65,2024-03-25,10.38,Spoilage,1871.72
6150,14,20,2024-03-26,30.98,Overproduction,3016.83
6151,14,12,2024-03-19,11.38,Preparation Error,2607.16
6152,14,58,2024-03-23,6.4,Expired,568.9
6153,14,64,2024-03-11,17.9,Overproduction,3599.15
6154,14,3,2024-03-05,34.56,Expired,2116.45
6155,14,36,2024-03-05,27.86,Storage Issue,3900.12
6156,14,50,2024-03-02,28.24,Expired,1657.69
6157,14,52,2024-03-25,21.7,Storage Issue,4976.89
6158,14,13,2024-03-24,14.13,Expired,1162.62
6159,14,38,2024-03-11,16.78,Storage Issue,3966.79
6160,14,24,2024-03-26,7.79,Overproduction,1864.93
6161,14,30,2024-03-11,30.31,Preparation Error,9878.03
6162,14,60,2024-03-09,25.09,Preparation Error,8557.2
6163,14,16,2024-03-02,35.32,Expired,6239.98
6164,14,37,2024-03-14,23.37,Overproduction,4193.05
6165,14,57,2024-03-17,20.61,Overproduction,4181.56
6166,14,33,2024-03-08,6.4,Storage Issue,849.79
6167,14,32,2024-03-23,19.83,Expired,5363.22
6168,14,15,2024-03-21,25.77,Quality Issue,2389.65
6169,14,62,2024-03-10,34.75,Expired,11729.86
6170,14,47,2024-03-19,28.49,Spoilage,4793.16
6171,14,23,2024-03-16,8.22,Quality Issue,1993.51
6172,14,55,2024-03-12,4.65,Expired,1510.79
6173,14,7,2024-03-06,35.9,Expired,3983.82
6174,14,48,2024-03-05,11.17,Quality Issue,3834.77
6175,14,29,2024-03-12,23.16,Preparation Error,882.4
6176,14,49,2024-03-20,27.31,Expired,2826.04
6177,14,23,2024-04-23,13.12,Storage Issue,268.17
6178,14,28,2024-04-06,36.69,Quality Issue,2429.61
6179,14,7,2024-04-06,24.51,Expired,6425.3
6180,14,42,2024-04-19,34.8,Spoilage,7781.28
6181,14,37,2024-04-05,22.19,Expired,5182.47
6182,14,11,2024-04-02,6.43,Expired,487.72
6183,14,52,2024-04-23,23.74,Overproduction,2393.23
6184,14,49,2024-04-08,3.72,Quality Issue,332.94
6185,14,27,2024-04-09,16.76,Expired,3041.6
6186,14,1,2024-04-15,26.95,Overproduction,5012.43
6187,14,60,2024-04-06,7.2,Preparation Error,2460.89
6188,14,58,2024-04-15,26.41,Spoilage,9113.56
6189,14,35,2024-04-03,18.85,Storage Issue,6474.22
6190,14,64,2024-04-18,13.97,Overproduction,539.24
6191,14,14,2024-04-18,17.39,SPOILAGE,496.48
6192,14,57,2024-04-20,34.1,Overproduction,901.26
6193,14,33,2024-04-23,31.74,Overproduction,5295.5
6194,14,21,2024-04-22,14.91,Expired,4346.41
6195,14,3,2024-04-08,26.49,Spoilage,1142.51
6196,14,19,2024-04-26,19.6,Overproduction,6768.66
6197,14,39,2024-04-14,2.81,Expired,509.79
6198,14,45,2024-04-10,37.13,Overproduction,5199.31
6199,14,29,2024-04-06,26.46,Expired,7504.06
6200,14,18,2024-04-19,14.93,Expired,1057.94
6201,14,25,2024-04-04,21.67,Quality Issue,2702.47
6202,14,41,2024-04-04,7.7,Preparation Error,2457.69
6203,14,22,2024-04-20,7.1,Spoilage,867.76
6204,14,9,2024-04-11,31.18,Spoilage,3845.43
6205,14,15,2024-04-05,19.79,Preparation Error,1149.21
6206,14,24,2024-04-16,18.59,Preparation Error,3311.62
6207,14,5,2024-04-22,34.59,Spoilage,4350.38
6208,14,36,2024-04-10,6.64,Preparation Error,724.69
6209,14,35,2024-05-15,22.42,Expired,6435.21
6210,14,5,2024-05-10,22.81,Expired,6222.11
6211,14,51,2024-05-26,32.97,Preparation Error,9343.37
6212,14,41,2024-05-17,19.14,Spoilage,5605.15
6213,14,49,2024-05-14,31.73,Preparation Error,5359.83
6214,14,34,2024-05-09,31.58,Overproduction,9060.93
6215,14,13,2024-05-13,7.52,Spoilage,1564.31
6216,14,64,2024-05-03,26.18,Expired,3967.58
6217,14,36,2024-05-02,35.76,Preparation Error,768.48
6218,14,10,2024-05-16,10.01,Storage Issue,920.02
6219,14,65,2024-05-26,33.16,Storage Issue,1935.88
6220,14,22,2024-05-17,13.14,Expired,1226.75
6221,14,14,2024-05-19,36.11,Quality Issue,3373.76
6222,14,37,2024-05-13,20.82,Overproduction,5954.52
6223,14,33,2024-05-25,32.53,Overproduction,6371.65
6224,14,54,2024-05-25,11.36,Spoilage,3328.93
6225,14,30,2024-05-16,16.07,Spoilage,884.81
6226,14,23,2024-05-07,27.51,Expired,4267.9
6227,14,25,2024-05-09,13.12,Overproduction,4540.96
6228,14,27,2024-05-19,25.47,Quality Issue,6154.83
6229,14,61,2024-05-11,18.78,Overproduction,4879.04
6230,14,21,2024-05-01,6.16,Spoilage,1422.47
6231,14,44,2024-05-13,14.0,Quality Issue,4534.74
6232,14,59,2024-05-05,21.48,Expired,3724.2
6233,14,8,2024-05-13,29.1,Storage Issue,9001.21
6234,14,62,2024-05-02,16.4,Expired,3878.27
6235,14,58,2024-05-22,5.91,Expired,706.6
6236,14,38,2024-05-14,6.84,Preparation Error,1136.12
6237,14,1,2024-05-27,33.42,Expired,9196.52
6238,14,57,2024-05-14,5.92,Storage Issue,914.05
6239,14,43,2024-05-12,18.34,Expired,4671.38
6240,14,42,2024-05-10,22.7,Preparation Error,2465.67
6241,14,6,2024-06-13,2.88,Spoilage,91.64
6242,14,7,2024-06-24,26.95,Quality Issue,6599.52
6243,14,55,2024-06-19,31.19,Preparation Error,8083.82
6244,14,28,2024-06-08,21.64,Preparation Error,3494.21
6245,14,10,2024-06-26,27.2,Quality Issue,7742.21
6246,14,22,2024-06-06,28.36,Expired,4887.28
6247,14,34,2024-06-10,21.67,Storage Issue,1365.64
6248,14,18,2024-06-07,29.34,Expired,773.99
6249,14,42,2024-06-10,8.31,Preparation Error,953.32
6250,14,24,2024-06-19,10.36,Quality Issue,3035.38
6251,14,25,2024-06-07,22.94,Spoilage,4221.88
6252,14,36,2024-06-04,37.08,Preparation Error,7924.74
6253,14,33,2024-06-22,31.42,Overproduction,9550.74
6254,14,50,2024-06-23,5.05,Spoilage,397.99
6255,14,56,2024-06-06,8.8,Spoilage,1605.56
6256,14,64,2024-06-03,34.31,Spoilage,5370.89
6257,14,41,2024-06-25,36.83,Preparation Error,5316.41
6258,14,61,2024-06-24,20.98,Expired,2654.18
6259,14,1,2024-06-04,28.03,Storage Issue,5062.5
6260,14,57,2024-06-24,24.55,Preparation Error,1377.5
6261,14,12,2024-06-21,11.26,Preparation Error,1773.56
6262,14,60,2024-06-27,12.97,Expired,1045.38
6263,14,59,2024-06-16,21.91,Storage Issue,4838.17
6264,14,3,2024-06-02,31.98,Spoilage,7125.46
6265,14,19,2024-06-24,28.96,Overproduction,4891.63
6266,14,20,2024-06-08,14.44,Expired,3648.99
6267,14,35,2024-06-21,11.2,Quality Issue,3621.52
6268,14,37,2024-06-26,29.36,Preparation Error,7598.37
6269,14,8,2024-06-17,9.58,Expired,905.79
6270,14,63,2024-06-12,32.83,Storage Issue,6764.62
6271,14,5,2024-06-12,13.16,Preparation Error,3201.7
6272,14,62,2024-06-17,28.28,Overproduction,1643.92
6273,14,56,2024-07-13,31.32,Overproduction,5118.31
6274,14,29,2024-07-22,16.39,Storage Issue,3722.5
6275,14,25,2024-07-04,28.96,Spoilage,8741.58
6276,14,32,2024-07-27,5.92,Preparation Error,1167.78
6277,14,33,2024-07-11,31.64,Expired,1857.27
6278,14,5,2024-07-06,11.34,Overproduction,2174.79
6279,14,22,2024-07-08,22.06,Spoilage,2660.44
6280,14,23,2024-07-01,31.37,Spoilage,905.65
6281,14,54,2024-07-24,21.52,Expired,6791.07
6282,14,43,2024-07-12,29.56,Spoilage,5940.08
6283,14,6,2024-07-10,32.8,Expired,10875.82
6284,14,24,2024-07-06,7.42,Spoilage,2285.58
6285,14,7,2024-07-08,12.74,Overproduction,2794.52
6286,14,10,2024-07-05,6.26,Expired,1777.53
6287,14,44,2024-07-10,14.46,Overproduction,2183.17
6288,14,46,2024-07-04,12.87,Expired,1054.18
6289,14,12,2024-07-08,9.79,Storage Issue,814.82
6290,14,28,2024-07-04,17.13,Preparation Error,3769.29
6291,14,48,2024-07-22,24.16,Overproduction,2450.55
6292,14,65,2024-07-20,5.61,Expired,1529.9
6293,14,38,2024-07-23,17.3,Preparation Error,4499.38
6294,14,4,2024-07-23,33.35,Preparation Error,8921.46
6295,14,47,2024-07-11,29.12,Overproduction,2504.9
6296,14,1,2024-07-01,36.75,Expired,9288.93
6297,14,53,2024-07-16,31.58,Spoilage,4987.75
6298,14,35,2024-07-16,22.2,Expired,4902.43
6299,14,51,2024-07-21,19.58,Expired,4999.56
6300,14,27,2024-07-23,31.15,Spoilage,10883.5
6301,14,26,2024-07-18,20.04,Quality Issue,3437.06
6302,14,30,2024-07-10,30.3,Quality Issue,10383.81
6303,14,11,2024-07-17,11.02,Spoilage,3368.04
6304,14,64,2024-07-03,16.4,Spoilage,3523.05
6305,14,4,2024-08-25,23.18,Storage Issue,670.13
6306,14,57,2024-08-18,29.66,Expired,7003.02
6307,14,63,2024-08-12,11.81,Quality Issue,312.02
6308,14,49,2024-08-14,3.4,Spoilage,505.75
6309,14,15,2024-08-09,3.64,Spoilage,712.6
6310,14,23,2024-08-01,33.12,Overproduction,1717.27
6311,14,16,2024-08-22,17.21,Quality Issue,1292.3
6312,14,3,2024-08-14,26.25,Spoilage,2234.4
6313,14,18,2024-08-07,36.18,Overproduction,2550.69
6314,14,52,2024-08-05,7.64,Spoilage,1436.09
6315,14,64,2024-08-08,10.88,Overproduction,1980.81
6316,14,47,2024-08-16,23.6,Preparation Error,5353.66
6317,14,31,2024-08-27,4.88,Storage Issue,322.32
6318,14,30,2024-08-18,5.85,Expired,1086.46
6319,14,45,2024-08-10,10.68,Preparation Error,3411.73
6320,14,17,2024-08-18,12.49,Spoilage,289.64
6321,14,60,2024-08-17,4.91,Overproduction,1015.49
6322,14,51,2024-08-20,25.52,Expired,7376.56
6323,14,34,2024-08-03,23.52,Expired,4674.36
6324,14,27,2024-08-23,16.42,Expired,703.43
6325,14,36,2024-08-23,8.22,Expired,2659.17
6326,14,6,2024-08-01,6.86,Overproduction,234.27
6327,14,12,2024-08-07,35.35,Overproduction,3752.05
6328,14,56,2024-08-18,27.36,Storage Issue,2873.35
6329,14,20,2024-08-06,22.33,Spoilage,4666.08
6330,14,10,2024-08-01,26.26,Expired,5033.78
6331,14,58,2024-08-26,211.12,Expired,6629.47
6332,14,44,2024-08-16,27.22,Storage Issue,6765.8
6333,14,46,2024-08-22,14.61,Storage Issue,3916.21
6334,14,50,2024-08-22,32.2,Expired,7861.31
6335,14,53,2024-08-24,19.08,Spoilage,1430.62
6336,14,62,2024-08-28,29.81,Storage Issue,3829.99
6337,14,19,2024-09-19,17.57,Spoilage,1655.62
6338,14,25,2024-09-04,21.25,Quality Issue,7157.85
6339,14,33,2024-09-13,9.14,Expired,1342.21
6340,14,52,2024-09-13,25.96,Quality Issue,2138.58
6341,14,6,2024-09-18,5.11,Preparation Error,689.85
6342,14,24,2024-09-20,36.96,Spoilage,12352.03
6343,14,48,2024-09-05,7.28,Spoilage,2065.26
6344,14,7,2024-09-03,15.34,Storage Issue,4906.19
6345,14,3,2024-09-12,4.89,Spoilage,446.65
6346,14,31,2024-09-14,12.73,Expired,296.99
6347,14,5,2024-09-13,12.06,Spoilage,2939.14
6348,14,2,2024-09-09,11.11,Storage Issue,793.37
6349,14,37,2024-09-14,10.16,Expired,3231.29
6350,14,39,2024-09-14,19.35,Preparation Error,982.21
6351,14,27,2024-09-01,7.61,Overproduction,1309.68
6352,14,40,2024-09-16,35.97,Preparation Error,8134.98
6353,14,21,2024-09-10,3.5,Quality Issue,842.27
6354,14,16,2024-09-23,29.8,Storage Issue,5221.56
6355,14,59,2024-09-17,24.35,Preparation Error,6295.94
6356,14,29,2024-09-12,4.4,Spoilage,197.96
6357,14,63,2024-09-12,6.67,Expired,1256.29
6358,14,11,2024-09-15,19.43,Overproduction,1945.72
6359,14,1,2024-09-13,13.65,Storage Issue,3369.78
6360,14,50,2024-09-11,29.0,Expired,10088.52
6361,14,49,2024-09-25,2.97,Overproduction,187.91
6362,14,57,2024-09-08,17.24,Overproduction,4457.75
6363,14,65,2024-09-14,18.66,Spoilage,5389.94
6364,14,42,2024-09-11,34.21,Overproduction,8310.29
6365,14,22,2024-09-02,3.2,Expired,1060.96
6366,14,55,2024-09-13,24.76,Expired,6783.99
6367,14,45,2024-09-02,28.01,Expired,2609.69
6368,14,58,2024-09-21,21.31,Overproduction,3873.94
6369,14,26,2024-10-09,23.59,Expired,6971.55
6370,14,47,2024-10-19,14.51,Spoilage,2135.29
6371,14,7,2024-10-12,21.6,Expired,2757.02
6372,14,31,2024-10-28,30.58,Expired,2590.13
6373,14,60,2024-10-14,16.75,Preparation Error,1430.12
6374,14,1,2024-10-20,4.35,Overproduction,1325.4
6375,14,43,2024-10-25,30.17,Expired,5361.81
6376,14,10,2024-10-09,5.66,Overproduction,1669.87
6377,14,54,2024-10-04,25.15,Preparation Error,1518.05
6378,14,18,2024-10-08,31.34,Spoilage,9378.18
6379,14,5,2024-10-22,4.27,Storage Issue,110.59
6380,14,46,2024-10-12,33.3,Storage Issue,6829.5
6381,14,6,2024-10-07,30.63,Spoilage,4365.69
6382,14,35,2024-10-04,27.26,Quality Issue,2423.14
6383,14,29,2024-10-20,30.51,Spoilage,4598.16
6384,14,36,2024-10-23,20.35,Quality Issue,6466.01
6385,14,53,2024-10-16,27.82,Expired,8651.19
6386,14,13,2024-10-18,16.9,Quality Issue,3972.51
6387,14,65,2024-10-22,3.49,Overproduction,253.48
6388,14,22,2024-10-20,23.41,Quality Issue,2157.23
6389,14,15,2024-10-27,208.46,Preparation Error,3271.63
6390,14,11,2024-10-10,16.67,Overproduction,2336.47
6391,14,44,2024-10-01,18.62,Overproduction,5473.54
6392,14,45,2024-10-15,37.3,Storage Issue,5671.47
6393,14,51,2024-10-13,12.78,Expired,1767.6
6394,14,50,2024-10-10,6.05,Expired,1743.19
6395,14,34,2024-10-09,19.8,Spoilage,1872.49
6396,14,25,2024-10-12,33.69,Preparation Error,10499.49
6397,14,62,2024-10-05,21.25,Preparation Error,6066.66
6398,14,49,2024-10-23,26.38,Spoilage,2208.01
6399,14,17,2024-10-20,185.01,Overproduction,2560.54
6400,14,14,2024-10-16,15.02,Expired,681.61
6401,14,3,2024-11-02,22.77,Expired,5337.06
6402,14,13,2024-11-20,19.37,Preparation Error,1609.84
6403,14,52,2024-11-14,8.15,Quality Issue,2370.35
6404,14,58,2024-11-06,32.37,Overproduction,661.64
6405,14,29,2024-11-26,7.12,Expired,315.91
6406,14,37,2024-11-08,13.36,Storage Issue,1256.11
6407,14,34,2024-11-26,11.13,SPOILAGE,303.96
6408,14,6,2024-11-18,10.2,Spoilage,3516.04
6409,14,53,2024-11-08,3.41,Expired,787.37
6410,14,48,2024-11-01,25.16,Overproduction,3421.76
6411,14,26,2024-11-02,11.8,Overproduction,2139.22
6412,14,21,2024-11-07,30.4,Overproduction,10449.7
6413,14,12,2024-11-07,7.22,Spoilage,2349.97
6414,14,16,2024-11-20,9.29,Expired,2114.13
6415,14,36,2024-11-02,4.86,Preparation Error,1246.2
6416,14,23,2024-11-12,24.73,Spoilage,7183.57
6417,14,17,2024-11-05,4.32,Preparation Error,1071.96
6418,14,11,2024-11-28,30.47,Storage Issue,8024.58
6419,14,40,2024-11-11,15.21,Overproduction,4821.57
6420,14,31,2024-11-06,24.87,Storage Issue,6748.72
6421,14,51,2024-11-26,3.36,Storage Issue,951.92
6422,14,55,2024-11-13,27.9,Overproduction,730.14
6423,14,32,2024-11-03,4.67,Spoilage,1407.58
6424,14,44,2024-11-16,21.65,Expired,3229.31
6425,14,63,2024-11-15,16.39,Overproduction,4160.6
6426,14,4,2024-11-25,34.73,Expired,7908.02
6427,14,60,2024-11-01,11.83,Expired,337.98
6428,14,7,2024-11-16,32.11,Expired,1713.39
6429,14,54,2024-11-05,37.38,Spoilage,7481.61
6430,14,43,2024-11-09,7.18,Overproduction,1126.33
6431,14,39,2024-11-03,7.83,Expired,1620.42
6432,14,46,2024-11-03,36.2,Overproduction,9660.33
6433,14,31,2024-12-05,16.67,Expired,3635.23
6434,14,46,2024-12-12,6.84,Spoilage,888.99
6435,14,37,2024-12-12,14.26,Spoilage,2914.6
6436,14,51,2024-12-13,7.2,Spoilage,1736.5
6437,14,48,2024-12-25,34.0,quality issue,10649.48
6438,14,52,2024-12-20,8.17,Expired,1530.24
6439,14,40,2024-12-16,5.64,Expired,933.76
6440,14,60,2024-12-07,2.67,Preparation Error,598.96
6441,14,14,2024-12-02,14.0,Spoilage,1707.44
6442,14,2,2024-12-19,33.76,Preparation Error,7100.4
6443,14,56,2024-12-02,25.63,Overproduction,7519.33
6444,14,19,2024-12-18,4.32,Storage Issue,554.13
6445,14,7,2024-12-07,19.01,Quality Issue,2630.03
6446,14,62,2024-12-18,7.11,Expired,2220.88
6447,14,12,2024-12-01,13.01,Overproduction,2526.41
6448,14,44,2024-12-15,7.39,Overproduction,2508.54
6449,14,34,2024-12-28,34.71,Spoilage,5441.14
6450,14,10,2024-12-16,16.5,Expired,1613.7
6451,14,29,2024-12-17,17.85,Spoilage,6211.44
6452,14,55,2024-12-15,5.95,Expired,532.7
6453,14,21,2024-12-19,30.3,Expired,9752.66
6454,14,41,2024-12-09,2.93,Spoilage,509.64
6455,14,25,2024-12-24,33.97,Quality Issue,10556.86
6456,14,5,2024-12-17,29.21,Expired,3262.76
6457,14,53,2024-12-26,16.44,PREPARATION ERROR,3832.49
6458,14,9,2024-12-24,34.36,Preparation Error,9502.6
6459,14,22,2024-12-06,24.58,Preparation Error,4447.75
6460,14,18,2024-12-12,6.0,Overproduction,829.44
6461,14,43,2024-12-18,21.27,Preparation Error,2393.94
6462,14,63,2024-12-09,6.1,Quality Issue,1105.14
6463,14,45,2024-12-12,25.51,Overproduction,4333.38
6464,14,42,2024-12-07,10.26,Expired,3315.72
6465,14,57,2025-01-11,23.2,Expired,1349.78
6466,14,28,2025-01-18,3.09,Storage Issue,897.55
6467,14,55,2025-01-13,18.13,Expired,709.43
6468,14,1,2025-01-10,3.98,Overproduction,525.04
6469,14,62,2025-01-18,11.1,Expired,1277.28
6470,14,20,2025-01-13,5.46,Overproduction,1264.32
6471,14,47,2025-01-16,16.18,Expired,797.67
6472,14,34,2025-01-13,5.48,Expired,940.48
6473,14,27,2025-01-15,29.62,Spoilage,793.22
6474,14,65,2025-01-09,7.75,Expired,2588.5
6475,14,36,2025-01-04,17.55,Preparation Error,5478.76
6476,14,33,2025-01-12,35.91,Expired,3681.13
6477,14,46,2025-01-20,32.96,Preparation Error,1225.78
6478,14,17,2025-01-13,19.78,Storage Issue,4873.2
6479,14,15,2025-01-12,29.8,Spoilage,6943.1
6480,14,12,2025-01-17,35.6,Preparation Error,10741.94
6481,14,41,2025-01-04,16.8,Spoilage,2898.5
6482,14,48,2025-01-24,10.43,Preparation Error,2223.78
6483,14,6,2025-01-14,15.24,Spoilage,426.26
6484,14,61,2025-01-23,9.83,Expired,3171.26
6485,14,23,2025-01-23,30.57,Storage Issue,5301.14
6486,14,24,2025-01-05,32.89,Expired,4519.09
6487,14,16,2025-01-04,7.15,Spoilage,1401.76
6488,14,3,2025-01-22,36.61,Expired,2414.06
6489,14,35,2025-01-22,20.7,Preparation Error,5124.08
6490,14,10,2025-01-12,32.15,Spoilage,6091.14
6491,14,18,2025-01-21,10.55,Storage Issue,3206.46
6492,14,43,2025-01-01,3.95,Storage Issue,900.52
6493,14,40,2025-01-10,29.19,Preparation Error,9624.82
6494,14,29,2025-01-05,5.7,Expired,479.66
6495,14,50,2025-01-04,15.14,Overproduction,2162.6
6496,14,19,2025-01-13,27.52,Expired,7685.24
6497,14,39,2025-02-12,35.21,Expired,3097.07
6498,14,8,2025-02-19,35.49,Storage Issue,6637.69
6499,14,13,2025-02-24,28.63,Overproduction,4801.54
6500,14,17,2025-02-11,18.93,Overproduction,1364.1
6501,14,4,2025-02-27,11.66,Spoilage,4052.67
6502,14,65,2025-02-10,11.64,Expired,1619.47
6503,14,24,2025-02-18,13.44,Spoilage,3510.93
6504,14,15,2025-02-13,35.69,Expired,5000.53
6505,14,11,2025-02-28,20.55,Expired,1740.17
6506,14,43,2025-02-27,13.7,Quality Issue,3134.42
6507,14,54,2025-02-02,22.77,Spoilage,4170.33
6508,14,45,2025-02-23,26.56,Expired,4181.08
6509,14,52,2025-02-08,34.93,Overproduction,3032.27
6510,14,14,2025-02-08,19.88,Storage Issue,3974.61
6511,14,61,2025-02-22,15.56,Overproduction,4739.11
6512,14,23,2025-02-15,36.63,Expired,8915.74
6513,14,35,2025-02-01,89.53,Spoilage,1530.45
6514,14,34,2025-02-07,9.78,Expired,1942.01
6515,14,9,2025-02-22,4.51,Overproduction,854.74
6516,14,1,2025-02-20,4.43,Preparation Error,965.65
6517,14,20,2025-02-03,18.58,Expired,508.35
6518,14,40,2025-02-20,10.84,Expired,1605.62
6519,14,63,2025-02-18,7.11,Storage Issue,344.48
6520,14,48,2025-02-28,32.71,Preparation Error,7320.17
6521,14,12,2025-02-14,6.97,Spoilage,1416.51
6522,14,22,2025-02-19,20.19,Expired,2676.59
6523,14,7,2025-02-10,2.59,Overproduction,788.47
6524,14,18,2025-02-17,3.8,Spoilage,626.85
6525,14,27,2025-02-03,16.59,Spoilage,3482.57
6526,14,49,2025-02-15,14.81,Preparation Error,1048.4
6527,14,25,2025-02-09,15.61,Expired,1727.4
6528,14,30,2025-02-28,6.36,Quality Issue,1822.08
6529,14,24,2025-03-03,30.1,Overproduction,9040.23
6530,14,18,2025-03-05,20.63,Storage Issue,7056.08
6531,14,13,2025-03-10,36.65,Expired,12198.59
6532,14,39,2025-03-26,4.25,Preparation Error,499.08
6533,14,57,2025-03-22,4.31,Expired,241.1
6534,14,31,2025-03-04,8.26,Expired,2267.78
6535,14,2,2025-03-16,6.37,Storage Issue,380.42
6536,14,46,2025-03-04,5.43,Spoilage,832.36
6537,14,22,2025-03-16,31.21,Spoilage,3136.92
6538,14,59,2025-03-22,11.07,Overproduction,3016.24
6539,14,3,2025-03-19,29.78,Expired,1743.32
6540,14,32,2025-03-08,22.4,Preparation Error,2507.01
6541,14,42,2025-03-03,20.26,Spoilage,1321.97
6542,14,1,2025-03-26,29.5,Storage Issue,708.3
6543,14,55,2025-03-17,10.43,Spoilage,815.52
6544,14,33,2025-03-26,26.1,Spoilage,3038.56
6545,14,8,2025-03-15,29.01,Overproduction,1970.65
6546,14,16,2025-03-19,8.25,Spoilage,642.84
6547,14,14,2025-03-14,12.03,Overproduction,1141.41
6548,14,51,2025-03-04,9.44,Spoilage,2211.89
6549,14,26,2025-03-08,9.68,Overproduction,621.75
6550,14,36,2025-03-06,4.25,Spoilage,277.82
6551,14,21,2025-03-16,20.41,Expired,6658.35
6552,14,9,2025-03-10,10.37,Expired,2644.76
6553,14,30,2025-03-23,23.69,Expired,7457.38
6554,14,7,2025-03-17,11.81,Quality Issue,305.76
6555,14,5,2025-03-23,3.48,Expired,436.18
6556,14,50,2025-03-28,188.3,Expired,7351.5
6557,14,48,2025-03-14,10.83,Preparation Error,2640.46
6558,14,52,2025-03-21,4.86,Spoilage,1332.95
6559,14,4,2025-03-28,32.82,Expired,7841.68
6560,14,65,2025-03-06,27.45,Preparation Error,6628.35
6561,14,30,2025-04-17,32.7,Spoilage,1342.66
6562,14,61,2025-04-07,18.69,Spoilage,1630.52
6563,14,36,2025-04-16,21.78,Expired,2673.06
6564,14,6,2025-04-15,25.41,Preparation Error,6887.63
6565,14,57,2025-04-09,20.03,Expired,2767.95
6566,14,13,2025-04-06,13.63,Overproduction,1481.17
6567,14,54,2025-04-07,30.29,Spoilage,8143.16
6568,14,55,2025-04-05,36.89,Quality Issue,11325.6
6569,14,40,2025-04-28,18.88,Storage Issue,5842.98
6570,14,29,2025-04-15,14.2,Overproduction,3471.62
6571,14,47,2025-04-26,20.3,Storage Issue,6575.78
6572,14,31,2025-04-07,26.48,Preparation Error,7887.07
6573,14,12,2025-04-18,3.51,Spoilage,902.81
6574,14,62,2025-04-06,35.51,Expired,5488.78
6575,14,58,2025-04-04,35.36,Storage Issue,8470.49
6576,14,27,2025-04-20,31.23,Expired,3180.78
6577,14,17,2025-04-25,30.76,Expired,4692.44
6578,14,52,2025-04-15,4.87,Preparation Error,264.83
6579,14,39,2025-04-19,5.61,Expired,1369.51
6580,14,10,2025-04-08,18.79,Preparation Error,5731.14
6581,14,18,2025-04-01,11.56,Overproduction,997.17
6582,14,42,2025-04-28,21.45,Expired,5769.19
6583,14,44,2025-04-24,33.79,Overproduction,6170.05
6584,14,53,2025-04-03,10.52,Preparation Error,501.8
6585,14,19,2025-04-22,8.26,Expired,1405.85
6586,14,1,2025-04-02,5.12,Spoilage,1313.38
6587,14,15,2025-04-18,14.93,Spoilage,3135.15
6588,14,25,2025-04-27,22.31,Overproduction,2153.36
6589,14,7,2025-04-25,18.87,Expired,3712.86
6590,14,46,2025-04-07,12.45,Preparation Error,3976.28
6591,14,14,2025-04-01,11.78,Spoilage,3867.85
6592,14,60,2025-04-26,3.76,Spoilage,903.75
6593,14,16,2025-05-21,23.89,Expired,6916.87
6594,14,26,2025-05-13,27.77,Overproduction,1195.78
6595,14,32,2025-05-17,5.1,Storage Issue,1025.36
6596,14,9,2025-05-12,23.8,Storage Issue,1874.01
6597,14,57,2025-05-02,9.7,Expired,2073.67
6598,14,59,2025-05-13,35.17,Expired,8197.78
6599,14,51,2025-05-01,21.86,Spoilage,4590.6
6600,14,49,2025-05-16,15.77,Overproduction,3367.84
6601,14,10,2025-05-05,32.46,Storage Issue,10019.1
6602,14,60,2025-05-19,8.13,Expired,1292.67
6603,14,63,2025-05-18,32.28,Preparation Error,4904.62
6604,14,39,2025-05-20,29.22,Preparation Error,5208.17
6605,14,34,2025-05-07,33.48,Expired,2356.32
6606,14,17,2025-05-04,14.82,Spoilage,1368.63
6607,14,31,2025-05-02,27.68,Overproduction,2711.26
6608,14,45,2025-05-04,11.5,Preparation Error,3789.83
6609,14,62,2025-05-28,14.49,Expired,2714.12
6610,14,29,2025-05-12,3.34,Expired,853.47
6611,14,27,2025-05-12,6.41,Quality Issue,2230.1
6612,14,3,2025-05-22,28.33,Expired,7222.73
6613,14,23,2025-05-11,22.43,Spoilage,5675.24
6614,14,65,2025-05-12,34.59,Overproduction,7909.35
6615,14,35,2025-05-05,4.1,Overproduction,629.92
6616,14,61,2025-05-11,14.84,Storage Issue,4075.66
6617,14,64,2025-05-27,12.17,Spoilage,691.5
6618,14,58,2025-05-26,6.37,Spoilage,1456.37
6619,14,33,2025-05-27,9.52,Expired,657.45
6620,14,24,2025-05-07,3.08,Quality Issue,806.19
6621,14,44,2025-05-17,2.55,Overproduction,552.87
6622,14,11,2025-05-09,4.59,Expired,998.51
6623,14,30,2025-05-06,32.1,Spoilage,9240.63
6624,14,53,2025-05-18,31.03,Expired,8571.73
6625,14,16,2025-06-08,19.64,Spoilage,5642.38
6626,14,9,2025-06-19,25.17,Spoilage,4557.28
6627,14,18,2025-06-07,11.89,Expired,1649.74
6628,14,35,2025-06-25,2.55,Preparation Error,768.57
6629,14,7,2025-06-09,29.91,Spoilage,9077.09
6630,14,28,2025-06-12,7.03,Overproduction,806.06
6631,14,6,2025-06-08,13.95,Storage Issue,4684.55
6632,14,22,2025-06-18,27.91,Storage Issue,6223.37
6633,14,14,2025-06-28,21.28,Expired,5111.46
6634,14,53,2025-06-17,28.18,Spoilage,7912.1
6635,14,63,2025-06-13,24.72,Expired,6171.84
6636,14,25,2025-06-11,204.05,Expired,8376.54
6637,14,43,2025-06-13,19.71,Overproduction,2524.46
6638,14,31,2025-06-09,2.87,Spoilage,875.49
6639,14,10,2025-06-03,29.87,Spoilage,3023.14
6640,14,13,2025-06-20,34.36,Preparation Error,11691.33
6641,14,44,2025-06-11,12.31,Spoilage,2211.25
6642,14,30,2025-06-06,11.55,STORAGE ISSUE,3087.66
6643,14,49,2025-06-16,14.86,Storage Issue,4266.75
6644,14,57,2025-06-12,28.54,Spoilage,5970.85
6645,14,40,2025-06-22,34.32,Expired,9307.58
6646,14,2,2025-06-01,34.64,Expired,9981.17
6647,14,19,2025-06-28,36.41,Expired,2459.5
6648,14,38,2025-06-15,5.44,Expired,1431.26
6649,14,50,2025-06-28,33.76,Preparation Error,4799.32
6650,14,32,2025-06-23,36.07,Preparation Error,4354.01
6651,14,21,2025-06-06,37.33,Expired,9389.99
6652,14,3,2025-06-21,16.99,Preparation Error,2650.78
6653,14,29,2025-06-23,31.54,Storage Issue,10441.0
6654,14,15,2025-06-27,9.17,Overproduction,501.23
6655,14,17,2025-06-12,36.67,Spoilage,9007.62
6656,14,24,2025-06-04,2.59,Quality Issue,682.96
6657,14,21,2025-07-16,19.75,Preparation Error,1296.0
6658,14,31,2025-07-27,13.64,Storage Issue,2065.91
6659,14,58,2025-07-23,22.53,Expired,2276.88
6660,14,7,2025-07-05,15.1,Storage Issue,1969.49
6661,14,19,2025-07-27,22.43,Spoilage,7627.99
6662,14,17,2025-07-20,10.47,Overproduction,1397.22
6663,14,9,2025-07-18,35.51,Expired,12283.97
6664,14,27,2025-07-14,26.53,Overproduction,8413.46
6665,14,10,2025-07-14,13.4,Preparation Error,2404.5
6666,14,13,2025-07-21,24.72,Expired,5257.7
6667,14,5,2025-07-06,2.96,Storage Issue,678.76
6668,14,20,2025-07-28,16.98,Expired,4354.01
6669,14,62,2025-07-14,7.7,Preparation Error,1497.73
6670,14,8,2025-07-20,35.96,Overproduction,3087.17
6671,14,28,2025-07-13,34.98,Preparation Error,9211.28
6672,14,12,2025-07-18,22.57,Quality Issue,7509.04
6673,14,45,2025-07-14,23.91,Expired,3625.47
6674,14,49,2025-07-15,11.09,Storage Issue,339.02
6675,14,38,2025-07-19,13.04,Preparation Error,2992.03
6676,14,56,2025-07-24,10.16,Storage Issue,2503.53
6677,14,23,2025-07-13,14.17,Expired,2462.04
6678,14,61,2025-07-14,37.37,Quality Issue,5567.01
6679,14,4,2025-07-17,4.81,Overproduction,1476.53
6680,14,39,2025-07-14,23.34,Expired,6056.73
6681,14,51,2025-07-09,24.3,Preparation Error,3134.21
6682,14,59,2025-07-06,26.14,Quality Issue,4047.78
6683,14,3,2025-07-08,26.01,Expired,7410.51
6684,14,44,2025-07-04,23.9,Expired,6127.96
6685,14,36,2025-07-19,14.11,Quality Issue,4221.99
6686,14,64,2025-07-21,15.25,Expired,526.12
6687,14,40,2025-07-10,18.98,Overproduction,3900.39
6688,14,63,2025-07-23,5.46,Expired,175.38
6689,14,52,2025-08-20,5.57,Overproduction,357.26
6690,14,50,2025-08-15,27.66,Expired,4999.27
6691,14,46,2025-08-27,31.44,Expired,3525.37
6692,14,17,2025-08-07,11.11,Preparation Error,1849.26
6693,14,9,2025-08-15,17.54,Expired,2303.7
6694,14,16,2025-08-21,3.82,Overproduction,1104.97
6695,14,39,2025-08-10,29.83,Preparation Error,9617.19
6696,14,6,2025-08-10,10.39,Expired,2079.66
6697,14,44,2025-08-12,12.1,Storage Issue,777.55
6698,14,45,2025-08-13,31.71,Overproduction,1390.48
6699,14,48,2025-08-20,28.81,Preparation Error,7177.72
6700,14,57,2025-08-15,12.58,Expired,2732.25
6701,14,29,2025-08-05,37.09,Expired,4455.62
6702,14,36,2025-08-25,24.26,Quality Issue,4063.31
6703,14,10,2025-08-25,30.38,spoilage,6058.68
6704,14,27,2025-08-25,19.12,Quality Issue,2519.06
6705,14,26,2025-08-19,23.3,Expired,3316.06
6706,14,24,2025-08-28,19.19,Spoilage,1821.13
6707,14,54,2025-08-04,13.03,Spoilage,4308.89
6708,14,41,2025-08-06,10.46,Storage Issue,1354.15
6709,14,49,2025-08-12,36.57,Quality Issue,8758.88
6710,14,4,2025-08-28,34.63,Expired,5584.09
6711,14,31,2025-08-03,7.27,Preparation Error,1846.73
6712,14,40,2025-08-26,21.98,Preparation Error,3026.65
6713,14,61,2025-08-14,11.06,Expired,2020.77
6714,14,65,2025-08-12,36.76,Expired,9746.18
6715,14,62,2025-08-10,17.32,Expired,1285.66
6716,14,53,2025-08-12,13.98,Preparation Error,3325.14
6717,14,13,2025-08-14,25.33,Quality Issue,924.04
6718,14,33,2025-08-24,6.77,Expired,1164.24
6719,14,35,2025-08-21,7.99,Expired,1553.98
6720,14,55,2025-08-02,36.53,Quality Issue,6087.72
6721,14,64,2025-09-16,29.84,Spoilage,4376.63
6722,14,14,2025-09-17,25.5,Spoilage,6894.44
6723,14,51,2025-09-22,33.24,Spoilage,9190.86
6724,14,30,2025-09-28,20.45,Expired,4340.1
6725,14,22,2025-09-07,18.08,Spoilage,1918.29
6726,14,21,2025-09-21,28.16,Expired,2190.28
6727,14,19,2025-09-16,7.42,Storage Issue,1492.9
6728,14,63,2025-09-06,7.62,Overproduction,1791.69
6729,14,18,2025-09-23,4.91,Spoilage,1098.96
6730,14,31,2025-09-17,29.22,Spoilage,5845.75
6731,14,49,2025-09-25,7.4,Preparation Error,956.23
6732,14,13,2025-09-27,17.45,Storage Issue,3833.76
6733,14,57,2025-09-10,19.01,Spoilage,3311.92
6734,14,24,2025-09-07,9.36,Expired,244.86
6735,14,4,2025-09-09,33.39,Preparation Error,11373.97
6736,14,6,2025-09-12,30.63,Expired,4729.27
6737,14,23,2025-09-05,13.97,Expired,4410.47
6738,14,12,2025-09-26,14.15,Quality Issue,2750.48
6739,14,27,2025-09-08,19.81,Overproduction,4047.58
6740,14,26,2025-09-02,12.8,preparation error,3067.65
6741,14,53,2025-09-13,31.04,Preparation Error,3111.76
6742,14,50,2025-09-01,21.61,Spoilage,4150.42
6743,14,52,2025-09-19,15.21,Spoilage,2371.24
6744,14,46,2025-09-12,30.12,Expired,10110.68
6745,14,28,2025-09-04,8.15,Expired,1017.28
6746,14,35,2025-09-10,32.94,Preparation Error,7429.95
6747,14,61,2025-09-23,30.68,Expired,5336.17
6748,14,1,2025-09-01,36.22,Overproduction,12012.0
6749,14,45,2025-09-13,4.31,Overproduction,90.47
6750,14,10,2025-09-25,35.52,Overproduction,7418.0
6751,14,40,2025-09-01,3.02,Expired,855.02
6752,14,7,2025-09-14,36.19,Preparation Error,5569.64
6753,14,53,2025-10-04,13.01,Storage Issue,4041.04
6754,14,56,2025-10-01,5.63,Overproduction,1787.41
6755,14,9,2025-10-21,24.63,Storage Issue,1089.88
6756,14,49,2025-10-18,9.8,Expired,941.49
6757,14,27,2025-10-07,32.37,Spoilage,5906.88
6758,14,48,2025-10-15,35.89,Storage Issue,6659.39
6759,14,36,2025-10-26,15.69,Expired,1577.0
6760,14,28,2025-10-14,26.8,Expired,3388.59
6761,14,12,2025-10-16,37.19,expired,11410.64
6762,14,20,2025-10-01,36.93,Overproduction,12154.03
6763,14,43,2025-10-23,11.75,Expired,1014.14
6764,14,58,2025-10-07,24.83,Expired,5459.62
6765,14,55,2025-10-21,33.08,Expired,8830.04
6766,14,64,2025-10-21,26.59,Expired,1840.56
6767,14,31,2025-10-10,27.88,Expired,6734.69
6768,14,45,2025-10-17,32.18,Spoilage,5667.86
6769,14,59,2025-10-23,23.01,Expired,745.52
6770,14,15,2025-10-22,7.5,Overproduction,787.8
6771,14,35,2025-10-05,36.83,Expired,9361.45
6772,14,34,2025-10-23,35.48,Spoilage,5311.36
6773,14,11,2025-10-04,23.32,Expired,4830.27
6774,14,29,2025-10-17,34.86,Expired,6354.98
6775,14,41,2025-10-02,10.25,Expired,2580.54
6776,14,24,2025-10-18,24.19,Quality Issue,5972.75
6777,14,5,2025-10-18,22.03,Spoilage,6610.54
6778,14,18,2025-10-26,31.35,Expired,5980.64
6779,14,2,2025-10-03,9.71,Expired,440.15
6780,14,30,2025-10-26,3.14,Spoilage,612.55
6781,14,21,2025-10-14,29.96,Expired,8575.75
6782,14,40,2025-10-26,9.31,Expired,374.08
6783,14,33,2025-10-26,11.36,Preparation Error,1534.51
6784,14,39,2025-10-10,36.84,Overproduction,2108.72
6785,14,36,2025-11-11,31.42,Expired,6351.87
6786,14,64,2025-11-08,32.91,Spoilage,10915.26
6787,14,26,2025-11-05,6.96,Expired,1948.73
6788,14,21,2025-11-04,37.47,Expired,8541.66
6789,14,33,2025-11-27,8.56,Preparation Error,2417.43
6790,14,47,2025-11-22,24.69,Expired,2027.05
6791,14,15,2025-11-19,10.8,Quality Issue,1082.92
6792,14,56,2025-11-13,33.73,Preparation Error,1415.31
6793,14,60,2025-11-10,7.8,Expired,705.98
6794,14,34,2025-11-01,3.7,Preparation Error,144.45
6795,14,48,2025-11-16,34.21,Spoilage,7180.68
6796,14,41,2025-11-10,6.17,Expired,1053.84
6797,14,4,2025-11-27,22.1,Expired,6536.08
6798,14,19,2025-11-14,9.71,Expired,2918.44
6799,14,46,2025-11-23,32.32,Expired,1567.84
6800,14,22,2025-11-13,10.24,Preparation Error,590.03
6801,14,62,2025-11-18,30.89,Spoilage,9431.33
6802,14,29,2025-11-23,20.13,Spoilage,4386.33
6803,14,57,2025-11-08,26.47,Preparation Error,4287.35
6804,14,63,2025-11-21,15.77,Expired,4907.78
6805,14,11,2025-11-10,22.48,Overproduction,3566.23
6806,14,40,2025-11-24,26.96,Spoilage,2001.78
6807,14,42,2025-11-10,35.14,Quality Issue,10339.24
6808,14,2,2025-11-11,20.28,Storage Issue,2766.8
6809,14,17,2025-11-02,10.84,Expired,2927.23
6810,14,3,2025-11-12,32.8,Expired,5951.56
6811,14,10,2025-11-12,33.17,Expired,3576.72
6812,14,49,2025-11-16,33.34,Expired,5192.04
6813,14,54,2025-11-01,16.76,Storage Issue,1502.2
6814,14,37,2025-11-24,21.2,Overproduction,2235.96
6815,14,53,2025-11-12,26.36,Overproduction,7514.71
6816,14,39,2025-11-07,3.2,Expired,134.69
6817,14,63,2025-12-08,14.58,Storage Issue,1766.37
6818,14,37,2025-12-26,19.23,Overproduction,2647.01
6819,14,40,2025-12-01,27.94,Preparation Error,1521.61
6820,14,1,2025-12-16,9.35,Quality Issue,1470.66
6821,14,8,2025-12-26,12.12,Quality Issue,1029.47
6822,14,38,2025-12-22,32.19,Spoilage,1030.08
6823,14,6,2025-12-09,15.06,Expired,3734.58
6824,14,2,2025-12-24,32.54,Expired,1163.96
6825,14,9,2025-12-14,2.6,Storage Issue,580.11
6826,14,3,2025-12-27,29.8,Spoilage,767.65
6827,14,41,2025-12-03,35.35,Quality Issue,4448.09
6828,14,31,2025-12-12,28.77,Quality Issue,1199.13
6829,14,52,2025-12-01,31.77,Spoilage,4894.17
6830,14,36,2025-12-17,10.53,Expired,557.46
6831,14,55,2025-12-18,3.77,Quality Issue,1286.44
6832,14,62,2025-12-03,32.28,Expired,5313.29
6833,14,49,2025-12-13,34.22,Expired,8872.22
6834,14,7,2025-12-11,22.28,Spoilage,5918.01
6835,14,54,2025-12-04,3.79,Expired,896.83
6836,14,53,2025-12-12,12.98,Spoilage,2199.46
6837,14,57,2025-12-20,30.31,Preparation Error,1905.89
6838,14,50,2025-12-14,9.84,Overproduction,1007.71
6839,14,26,2025-12-03,34.4,Preparation Error,4176.16
6840,14,28,2025-12-28,35.4,Overproduction,2399.41
6841,14,60,2025-12-26,10.01,Storage Issue,1204.4
6842,14,51,2025-12-10,27.27,Storage Issue,2871.8
6843,14,18,2025-12-02,21.53,Spoilage,2462.17
6844,14,16,2025-12-25,12.86,Expired,3511.55
6845,14,48,2025-12-06,17.31,Expired,4405.39
6846,14,43,2025-12-18,2.57,Expired,358.16
6847,14,45,2025-12-03,31.81,Preparation Error,7205.92
6848,14,25,2025-12-26,31.49,Storage Issue,7940.52
6849,14,18,2026-01-14,28.24,Expired,9712.02
6850,14,59,2026-01-19,28.01,Quality Issue,1446.44
6851,14,34,2026-01-09,23.03,Preparation Error,7408.06
6852,14,19,2026-01-27,15.48,Spoilage,2238.56
6853,14,27,2026-01-18,5.87,Expired,1164.08
6854,14,26,2026-01-15,14.28,Overproduction,941.77
6855,14,12,2026-01-25,31.85,Expired,3197.74
6856,14,29,2026-01-06,37.47,Expired,7169.14
6857,14,36,2026-01-16,25.67,Quality Issue,5390.7
6858,14,17,2026-01-22,37.05,Quality Issue,11155.38
6859,14,57,2026-01-01,19.05,Quality Issue,1733.17
6860,14,37,2026-01-10,23.9,Overproduction,5261.82
6861,14,4,2026-01-04,18.09,Spoilage,3165.39
6862,14,49,2026-01-07,24.52,Spoilage,4811.31
6863,14,24,2026-01-13,15.99,Expired,3847.19
6864,14,8,2026-01-23,2.71,Expired,208.29
6865,14,62,2026-01-07,32.95,Expired,1373.36
6866,14,30,2026-01-20,31.51,Expired,9364.46
6867,14,50,2026-01-12,28.67,Spoilage,1686.66
6868,14,61,2026-01-18,17.21,Overproduction,4388.38
6869,14,38,2026-01-21,24.31,Expired,717.39
6870,14,55,2026-01-08,19.72,Spoilage,1499.31
6871,14,41,2026-01-06,161.14,Spoilage,6973.68
6872,14,54,2026-01-24,32.15,Preparation Error,9572.34
6873,14,10,2026-01-06,14.77,Preparation Error,3776.69
6874,14,9,2026-01-28,20.4,Preparation Error,2759.51
6875,14,33,2026-01-27,13.39,Expired,3162.99
6876,14,6,2026-01-09,28.39,Expired,4629.56
6877,14,39,2026-01-17,29.75,Storage Issue,9241.54
6878,14,64,2026-01-02,16.17,Storage Issue,1877.18
6879,14,40,2026-01-14,35.22,Expired,5249.54
6880,14,56,2026-01-01,21.08,Expired,1168.25
6881,14,60,2026-02-24,36.18,Spoilage,9125.32
6882,14,8,2026-02-27,19.78,Quality Issue,5684.57
6883,14,45,2026-02-09,29.78,Expired,6148.97
6884,14,9,2026-02-03,35.36,Storage Issue,11507.56
6885,14,25,2026-02-07,8.21,Preparation Error,1897.08
6886,14,47,2026-02-23,11.16,Expired,380.78
6887,14,40,2026-02-08,15.06,Quality Issue,1127.99
6888,14,62,2026-02-22,15.57,Expired,796.25
6889,14,32,2026-02-21,24.12,Quality Issue,1446.24
6890,14,41,2026-02-23,4.15,Preparation Error,930.26
6891,14,46,2026-02-27,34.49,Expired,5299.04
6892,14,29,2026-02-22,19.81,Spoilage,1531.31
6893,14,17,2026-02-28,22.17,Storage Issue,3940.27
6894,14,61,2026-02-03,35.25,Quality Issue,4813.03
6895,14,7,2026-02-01,36.93,Preparation Error,7324.7
6896,14,37,2026-02-01,16.84,Spoilage,5339.12
6897,14,21,2026-02-24,21.64,Expired,1608.72
6898,14,59,2026-02-18,32.78,Spoilage,10620.06
6899,14,31,2026-02-03,29.14,Storage Issue,1540.05
6900,14,44,2026-02-27,15.62,Storage Issue,3421.72
6901,14,1,2026-02-26,16.1,Expired,5371.28
6902,14,23,2026-02-25,28.24,Spoilage,9371.16
6903,14,14,2026-02-03,11.53,Spoilage,250.09
6904,14,57,2026-02-28,35.44,Spoilage,6485.17
6905,14,16,2026-02-23,11.3,Overproduction,2172.54
6906,14,56,2026-02-19,37.19,Expired,11090.06
6907,14,5,2026-02-07,6.82,Spoilage,1158.51
6908,14,3,2026-02-21,7.35,Expired,1863.45
6909,14,39,2026-02-27,5.2,Quality Issue,535.39
6910,14,27,2026-02-09,23.11,Spoilage,3971.45
6911,14,22,2026-02-09,6.59,Preparation Error,2071.9
6912,14,51,2026-02-08,21.69,Quality Issue,1782.92
6913,14,54,2026-03-28,22.89,Expired,2353.32
6914,14,18,2026-03-11,10.83,Overproduction,1248.27
6915,14,7,2026-03-19,11.57,Spoilage,2908.12
6916,14,62,2026-03-12,6.2,Expired,1516.4
6917,14,17,2026-03-25,6.48,Storage Issue,2251.41
6918,14,64,2026-03-01,21.54,Overproduction,3604.29
6919,14,49,2026-03-10,33.82,Storage Issue,6805.94
6920,14,12,2026-03-27,30.01,Preparation Error,5649.08
6921,14,6,2026-03-01,17.14,Spoilage,2815.07
6922,14,43,2026-03-24,4.79,OVERPRODUCTION,612.02
6923,14,26,2026-03-01,33.12,Preparation Error,4279.77
6924,14,58,2026-03-21,4.45,Preparation Error,1152.33
6925,14,8,2026-03-01,26.2,Preparation Error,7992.83
6926,14,35,2026-03-09,7.72,Overproduction,859.31
6927,14,24,2026-03-17,32.38,Expired,9438.45
6928,14,63,2026-03-07,18.11,Expired,1747.07
6929,14,3,2026-03-15,31.66,Expired,4052.48
6930,14,21,2026-03-09,19.86,Expired,888.74
6931,14,14,2026-03-10,21.11,Spoilage,456.19
6932,14,19,2026-03-28,37.3,Preparation Error,6352.56
6933,14,27,2026-03-26,28.36,Spoilage,8848.04
6934,14,41,2026-03-01,32.18,Spoilage,6733.02
6935,14,4,2026-03-20,8.16,Quality Issue,294.74
6936,14,15,2026-03-23,13.22,Expired,1426.44
6937,14,57,2026-03-23,7.58,STORAGE ISSUE,1462.56
6938,14,31,2026-03-01,27.31,Overproduction,2859.63
6939,14,53,2026-03-03,28.75,Preparation Error,5575.77
6940,14,65,2026-03-24,8.51,Storage Issue,704.8
6941,14,46,2026-03-28,34.21,Expired,4278.99
6942,14,30,2026-03-26,12.99,Expired,3458.98
6943,14,47,2026-03-20,14.78,Preparation Error,414.73
6944,14,1,2026-03-13,13.2,Spoilage,2725.67
6945,14,49,2026-04-14,23.3,Expired,5241.57
6946,14,46,2026-04-04,7.62,Expired,2054.96
6947,14,65,2026-04-21,31.29,Expired,4786.74
6948,14,3,2026-04-15,17.39,Preparation Error,2184.53
6949,14,6,2026-04-06,3.12,Expired,525.78
6950,14,36,2026-04-24,26.92,Overproduction,1026.46
6951,14,59,2026-04-21,2.5,Storage Issue,185.05
6952,14,55,2026-04-19,14.75,Expired,5058.66
6953,14,50,2026-04-17,28.17,Overproduction,5582.17
6954,14,10,2026-04-22,13.68,Storage Issue,2631.35
6955,14,51,2026-04-08,3.56,Storage Issue,147.67
6956,14,11,2026-04-15,19.57,Expired,5552.2
6957,14,47,2026-04-02,19.54,Preparation Error,718.68
6958,14,24,2026-04-17,34.91,Preparation Error,9129.66
6959,14,21,2026-04-25,37.4,Expired,804.47
6960,14,32,2026-04-19,153.37,Overproduction,2558.65
6961,14,12,2026-04-12,8.19,Spoilage,1966.66
6962,14,25,2026-04-09,16.6,Spoilage,4113.98
6963,14,61,2026-04-13,19.58,Quality Issue,4635.37
6964,14,57,2026-04-16,7.04,Expired,1366.68
6965,14,48,2026-04-25,23.09,Quality Issue,7398.5
6966,14,8,2026-04-15,4.69,Overproduction,340.4
6967,14,31,2026-04-10,7.17,Quality Issue,343.44
6968,14,27,2026-04-23,11.49,Preparation Error,367.45
6969,14,29,2026-04-07,34.44,Quality Issue,8745.35
6970,14,9,2026-04-13,29.08,Spoilage,5820.36
6971,14,43,2026-04-04,6.18,Spoilage,966.37
6972,14,23,2026-04-13,25.76,Spoilage,4348.03
6973,14,13,2026-04-02,23.71,Overproduction,6215.34
6974,14,7,2026-04-22,35.38,Preparation Error,5621.17
6975,14,2,2026-04-23,34.81,Spoilage,4527.04
6976,14,18,2026-04-06,31.94,Overproduction,10976.5
6977,14,2,2026-05-23,10.49,Expired,218.3
6978,14,61,2026-05-26,8.65,Overproduction,1183.75
6979,14,21,2026-05-18,3.93,Storage Issue,539.82
6980,14,53,2026-05-19,12.78,Expired,3273.85
6981,14,11,2026-05-15,7.55,Quality Issue,1052.24
6982,14,42,2026-05-06,15.87,Expired,3109.89
6983,14,56,2026-05-14,2.63,Expired,107.88
6984,14,65,2026-05-04,4.26,Expired,305.48
6985,14,52,2026-05-08,32.59,Expired,9368.97
6986,14,35,2026-05-06,31.98,Expired,923.26
6987,14,57,2026-05-17,22.13,Preparation Error,7330.78
6988,14,34,2026-05-04,10.24,Overproduction,1122.2
6989,14,59,2026-05-15,35.16,Quality Issue,6722.94
6990,14,44,2026-05-15,10.19,Spoilage,1230.65
6991,14,58,2026-05-04,30.37,Overproduction,9872.98
6992,14,43,2026-05-24,26.89,Spoilage,972.88
6993,14,8,2026-05-18,5.16,Storage Issue,448.66
6994,14,50,2026-05-18,3.99,Expired,986.73
6995,14,26,2026-05-08,29.15,Preparation Error,7457.15
6996,14,39,2026-05-09,22.28,Quality Issue,2137.99
6997,14,45,2026-05-21,13.56,Spoilage,729.66
6998,14,41,2026-05-17,21.66,Spoilage,2703.82
6999,14,55,2026-05-06,37.24,Spoilage,3603.71
7000,14,64,2026-05-22,31.44,Spoilage,7757.19
7001,14,31,2026-05-01,10.44,Expired,2574.92
7002,14,48,2026-05-27,21.67,Overproduction,5210.55
7003,14,4,2026-05-20,27.89,Spoilage,7860.24
7004,14,6,2026-05-07,12.14,Overproduction,3431.37
7005,14,37,2026-05-12,2.96,Expired,729.85
7006,14,5,2026-05-25,20.57,Expired,1586.77
7007,14,1,2026-05-02,33.57,Preparation Error,3988.45
7008,14,49,2026-05-27,29.88,Expired,6798.6
7009,14,27,2026-06-09,20.69,Overproduction,4673.46
7010,14,28,2026-06-17,34.35,Spoilage,4553.44
7011,14,50,2026-06-14,22.55,Overproduction,7678.73
7012,14,56,2026-06-07,37.33,Expired,11417.75
7013,14,61,2026-06-24,9.95,Storage Issue,1967.61
7014,14,30,2026-06-23,23.12,Spoilage,4372.69
7015,14,40,2026-06-11,5.84,Expired,502.94
7016,14,3,2026-06-12,23.55,Expired,1469.99
7017,14,62,2026-06-21,12.19,Overproduction,3367.98
7018,14,7,2026-06-24,10.17,storage issue,3517.19
7019,14,44,2026-06-24,3.8,Overproduction,526.57
7020,14,45,2026-06-04,14.02,Expired,652.49
7021,14,42,2026-06-20,26.06,Expired,3031.82
7022,14,38,2026-06-23,10.25,Expired,2821.31
7023,14,37,2026-06-15,2.82,Expired,57.22
7024,14,26,2026-06-05,34.57,Overproduction,3785.07
7025,14,63,2026-06-14,36.8,Expired,7417.04
7026,14,23,2026-06-15,36.64,Preparation Error,12205.15
7027,14,49,2026-06-15,37.24,Expired,1258.34
7028,14,13,2026-06-17,27.36,Storage Issue,9026.61
7029,14,21,2026-06-10,3.55,Expired,995.85
7030,14,19,2026-06-11,14.39,Preparation Error,4809.86
7031,14,25,2026-06-25,9.48,Preparation Error,1305.11
7032,14,53,2026-06-04,23.08,Quality Issue,848.88
7033,14,18,2026-06-11,10.88,Expired,725.8
7034,14,12,2026-06-13,6.03,Quality Issue,870.43
7035,14,4,2026-06-22,9.61,Preparation Error,818.29
7036,14,43,2026-06-14,14.11,Spoilage,2955.76
7037,14,46,2026-06-19,30.24,Expired,7042.9
7038,14,17,2026-06-22,11.59,Overproduction,3477.58
7039,14,11,2026-06-03,26.51,Preparation Error,1071.8
7040,14,10,2026-06-07,11.18,Spoilage,1550.78
7041,14,9,2026-07-28,11.32,Preparation Error,2580.17
7042,14,2,2026-07-09,36.18,Preparation Error,1018.47
7043,14,6,2026-07-09,18.53,Expired,1399.57
7044,14,55,2026-07-06,10.19,Spoilage,2951.43
7045,14,53,2026-07-26,30.81,Storage Issue,8075.61
7046,14,40,2026-07-09,3.6,Expired,878.98
7047,14,28,2026-07-08,37.28,Spoilage,11175.05
7048,14,59,2026-07-09,3.95,Overproduction,263.9
7049,14,52,2026-07-22,19.96,Preparation Error,1507.78
7050,14,32,2026-07-10,3.49,Overproduction,100.3
7051,14,37,2026-07-16,25.54,Overproduction,5716.36
7052,14,41,2026-07-04,35.19,Spoilage,8675.74
7053,14,43,2026-07-23,2.92,OVERPRODUCTION,948.07
7054,14,8,2026-07-24,7.1,Expired,1493.27
7055,14,3,2026-07-23,16.88,Preparation Error,4129.52
7056,14,30,2026-07-09,25.22,Overproduction,791.15
7057,14,46,2026-07-13,29.49,Overproduction,1418.47
7058,14,1,2026-07-10,28.8,Storage Issue,1102.46
7059,14,19,2026-07-16,31.13,Quality Issue,4092.35
7060,14,11,2026-07-06,7.04,Storage Issue,870.36
7061,14,26,2026-07-15,2.51,Quality Issue,273.36
7062,14,45,2026-07-18,6.96,Preparation Error,1312.17
7063,14,42,2026-07-24,36.0,Expired,6014.88
7064,14,57,2026-07-15,8.23,Spoilage,765.39
7065,14,61,2026-07-03,14.64,Spoilage,2244.46
7066,14,54,2026-07-26,20.5,Overproduction,4007.95
7067,14,17,2026-07-21,14.79,Spoilage,2757.6
7068,14,22,2026-07-20,26.23,Storage Issue,8421.67
7069,14,4,2026-07-04,25.88,Preparation Error,2376.3
7070,14,21,2026-07-09,18.52,Expired,1761.62
7071,14,13,2026-07-09,142.24,Storage Issue,511.25
7072,14,14,2026-07-10,19.78,Spoilage,4977.44
7073,14,63,2026-08-18,28.48,Expired,1670.07
7074,14,22,2026-08-13,22.14,Spoilage,3034.95
7075,14,36,2026-08-21,29.55,Expired,3790.08
7076,14,58,2026-08-16,27.65,Expired,4642.99
7077,14,29,2026-08-08,2.56,Preparation Error,470.04
7078,14,18,2026-08-16,14.0,Preparation Error,3085.32
7079,14,62,2026-08-02,24.78,Expired,7291.27
7080,14,35,2026-08-05,20.18,Expired,2324.53
7081,14,16,2026-08-20,19.05,Expired,4554.86
7082,14,25,2026-08-26,37.3,Expired,2124.61
7083,14,59,2026-08-09,3.45,Spoilage,1191.35
7084,14,13,2026-08-22,7.21,Preparation Error,516.38
7085,14,64,2026-08-25,30.81,Spoilage,6256.59
7086,14,19,2026-08-27,5.71,Spoilage,1281.1
7087,14,26,2026-08-08,6.55,Quality Issue,1028.68
7088,14,39,2026-08-12,17.69,Storage Issue,5288.96
7089,14,32,2026-08-13,24.38,Overproduction,6741.8
7090,14,28,2026-08-16,34.24,Overproduction,4311.5
7091,14,12,2026-08-14,32.73,Quality Issue,823.49
7092,14,51,2026-08-09,26.4,Expired,6634.85
7093,14,46,2026-08-13,2.7,Spoilage,629.24
7094,14,52,2026-08-12,16.91,Spoilage,3596.59
7095,14,24,2026-08-15,4.03,Expired,150.92
7096,14,6,2026-08-21,22.49,Storage Issue,5691.54
7097,14,20,2026-08-27,33.45,Quality Issue,4272.9
7098,14,61,2026-08-13,28.18,Expired,8564.18
7099,14,47,2026-08-01,32.19,Preparation Error,9205.05
7100,14,5,2026-08-04,32.59,Overproduction,1721.08
7101,14,45,2026-08-20,15.08,Expired,4840.98
7102,14,53,2026-08-14,16.38,Spoilage,2974.94
7103,14,2,2026-08-20,24.15,Overproduction,6378.26
7104,14,37,2026-08-26,11.4,Preparation Error,2854.79
7105,15,56,2024-01-21,8.95,Expired,422.35
7106,15,25,2024-01-05,3.06,Expired,589.17
7107,15,37,2024-01-12,13.96,Storage Issue,2086.46
7108,15,51,2024-01-20,13.49,Expired,4051.32
7109,15,9,2024-01-05,13.29,Quality Issue,540.64
7110,15,65,2024-01-20,11.58,Overproduction,693.99
7111,15,24,2024-01-22,11.91,Expired,2316.49
7112,15,16,2024-01-07,11.19,Preparation Error,1824.42
7113,15,22,2024-01-26,11.67,Quality Issue,369.59
7114,15,50,2024-02-07,12.28,Preparation Error,2370.9
7115,15,17,2024-02-26,11.07,Quality Issue,2737.72
7116,15,47,2024-02-10,6.7,Preparation Error,1435.27
7117,15,52,2024-02-03,12.35,Expired,3310.42
7118,15,36,2024-02-01,3.24,Overproduction,998.83
7119,15,7,2024-02-17,10.37,Overproduction,3263.23
7120,15,9,2024-02-17,5.18,Expired,1216.42
7121,15,45,2024-02-12,14.12,Preparation Error,1397.46
7122,15,41,2024-02-11,12.21,Preparation Error,3441.51
7123,15,18,2024-03-05,8.16,Preparation Error,1166.55
7124,15,3,2024-03-22,6.99,Overproduction,1147.62
7125,15,58,2024-03-17,8.0,Quality Issue,2592.16
7126,15,15,2024-03-05,13.16,Expired,2581.47
7127,15,30,2024-03-14,13.16,Overproduction,1494.05
7128,15,65,2024-03-21,11.85,Quality Issue,2630.46
7129,15,19,2024-03-07,10.24,Expired,2723.94
7130,15,34,2024-03-09,10.82,Overproduction,2173.74
7131,15,39,2024-03-11,7.58,STORAGE ISSUE,1127.3
7132,15,50,2024-04-19,6.25,Preparation Error,481.56
7133,15,31,2024-04-23,6.86,Storage Issue,2304.75
7134,15,11,2024-04-10,5.1,Spoilage,662.74
7135,15,57,2024-04-14,1.83,Overproduction,319.9
7136,15,13,2024-04-04,3.48,Expired,937.89
7137,15,2,2024-04-27,8.87,Preparation Error,1035.48
7138,15,44,2024-04-08,10.15,Expired,1662.16
7139,15,18,2024-04-04,4.26,Spoilage,977.67
7140,15,30,2024-04-25,49.42,Preparation Error,685.17
7141,15,21,2024-05-09,11.87,Expired,3945.47
7142,15,56,2024-05-04,8.45,Quality Issue,1459.65
7143,15,32,2024-05-02,4.78,Overproduction,1265.27
7144,15,33,2024-05-12,9.51,Storage Issue,1227.46
7145,15,34,2024-05-28,1.29,Spoilage,198.43
7146,15,7,2024-05-27,11.05,Storage Issue,2684.82
7147,15,61,2024-05-15,10.31,Overproduction,904.91
7148,15,48,2024-05-11,10.21,Expired,1936.33
7149,15,42,2024-05-17,3.68,Expired,887.28
7150,15,37,2024-06-14,1.51,Expired,388.73
7151,15,15,2024-06-14,14.96,Expired,2224.4
7152,15,46,2024-06-27,6.78,Expired,1952.17
7153,15,22,2024-06-03,14.6,Quality Issue,2415.57
7154,15,45,2024-06-23,2.38,Expired,352.57
7155,15,43,2024-06-25,8.37,Storage Issue,1090.86
7156,15,35,2024-06-18,12.04,Overproduction,1576.04
7157,15,60,2024-06-07,4.32,Expired,822.79
7158,15,34,2024-06-27,9.68,Storage Issue,2858.21
7159,15,33,2024-07-22,11.92,Expired,1688.23
7160,15,30,2024-07-27,12.77,Expired,3392.1
7161,15,14,2024-07-21,1.58,Overproduction,122.12
7162,15,58,2024-07-13,10.16,Expired,1898.29
7163,15,17,2024-07-27,12.09,Expired,2285.25
7164,15,27,2024-07-06,14.99,Expired,1202.8
7165,15,24,2024-07-10,3.82,Spoilage,706.7
7166,15,4,2024-07-10,1.39,Preparation Error,175.27
7167,15,52,2024-07-05,13.42,Overproduction,4038.75
7168,15,4,2024-08-04,8.04,Expired,267.49
7169,15,54,2024-08-04,7.07,Spoilage,1749.05
7170,15,59,2024-08-15,13.19,Storage Issue,503.07
7171,15,14,2024-08-26,10.48,Expired,271.75
7172,15,31,2024-08-04,5.01,Preparation Error,538.57
7173,15,38,2024-08-25,7.75,Expired,798.95
7174,15,18,2024-08-23,14.08,Expired,1468.4
7175,15,34,2024-08-19,11.12,Expired,1432.03
7176,15,45,2024-08-26,12.96,expired,1536.67
7177,15,36,2024-09-20,5.42,OVERPRODUCTION,146.83
7178,15,52,2024-09-08,13.39,Preparation Error,4308.77
7179,15,8,2024-09-17,11.94,Quality Issue,1819.78
7180,15,46,2024-09-14,11.83,Storage Issue,3145.95
7181,15,1,2024-09-14,14.35,Expired,699.13
7182,15,29,2024-09-06,4.46,Spoilage,1103.31
7183,15,43,2024-09-04,4.78,Storage Issue,330.3
7184,15,27,2024-09-03,7.76,Spoilage,2359.35
7185,15,61,2024-09-22,4.05,Preparation Error,433.59
7186,15,56,2024-10-13,12.99,Expired,3495.61
7187,15,54,2024-10-26,10.91,Expired,2810.09
7188,15,9,2024-10-14,3.68,Expired,543.24
7189,15,8,2024-10-02,1.0,Preparation Error,273.93
7190,15,11,2024-10-13,3.57,Storage Issue,531.39
7191,15,15,2024-10-21,13.0,Storage Issue,4504.37
7192,15,12,2024-10-26,10.27,Spoilage,3222.21
7193,15,18,2024-10-17,9.3,Spoilage,1062.06
7194,15,24,2024-10-24,11.11,Quality Issue,2657.73
7195,15,20,2024-11-27,14.33,Expired,533.22
7196,15,50,2024-11-02,8.44,Spoilage,1910.56
7197,15,29,2024-11-17,11.69,Overproduction,617.35
7198,15,43,2024-11-19,9.69,Overproduction,1102.24
7199,15,15,2024-11-17,11.35,Spoilage,2214.16
7200,15,25,2024-11-09,12.4,Spoilage,562.96
7201,15,4,2024-11-27,1.16,Preparation Error,378.81
7202,15,2,2024-11-18,6.26,Preparation Error,428.87
7203,15,60,2024-11-09,14.25,Storage Issue,3992.28
7204,15,6,2024-12-11,10.72,Expired,1483.33
7205,15,30,2024-12-07,13.31,Storage Issue,3101.76
7206,15,5,2024-12-18,11.82,Overproduction,935.32
7207,15,16,2024-12-12,7.02,Storage Issue,1030.04
7208,15,1,2024-12-18,7.68,Overproduction,2190.64
7209,15,62,2024-12-24,14.83,Preparation Error,397.0
7210,15,54,2024-12-18,7.49,Expired,923.82
7211,15,59,2024-12-01,11.9,Quality Issue,242.76
7212,15,2,2024-12-20,2.27,Expired,229.5
7213,15,42,2025-01-11,9.06,Preparation Error,2176.94
7214,15,53,2025-01-23,13.16,Preparation Error,3956.69
7215,15,61,2025-01-15,12.78,Storage Issue,577.14
7216,15,33,2025-01-04,3.86,Preparation Error,560.9
7217,15,29,2025-01-28,8.56,Expired,778.87
7218,15,58,2025-01-09,13.84,Quality Issue,4742.28
7219,15,6,2025-01-13,5.09,Spoilage,861.48
7220,15,11,2025-01-07,10.24,Overproduction,3425.08
7221,15,47,2025-01-08,10.27,Spoilage,1686.74
7222,15,64,2025-02-08,5.27,Quality Issue,1213.94
7223,15,51,2025-02-09,6.98,Storage Issue,1030.74
7224,15,49,2025-02-23,13.92,Expired,3570.76
7225,15,58,2025-02-26,4.04,Storage Issue,118.37
7226,15,32,2025-02-19,11.41,Preparation Error,868.42
7227,15,61,2025-02-18,3.03,Storage Issue,908.06
7228,15,48,2025-02-06,8.92,Expired,2708.83
7229,15,18,2025-02-17,13.87,Expired,3491.91
7230,15,19,2025-02-05,5.93,Expired,1425.93
7231,15,15,2025-03-18,4.67,Spoilage,1575.8
7232,15,43,2025-03-02,2.16,Expired,297.0
7233,15,39,2025-03-13,13.71,Expired,3066.24
7234,15,29,2025-03-06,6.13,Expired,1618.93
7235,15,47,2025-03-20,8.08,Overproduction,2569.2
7236,15,46,2025-03-02,5.7,Overproduction,1295.15
7237,15,26,2025-03-12,13.67,Quality Issue,405.04
7238,15,55,2025-03-24,4.86,Preparation Error,1222.34
7239,15,32,2025-03-07,13.21,Expired,1136.72
7240,15,26,2025-04-13,8.4,Overproduction,1092.84
7241,15,27,2025-04-17,11.62,Spoilage,341.16
7242,15,33,2025-04-11,13.06,Quality Issue,1183.63
7243,15,49,2025-04-10,6.98,Expired,2286.02
7244,15,19,2025-04-08,7.65,Expired,2503.69
7245,15,41,2025-04-24,3.54,Spoilage,758.3
7246,15,8,2025-04-12,3.8,Expired,1275.96
7247,15,14,2025-04-24,1.08,Preparation Error,290.4
7248,15,18,2025-04-06,14.0,Quality Issue,2118.76
7249,15,44,2025-05-21,2.74,Expired,118.89
7250,15,55,2025-05-05,3.96,Expired,337.79
7251,15,60,2025-05-20,4.78,Expired,434.98
7252,15,45,2025-05-09,14.69,Spoilage,402.65
7253,15,11,2025-05-04,5.69,Overproduction,250.59
7254,15,46,2025-05-09,5.16,Overproduction,1132.93
7255,15,41,2025-05-04,6.1,Expired,923.97
7256,15,50,2025-05-27,6.57,Quality Issue,1987.1
7257,15,53,2025-05-17,8.85,Spoilage,2289.67
7258,15,21,2025-06-15,7.4,Overproduction,1431.53
7259,15,19,2025-06-25,5.05,Overproduction,822.04
7260,15,5,2025-06-13,3.43,Expired,1022.38
7261,15,7,2025-06-22,5.35,Preparation Error,1600.99
7262,15,42,2025-06-10,4.69,Storage Issue,667.76
7263,15,22,2025-06-26,7.79,Preparation Error,2152.53
7264,15,25,2025-06-27,11.47,Expired,3924.46
7265,15,6,2025-06-11,71.33,Preparation Error,3368.41
7266,15,24,2025-06-10,5.38,Expired,930.69
7267,15,41,2025-07-16,2.04,Preparation Error,253.12
7268,15,50,2025-07-13,11.12,Overproduction,2467.97
7269,15,59,2025-07-25,11.48,Storage Issue,2733.16
7270,15,12,2025-07-28,6.74,Preparation Error,801.59
7271,15,53,2025-07-28,1.2,Spoilage,256.04
7272,15,47,2025-07-20,3.1,Expired,519.41
7273,15,17,2025-07-06,4.91,Spoilage,1147.32
7274,15,3,2025-07-02,13.45,Quality Issue,1322.0
7275,15,38,2025-07-18,3.49,Quality Issue,585.03
7276,15,1,2025-08-28,57.96,Quality Issue,971.66
7277,15,28,2025-08-15,6.3,Preparation Error,293.26
7278,15,22,2025-08-04,4.31,Spoilage,1215.55
7279,15,27,2025-08-22,7.99,Storage Issue,1652.17
7280,15,44,2025-08-14,4.22,Expired,1372.89
7281,15,34,2025-08-17,1.25,Quality Issue,128.82
7282,15,62,2025-08-04,3.46,Quality Issue,865.35
7283,15,53,2025-08-20,3.91,Quality Issue,859.73
7284,15,58,2025-08-23,11.84,Overproduction,1650.14
7285,15,10,2025-09-04,6.71,Preparation Error,1577.45
7286,15,2,2025-09-04,4.14,Spoilage,499.99
7287,15,13,2025-09-17,12.39,Storage Issue,2293.39
7288,15,44,2025-09-28,3.94,Overproduction,197.59
7289,15,18,2025-09-08,6.35,Overproduction,398.97
7290,15,35,2025-09-08,3.19,Quality Issue,975.06
7291,15,11,2025-09-03,8.6,Expired,1733.07
7292,15,27,2025-09-17,2.66,Overproduction,716.5
7293,15,36,2025-09-15,11.7,Preparation Error,3716.5
7294,15,21,2025-10-12,1.27,Overproduction,158.98
7295,15,50,2025-10-25,2.13,Expired,526.62
7296,15,37,2025-10-06,2.42,Quality Issue,323.22
7297,15,49,2025-10-24,9.2,Storage Issue,3119.17
7298,15,65,2025-10-14,4.29,Expired,366.11
7299,15,4,2025-10-01,6.67,Expired,887.91
7300,15,32,2025-10-05,13.48,Storage Issue,3655.91
7301,15,60,2025-10-09,12.01,Expired,1948.98
7302,15,56,2025-10-16,12.04,Quality Issue,818.12
7303,15,35,2025-11-05,47.74,Storage Issue,691.34
7304,15,38,2025-11-14,8.07,Preparation Error,968.88
7305,15,48,2025-11-05,8.6,Preparation Error,1525.98
7306,15,20,2025-11-03,12.62,Preparation Error,1836.84
7307,15,25,2025-11-03,1.71,Overproduction,483.06
7308,15,62,2025-11-13,1.4,Overproduction,134.37
7309,15,8,2025-11-23,4.58,Quality Issue,1396.44
7310,15,5,2025-11-28,9.51,Expired,3133.07
7311,15,41,2025-11-18,13.71,Expired,2680.99
7312,15,49,2025-12-20,5.28,Preparation Error,981.97
7313,15,48,2025-12-02,7.09,Storage Issue,1613.97
7314,15,61,2025-12-24,11.5,Expired,764.75
7315,15,35,2025-12-13,8.74,Expired,1633.77
7316,15,16,2025-12-03,5.86,overproduction,1214.02
7317,15,13,2025-12-07,3.65,Storage Issue,336.24
7318,15,22,2025-12-04,8.0,Quality Issue,322.72
7319,15,54,2025-12-05,14.27,Quality Issue,1514.33
7320,15,28,2025-12-25,11.69,Quality Issue,3590.0
7321,15,31,2026-01-02,11.7,Spoilage,2076.52
7322,15,25,2026-01-18,3.56,Storage Issue,230.83
7323,15,39,2026-01-17,6.02,Quality Issue,1791.61
7324,15,54,2026-01-26,13.42,Quality Issue,2195.24
7325,15,43,2026-01-24,11.3,Expired,2912.24
7326,15,7,2026-01-10,7.43,Expired,2520.48
7327,15,24,2026-01-10,8.11,Quality Issue,972.88
7328,15,52,2026-01-23,13.4,Overproduction,3209.7
7329,15,11,2026-01-28,8.19,Expired,2486.32
7330,15,65,2026-02-03,95.55,Expired,2646.74
7331,15,42,2026-02-16,10.78,Quality Issue,2178.21
7332,15,29,2026-02-05,2.26,Storage Issue,435.25
7333,15,47,2026-02-21,5.21,Spoilage,1775.36
7334,15,41,2026-02-17,10.19,Storage Issue,2291.12
7335,15,48,2026-02-26,6.64,Preparation Error,2183.96
7336,15,50,2026-02-05,11.94,Quality Issue,1955.41
7337,15,12,2026-02-24,11.67,Preparation Error,1198.39
7338,15,36,2026-02-12,12.75,Overproduction,1996.78
7339,15,30,2026-03-12,2.26,Storage Issue,634.65
7340,15,1,2026-03-15,7.63,Expired,1055.15
7341,15,4,2026-03-03,13.23,Overproduction,3531.22
7342,15,15,2026-03-04,7.39,Storage Issue,367.8
7343,15,22,2026-03-02,8.13,Spoilage,291.79
7344,15,41,2026-03-25,3.29,Expired,480.67
7345,15,49,2026-03-19,8.12,Expired,1778.12
7346,15,19,2026-03-24,5.19,Expired,1286.96
7347,15,64,2026-03-10,11.18,Overproduction,1359.49
7348,15,16,2026-04-11,5.42,Quality Issue,200.11
7349,15,53,2026-04-02,2.79,Spoilage,654.28
7350,15,60,2026-04-16,7.49,Preparation Error,190.7
7351,15,42,2026-04-16,12.59,Expired,433.35
7352,15,44,2026-04-14,14.11,Expired,490.32
7353,15,58,2026-04-15,13.37,Spoilage,3088.47
7354,15,19,2026-04-09,14.12,Spoilage,1773.9
7355,15,38,2026-04-09,11.6,Quality Issue,957.7
7356,15,28,2026-04-01,1.14,Preparation Error,186.86
7357,15,18,2026-05-14,5.62,Overproduction,956.41
7358,15,7,2026-05-22,11.36,Quality Issue,1812.94
7359,15,28,2026-05-16,13.82,Spoilage,3880.24
7360,15,31,2026-05-09,11.51,Expired,3369.9
7361,15,60,2026-05-22,8.54,Quality Issue,2794.37
7362,15,29,2026-05-16,7.26,Quality Issue,2031.93
7363,15,37,2026-05-23,3.81,Overproduction,1288.01
7364,15,58,2026-05-26,8.65,Overproduction,1918.31
7365,15,14,2026-05-13,25.13,Storage Issue,163.34
7366,15,55,2026-06-12,8.62,Spoilage,583.06
7367,15,34,2026-06-21,3.89,Quality Issue,857.9
7368,15,20,2026-06-07,7.75,Spoilage,816.85
7369,15,60,2026-06-04,2.7,Spoilage,293.46
7370,15,21,2026-06-01,7.4,Quality Issue,255.15
7371,15,49,2026-06-24,10.54,Preparation Error,3080.31
7372,15,32,2026-06-03,5.88,Overproduction,1447.83
7373,15,50,2026-06-16,6.18,Expired,1949.98
7374,15,43,2026-06-24,7.58,Spoilage,2387.4
7375,15,42,2026-07-28,3.38,Preparation Error,963.87
7376,15,17,2026-07-23,10.87,Quality Issue,2726.85
7377,15,43,2026-07-22,14.76,Quality Issue,5159.36
7378,15,9,2026-07-05,12.99,Quality Issue,4429.33
7379,15,53,2026-07-07,10.62,Quality Issue,1530.77
7380,15,55,2026-07-09,9.34,Storage Issue,2859.91
7381,15,11,2026-07-10,12.72,Storage Issue,2351.67
7382,15,50,2026-07-08,3.03,Expired,891.61
7383,15,14,2026-07-03,8.85,Overproduction,1492.99
7384,15,44,2026-08-05,6.57,Preparation Error,412.66
7385,15,20,2026-08-24,14.31,Spoilage,1323.67
7386,15,19,2026-08-02,12.81,Expired,2227.53
7387,15,48,2026-08-17,8.99,Quality Issue,2705.18
7388,15,40,2026-08-19,10.04,Quality Issue,2316.93
7389,15,36,2026-08-04,5.66,Overproduction,1105.34
7390,15,42,2026-08-13,9.66,Expired,2971.03
7391,15,5,2026-08-18,7.56,Expired,1061.8
7392,15,53,2026-08-28,2.62,Expired,582.53
7393,16,1,2024-01-26,3.36,Preparation Error,977.16
7394,16,32,2024-01-28,9.19,Quality Issue,2840.81
7395,16,50,2024-01-24,17.19,Overproduction,2703.82
7396,16,51,2024-01-23,5.54,Expired,1245.39
7397,16,7,2024-01-16,15.37,Storage Issue,661.06
7398,16,4,2024-01-27,25.2,Overproduction,5426.32
7399,16,13,2024-01-02,23.39,Spoilage,6143.38
7400,16,16,2024-01-01,15.16,Expired,2876.31
7401,16,19,2024-01-14,26.7,Quality Issue,8985.35
7402,16,58,2024-01-11,11.66,Overproduction,1821.64
7403,16,9,2024-01-06,9.04,Spoilage,882.21
7404,16,39,2024-01-02,3.06,Spoilage,503.28
7405,16,22,2024-01-17,6.49,Expired,1989.7
7406,16,53,2024-01-07,13.21,Preparation Error,1945.04
7407,16,37,2024-01-02,25.77,Spoilage,2519.53
7408,16,60,2024-01-04,21.7,Overproduction,7291.85
7409,16,62,2024-01-05,8.83,Spoilage,1167.41
7410,16,40,2024-01-07,21.37,Expired,3792.11
7411,16,57,2024-01-06,4.42,Storage Issue,1145.84
7412,16,14,2024-01-22,22.34,Overproduction,4521.62
7413,16,38,2024-01-05,18.23,Expired,4052.16
7414,16,43,2024-01-10,23.82,Expired,1836.05
7415,16,8,2024-01-18,6.12,Spoilage,930.73
7416,16,31,2024-01-09,21.91,Spoilage,4380.25
7417,16,54,2024-01-12,22.6,Overproduction,2214.57
7418,16,27,2024-01-09,33.11,Spoilage,7394.46
7419,16,23,2024-01-28,14.29,Storage Issue,2856.29
7420,16,44,2024-01-07,28.39,Preparation Error,6665.4
7421,16,46,2024-01-28,13.77,Preparation Error,1247.98
7422,16,59,2024-01-18,25.61,Storage Issue,1773.24
7423,16,35,2024-01-25,15.35,Expired,4111.65
7424,16,44,2024-02-24,6.88,Expired,814.45
7425,16,65,2024-02-06,23.26,Preparation Error,7710.46
7426,16,30,2024-02-14,10.0,Expired,2959.8
7427,16,63,2024-02-24,8.02,Spoilage,2676.76
7428,16,57,2024-02-07,2.54,Expired,215.98
7429,16,20,2024-02-18,9.47,Storage Issue,2215.13
7430,16,11,2024-02-16,22.48,Expired,3059.53
7431,16,1,2024-02-25,20.21,Storage Issue,1378.32
7432,16,28,2024-02-18,14.12,Preparation Error,4549.32
7433,16,31,2024-02-05,5.53,Quality Issue,1924.99
7434,16,34,2024-02-08,33.89,Preparation Error,3951.24
7435,16,14,2024-02-22,26.7,Spoilage,4946.71
7436,16,46,2024-02-24,36.06,Spoilage,8009.29
7437,16,45,2024-02-09,35.43,Quality Issue,7788.93
7438,16,15,2024-02-15,26.33,Storage Issue,2027.15
7439,16,38,2024-02-21,30.01,Storage Issue,2510.34
7440,16,12,2024-02-03,20.04,Storage Issue,4412.21
7441,16,5,2024-02-27,6.24,Spoilage,1507.21
7442,16,62,2024-02-27,21.27,Storage Issue,3293.87
7443,16,47,2024-02-04,6.22,Spoilage,2055.21
7444,16,58,2024-02-27,7.24,Spoilage,375.97
7445,16,61,2024-02-16,24.22,Preparation Error,831.47
7446,16,13,2024-02-19,32.95,Expired,6463.8
7447,16,8,2024-02-02,14.26,Expired,2081.82
7448,16,29,2024-02-26,23.61,Expired,6688.71
7449,16,24,2024-02-14,20.69,Expired,3535.09
7450,16,42,2024-02-27,7.82,Storage Issue,1349.26
7451,16,6,2024-02-20,31.72,Spoilage,3375.33
7452,16,54,2024-02-27,28.39,Expired,2883.57
7453,16,51,2024-02-12,3.73,Spoilage,1099.64
7454,16,17,2024-02-19,13.18,Expired,1193.19
7455,16,55,2024-03-20,14.91,spoilage,587.6
7456,16,65,2024-03-11,14.98,Expired,3555.5
7457,16,40,2024-03-26,19.71,Preparation Error,1111.25
7458,16,45,2024-03-28,20.58,Spoilage,3212.13
7459,16,63,2024-03-11,22.81,Expired,4728.74
7460,16,12,2024-03-01,34.43,Overproduction,721.65
7461,16,57,2024-03-22,5.88,Quality Issue,251.55
7462,16,42,2024-03-28,5.49,Quality Issue,1432.07
7463,16,56,2024-03-11,10.32,Quality Issue,1928.91
7464,16,15,2024-03-04,19.37,Storage Issue,1348.93
7465,16,58,2024-03-27,13.19,Spoilage,1153.33
7466,16,19,2024-03-23,14.72,Spoilage,733.35
7467,16,14,2024-03-13,24.42,Storage Issue,3262.76
7468,16,32,2024-03-08,23.75,Spoilage,610.38
7469,16,52,2024-03-08,28.35,Spoilage,8575.02
7470,16,4,2024-03-05,24.42,Spoilage,7938.21
7471,16,7,2024-03-08,19.54,Quality Issue,5742.42
7472,16,49,2024-03-23,34.29,Storage Issue,1567.05
7473,16,13,2024-03-16,24.04,Spoilage,2171.77
7474,16,18,2024-03-02,37.39,Expired,8169.72
7475,16,2,2024-03-01,9.69,Overproduction,2745.56
7476,16,50,2024-03-18,24.76,Quality Issue,7326.73
7477,16,34,2024-03-07,11.08,Expired,3804.87
7478,16,21,2024-03-07,36.0,Preparation Error,10320.48
7479,16,11,2024-03-20,19.53,Overproduction,1817.66
7480,16,61,2024-03-23,22.48,Storage Issue,674.85
7481,16,29,2024-03-27,31.81,Expired,5605.88
7482,16,43,2024-03-23,8.79,Overproduction,1648.21
7483,16,25,2024-03-16,19.06,Overproduction,5793.67
7484,16,38,2024-03-12,24.65,Overproduction,6635.53
7485,16,33,2024-03-09,3.98,Expired,602.61
7486,16,19,2024-04-22,29.11,Spoilage,7477.49
7487,16,38,2024-04-04,14.96,Expired,2807.39
7488,16,26,2024-04-07,26.8,Expired,6107.72
7489,16,29,2024-04-26,14.79,Spoilage,388.24
7490,16,37,2024-04-21,2.83,Expired,710.53
7491,16,12,2024-04-03,36.79,Expired,3351.57
7492,16,36,2024-04-20,19.63,Spoilage,2113.56
7493,16,53,2024-04-27,11.11,Spoilage,1619.84
7494,16,42,2024-04-16,29.06,Preparation Error,7622.73
7495,16,55,2024-04-28,10.62,Overproduction,932.22
7496,16,27,2024-04-17,35.3,Spoilage,3497.52
7497,16,6,2024-04-24,37.22,Expired,6505.31
7498,16,65,2024-04-10,22.0,Quality Issue,7228.54
7499,16,63,2024-04-25,5.74,Spoilage,1077.8
7500,16,47,2024-04-17,23.37,Overproduction,3599.68
7501,16,56,2024-04-20,33.44,Spoilage,3481.77
7502,16,39,2024-04-13,26.37,Expired,7646.77
7503,16,1,2024-04-11,7.47,Quality Issue,1551.67
7504,16,24,2024-04-19,19.63,Expired,4445.41
7505,16,18,2024-04-26,27.52,Overproduction,7292.52
7506,16,30,2024-04-05,18.94,Spoilage,4407.34
7507,16,64,2024-04-20,5.47,Overproduction,1222.49
7508,16,20,2024-04-07,32.41,Preparation Error,10283.37
7509,16,15,2024-04-08,5.01,Quality Issue,994.23
7510,16,43,2024-04-16,13.82,Expired,3029.07
7511,16,32,2024-04-18,35.43,Expired,10958.14
7512,16,3,2024-04-21,31.39,Expired,8669.92
7513,16,9,2024-04-08,29.56,preparation error,2133.94
7514,16,5,2024-04-24,33.63,Overproduction,1724.55
7515,16,45,2024-04-01,29.18,Expired,7221.17
7516,16,41,2024-04-28,10.32,Expired,3480.32
7517,16,28,2024-05-14,10.63,Expired,2670.57
7518,16,42,2024-05-24,36.12,Preparation Error,6038.54
7519,16,37,2024-05-14,34.78,Expired,5084.14
7520,16,49,2024-05-17,21.58,Expired,5967.73
7521,16,2,2024-05-27,24.39,Spoilage,5690.92
7522,16,21,2024-05-10,26.2,Expired,2188.22
7523,16,47,2024-05-07,19.93,Overproduction,2729.01
7524,16,56,2024-05-09,18.33,Preparation Error,2382.9
7525,16,4,2024-05-16,21.65,Expired,6756.75
7526,16,26,2024-05-01,15.47,Expired,1779.98
7527,16,9,2024-05-09,31.1,Quality Issue,9631.36
7528,16,52,2024-05-08,15.09,Overproduction,2125.73
7529,16,8,2024-05-16,26.36,Overproduction,5532.44
7530,16,55,2024-05-13,14.61,Overproduction,1113.87
7531,16,14,2024-05-25,29.67,Spoilage,10121.62
7532,16,23,2024-05-22,3.16,Quality Issue,627.13
7533,16,62,2024-05-09,15.38,Expired,1404.04
7534,16,31,2024-05-18,14.33,Storage Issue,2670.54
7535,16,51,2024-05-03,28.74,Expired,2866.24
7536,16,3,2024-05-04,25.92,Spoilage,3146.43
7537,16,63,2024-05-13,32.36,Preparation Error,3060.29
7538,16,64,2024-05-01,17.85,Expired,477.84
7539,16,17,2024-05-02,24.25,Storage Issue,7236.44
7540,16,1,2024-05-20,32.96,Expired,5045.85
7541,16,16,2024-05-28,30.82,Overproduction,1394.3
7542,16,44,2024-05-28,3.1,Overproduction,412.67
7543,16,50,2024-05-22,28.82,Quality Issue,2359.78
7544,16,10,2024-05-22,35.98,Spoilage,4064.3
7545,16,33,2024-05-18,26.68,Expired,601.9
7546,16,34,2024-05-16,8.67,Expired,553.23
7547,16,61,2024-05-03,14.74,Expired,4333.41
7548,16,59,2024-06-06,14.48,Preparation Error,1334.48
7549,16,25,2024-06-12,27.57,Quality Issue,7265.25
7550,16,38,2024-06-07,21.9,Expired,1827.77
7551,16,19,2024-06-08,25.63,Spoilage,1648.01
7552,16,5,2024-06-04,36.81,Expired,2246.51
7553,16,44,2024-06-07,20.57,Storage Issue,837.61
7554,16,22,2024-06-24,16.35,Storage Issue,3412.08
7555,16,18,2024-06-25,17.46,Overproduction,4537.85
7556,16,31,2024-06-07,31.7,Expired,3778.01
7557,16,45,2024-06-02,8.23,Expired,891.64
7558,16,28,2024-06-24,29.8,Overproduction,6508.62
7559,16,16,2024-06-06,30.56,Spoilage,4086.18
7560,16,17,2024-06-10,32.45,Storage Issue,9499.41
7561,16,65,2024-06-09,32.18,Quality Issue,8043.71
7562,16,10,2024-06-28,27.61,SPOILAGE,7285.45
7563,16,26,2024-06-08,2.87,Spoilage,905.34
7564,16,42,2024-06-03,7.41,Quality Issue,218.97
7565,16,52,2024-06-03,32.19,Spoilage,4898.35
7566,16,32,2024-06-15,33.8,Spoilage,5323.84
7567,16,63,2024-06-27,15.66,Quality Issue,5242.19
7568,16,7,2024-06-22,37.12,Overproduction,5299.25
7569,16,48,2024-06-22,17.98,Storage Issue,606.11
7570,16,1,2024-06-13,29.03,Expired,9966.87
7571,16,30,2024-06-22,9.57,Expired,2987.56
7572,16,43,2024-06-19,21.22,Overproduction,7335.97
7573,16,60,2024-06-25,18.03,Expired,5226.72
7574,16,14,2024-06-12,36.59,Overproduction,6364.1
7575,16,8,2024-06-12,29.31,Storage Issue,2078.96
7576,16,35,2024-06-05,13.11,Quality Issue,2914.48
7577,16,50,2024-06-20,13.7,Quality Issue,3662.01
7578,16,49,2024-06-16,9.51,Quality Issue,3215.81
7579,16,16,2024-07-22,6.83,Overproduction,2102.62
7580,16,34,2024-07-16,33.09,Spoilage,11330.35
7581,16,21,2024-07-10,12.78,Quality Issue,4097.65
7582,16,5,2024-07-06,33.95,Expired,6088.59
7583,16,3,2024-07-12,11.25,Preparation Error,314.77
7584,16,43,2024-07-16,3.26,Overproduction,196.02
7585,16,40,2024-07-08,33.36,Preparation Error,6600.28
7586,16,51,2024-07-16,3.59,Expired,134.01
7587,16,22,2024-07-01,23.51,Expired,7290.45
7588,16,57,2024-07-03,14.7,Expired,4500.85
7589,16,30,2024-07-28,3.02,Expired,132.28
7590,16,62,2024-07-04,34.88,Expired,1466.7
7591,16,47,2024-07-19,4.38,Storage Issue,970.87
7592,16,44,2024-07-15,28.1,Expired,6593.38
7593,16,4,2024-07-17,31.86,Overproduction,6940.38
7594,16,27,2024-07-17,29.14,Spoilage,4271.05
7595,16,49,2024-07-09,23.62,Expired,5088.69
7596,16,7,2024-07-06,3.21,Storage Issue,1051.4
7597,16,1,2024-07-26,6.22,Overproduction,1429.67
7598,16,15,2024-07-21,28.53,Storage Issue,3231.31
7599,16,6,2024-07-08,28.74,Expired,2458.13
7600,16,8,2024-07-17,22.59,Preparation Error,7437.98
7601,16,39,2024-07-06,9.16,Quality Issue,2122.01
7602,16,31,2024-07-07,18.1,Overproduction,5050.44
7603,16,29,2024-07-10,11.63,Overproduction,3580.99
7604,16,50,2024-07-01,15.42,Overproduction,3695.09
7605,16,11,2024-07-19,8.94,Expired,1341.0
7606,16,20,2024-07-19,24.97,Expired,3814.92
7607,16,36,2024-07-24,23.58,Expired,3579.21
7608,16,37,2024-07-23,19.18,Expired,428.04
7609,16,10,2024-07-06,32.14,Overproduction,747.9
7610,16,16,2024-08-21,20.23,Storage Issue,3205.04
7611,16,59,2024-08-10,5.87,Storage Issue,1155.22
7612,16,58,2024-08-17,22.21,Quality Issue,3214.23
7613,16,5,2024-08-15,9.61,Overproduction,2647.94
7614,16,65,2024-08-09,35.01,Quality Issue,10225.02
7615,16,12,2024-08-04,5.82,Quality Issue,639.68
7616,16,49,2024-08-20,19.35,Expired,540.06
7617,16,54,2024-08-10,27.73,Expired,3663.41
7618,16,50,2024-08-08,4.78,Preparation Error,190.34
7619,16,9,2024-08-10,170.03,Preparation Error,1545.82
7620,16,4,2024-08-21,6.87,Preparation Error,1200.81
7621,16,15,2024-08-04,36.03,Spoilage,7279.5
7622,16,1,2024-08-01,10.42,Expired,3318.04
7623,16,20,2024-08-22,30.18,Spoilage,3917.97
7624,16,57,2024-08-06,23.03,Expired,529.69
7625,16,45,2024-08-27,7.14,Expired,1121.55
7626,16,10,2024-08-26,7.66,Preparation Error,1594.51
7627,16,7,2024-08-20,7.68,Preparation Error,1464.35
7628,16,37,2024-08-25,23.5,Overproduction,6038.09
7629,16,8,2024-08-05,12.6,Storage Issue,4398.66
7630,16,46,2024-08-19,11.3,Expired,3435.77
7631,16,55,2024-08-24,36.78,Quality Issue,11824.03
7632,16,62,2024-08-05,35.44,Expired,5806.84
7633,16,40,2024-08-18,7.45,Spoilage,1996.3
7634,16,41,2024-08-03,19.06,Spoilage,2043.42
7635,16,52,2024-08-20,35.23,Overproduction,6901.91
7636,16,26,2024-08-25,8.79,Spoilage,1613.4
7637,16,35,2024-08-28,27.18,Expired,597.42
7638,16,63,2024-08-19,24.78,Spoilage,1411.96
7639,16,11,2024-08-06,21.0,Spoilage,4443.6
7640,16,56,2024-08-27,28.61,Preparation Error,9442.44
7641,16,14,2024-09-04,30.43,Expired,4028.63
7642,16,7,2024-09-07,3.36,Spoilage,318.96
7643,16,55,2024-09-03,19.85,Overproduction,4632.79
7644,16,40,2024-09-03,29.59,Spoilage,6799.19
7645,16,28,2024-09-03,18.56,Quality Issue,3731.86
7646,16,5,2024-09-12,14.82,Spoilage,4379.46
7647,16,38,2024-09-21,3.25,Overproduction,526.08
7648,16,26,2024-09-27,10.43,Storage Issue,2774.48
7649,16,62,2024-09-03,21.37,Expired,4930.06
7650,16,24,2024-09-15,8.85,Expired,1881.33
7651,16,56,2024-09-10,21.62,Quality Issue,6073.49
7652,16,46,2024-09-02,29.4,Overproduction,7633.42
7653,16,17,2024-09-20,20.31,Spoilage,597.93
7654,16,63,2024-09-13,18.05,Expired,3314.7
7655,16,8,2024-09-17,15.47,Expired,1951.08
7656,16,53,2024-09-07,31.72,Storage Issue,10801.29
7657,16,61,2024-09-02,29.47,Quality Issue,2624.89
7658,16,13,2024-09-08,4.38,Spoilage,175.68
7659,16,59,2024-09-03,18.68,Expired,1865.38
7660,16,57,2024-09-19,7.03,Expired,1987.45
7661,16,19,2024-09-27,11.21,Spoilage,1621.97
7662,16,27,2024-09-09,17.77,Overproduction,629.95
7663,16,15,2024-09-19,18.75,Spoilage,6009.56
7664,16,30,2024-09-05,27.02,Expired,8841.48
7665,16,39,2024-09-22,13.13,Expired,3405.4
7666,16,20,2024-09-19,20.89,Quality Issue,1704.21
7667,16,49,2024-09-16,3.12,Spoilage,599.2
7668,16,65,2024-09-19,16.7,Spoilage,1735.46
7669,16,45,2024-09-07,36.25,Spoilage,12633.49
7670,16,22,2024-09-06,28.84,Expired,1234.64
7671,16,12,2024-09-22,22.36,Preparation Error,7280.86
7672,16,47,2024-10-11,13.55,Spoilage,3428.83
7673,16,13,2024-10-17,6.27,Preparation Error,1367.61
7674,16,19,2024-10-14,14.6,Spoilage,3453.78
7675,16,39,2024-10-15,16.81,Preparation Error,2185.3
7676,16,54,2024-10-05,6.35,Expired,926.53
7677,16,41,2024-10-15,35.87,Overproduction,4101.73
7678,16,9,2024-10-10,9.61,Preparation Error,2308.51
7679,16,48,2024-10-19,16.67,Spoilage,1696.34
7680,16,64,2024-10-05,9.56,Spoilage,2834.92
7681,16,25,2024-10-14,19.48,Quality Issue,5479.72
7682,16,6,2024-10-19,5.68,Quality Issue,1298.45
7683,16,22,2024-10-16,15.43,Overproduction,1798.68
7684,16,38,2024-10-04,9.85,Expired,2581.88
7685,16,10,2024-10-08,27.54,Expired,5414.91
7686,16,62,2024-10-09,8.5,Storage Issue,1438.54
7687,16,18,2024-10-12,215.32,Spoilage,2634.9
7688,16,60,2024-10-02,2.77,Quality Issue,693.19
7689,16,30,2024-10-26,13.57,Spoilage,2249.91
7690,16,58,2024-10-19,18.24,Spoilage,1186.33
7691,16,1,2024-10-23,17.32,Preparation Error,6017.49
7692,16,61,2024-10-16,6.2,Quality Issue,1778.72
7693,16,34,2024-10-25,19.49,Overproduction,3678.35
7694,16,52,2024-10-19,28.56,Overproduction,2178.84
7695,16,14,2024-10-04,15.3,Quality Issue,3353.0
7696,16,46,2024-10-23,7.27,Overproduction,360.81
7697,16,29,2024-10-05,8.12,Storage Issue,1636.83
7698,16,28,2024-10-06,11.05,Spoilage,3255.66
7699,16,55,2024-10-10,36.47,Overproduction,6601.43
7700,16,42,2024-10-25,16.93,Spoilage,4850.28
7701,16,20,2024-10-01,35.12,Preparation Error,3258.08
7702,16,4,2024-10-01,12.06,Storage Issue,307.29
7703,16,28,2024-11-27,9.45,Storage Issue,1982.61
7704,16,16,2024-11-21,34.83,Expired,3037.52
7705,16,7,2024-11-18,16.39,Expired,1110.42
7706,16,50,2024-11-06,10.85,Expired,1461.17
7707,16,40,2024-11-22,23.84,Expired,8284.16
7708,16,58,2024-11-15,5.87,Storage Issue,128.55
7709,16,20,2024-11-11,23.49,Expired,4723.6
7710,16,38,2024-11-04,18.04,Expired,4329.06
7711,16,25,2024-11-05,25.23,Preparation Error,3861.45
7712,16,6,2024-11-12,9.4,Preparation Error,2326.31
7713,16,1,2024-11-24,10.76,Preparation Error,3452.88
7714,16,63,2024-11-06,33.65,Overproduction,2839.39
7715,16,5,2024-11-07,24.89,Preparation Error,1759.23
7716,16,15,2024-11-06,23.39,Storage Issue,667.08
7717,16,43,2024-11-22,20.24,Overproduction,5684.4
7718,16,52,2024-11-16,30.97,Quality Issue,5738.74
7719,16,34,2024-11-01,15.77,Spoilage,605.57
7720,16,45,2024-11-05,8.06,Overproduction,2024.67
7721,16,4,2024-11-13,15.06,Expired,649.39
7722,16,42,2024-11-12,36.53,Spoilage,4369.35
7723,16,62,2024-11-09,5.35,Preparation Error,1840.88
7724,16,10,2024-11-27,29.1,Overproduction,1014.43
7725,16,54,2024-11-27,25.83,Quality Issue,4539.88
7726,16,26,2024-11-11,23.67,Spoilage,6625.47
7727,16,13,2024-11-14,13.67,Expired,3893.76
7728,16,21,2024-11-08,29.42,Expired,2317.71
7729,16,30,2024-11-03,35.77,Overproduction,8119.43
7730,16,46,2024-11-24,13.86,Expired,599.31
7731,16,35,2024-11-06,31.77,Quality Issue,9419.17
7732,16,49,2024-11-19,34.19,Spoilage,3012.82
7733,16,27,2024-11-15,18.62,overproduction,4587.22
7734,16,53,2024-12-05,11.72,Preparation Error,1619.47
7735,16,26,2024-12-18,35.85,Overproduction,10787.98
7736,16,33,2024-12-15,17.0,Expired,2172.94
7737,16,15,2024-12-14,2.67,Storage Issue,469.2
7738,16,32,2024-12-23,34.49,Expired,4653.39
7739,16,57,2024-12-22,24.56,Expired,601.23
7740,16,3,2024-12-28,15.8,Expired,849.88
7741,16,27,2024-12-23,18.99,Expired,4150.45
7742,16,14,2024-12-28,23.91,Spoilage,7183.52
7743,16,9,2024-12-18,3.89,Spoilage,632.71
7744,16,5,2024-12-21,34.58,Spoilage,9639.87
7745,16,24,2024-12-26,30.29,Spoilage,10039.01
7746,16,19,2024-12-22,14.8,Overproduction,4733.63
7747,16,7,2024-12-02,22.93,Expired,3375.3
7748,16,12,2024-12-20,20.04,Expired,611.02
7749,16,11,2024-12-23,31.23,Preparation Error,1682.98
7750,16,40,2024-12-04,22.47,Expired,7017.83
7751,16,36,2024-12-22,36.17,Expired,9692.84
7752,16,39,2024-12-27,17.38,Overproduction,5979.07
7753,16,41,2024-12-07,19.25,Expired,1781.2
7754,16,21,2024-12-10,14.94,Storage Issue,1158.75
7755,16,48,2024-12-09,27.12,Overproduction,5373.83
7756,16,22,2024-12-02,31.73,Spoilage,3619.12
7757,16,49,2024-12-15,10.61,Preparation Error,1136.76
7758,16,10,2024-12-14,36.2,Quality Issue,3224.7
7759,16,29,2024-12-06,16.23,Spoilage,5270.69
7760,16,42,2024-12-04,36.59,Overproduction,11532.8
7761,16,60,2024-12-21,36.35,Overproduction,9612.76
7762,16,8,2024-12-22,13.4,Expired,3810.02
7763,16,2,2024-12-18,23.66,Expired,4885.32
7764,16,6,2024-12-21,23.83,Overproduction,702.51
7765,16,9,2025-01-25,45.71,Overproduction,1959.46
7766,16,14,2025-01-03,25.26,Spoilage,8639.43
7767,16,15,2025-01-19,6.6,Overproduction,563.84
7768,16,64,2025-01-18,20.67,Spoilage,7130.12
7769,16,21,2025-01-18,22.68,Quality Issue,2601.85
7770,16,60,2025-01-15,31.26,Expired,5068.81
7771,16,45,2025-01-03,21.34,Expired,1929.78
7772,16,53,2025-01-26,4.95,Quality Issue,1362.34
7773,16,13,2025-01-13,5.08,Storage Issue,452.83
7774,16,35,2025-01-01,34.21,Preparation Error,10324.24
7775,16,5,2025-01-01,10.42,Preparation Error,1811.0
7776,16,46,2025-01-21,22.16,Storage Issue,4123.31
7777,16,33,2025-01-03,11.28,Spoilage,1423.76
7778,16,38,2025-01-13,3.53,Quality Issue,527.1
7779,16,32,2025-01-06,35.18,Spoilage,4008.06
7780,16,24,2025-01-28,25.79,Overproduction,6618.23
7781,16,31,2025-01-16,27.18,Spoilage,4427.62
7782,16,11,2025-01-03,22.24,Expired,5206.61
7783,16,51,2025-01-05,11.31,Expired,2239.61
7784,16,29,2025-01-22,27.68,Expired,1777.89
7785,16,6,2025-01-22,22.71,Overproduction,537.09
7786,16,56,2025-01-08,19.23,Spoilage,3998.88
7787,16,34,2025-01-13,3.93,Spoilage,1322.96
7788,16,55,2025-01-17,8.64,Storage Issue,2714.6
7789,16,44,2025-01-26,26.8,Spoilage,4309.98
7790,16,36,2025-01-12,30.99,Spoilage,4444.9
7791,16,25,2025-01-09,27.55,Expired,2429.08
7792,16,19,2025-01-24,33.75,Preparation Error,1055.7
7793,16,8,2025-01-20,20.11,Spoilage,4299.12
7794,16,40,2025-01-08,20.83,Preparation Error,6398.35
7795,16,42,2025-01-13,35.84,Storage Issue,2037.5
7796,16,23,2025-02-14,28.58,Spoilage,5943.21
7797,16,29,2025-02-13,14.21,Spoilage,926.78
7798,16,14,2025-02-24,3.72,Preparation Error,744.56
7799,16,58,2025-02-26,32.29,Storage Issue,10564.32
7800,16,3,2025-02-10,35.42,Expired,5014.76
7801,16,9,2025-02-10,5.58,Expired,447.18
7802,16,51,2025-02-26,34.51,Spoilage,3611.47
7803,16,24,2025-02-14,33.56,Preparation Error,6991.55
7804,16,61,2025-02-24,65.38,Expired,2855.14
7805,16,19,2025-02-07,33.0,expired,3499.32
7806,16,12,2025-02-01,12.93,Overproduction,3478.95
7807,16,45,2025-02-26,12.03,Preparation Error,374.73
7808,16,4,2025-02-13,30.04,Spoilage,8920.08
7809,16,46,2025-02-08,22.31,Overproduction,3184.31
7810,16,13,2025-02-10,15.2,Expired,2967.95
7811,16,49,2025-02-20,5.74,Preparation Error,1468.81
7812,16,57,2025-02-13,31.08,Expired,2308.62
7813,16,39,2025-02-04,24.65,Quality Issue,3291.51
7814,16,10,2025-02-02,22.23,Preparation Error,7156.06
7815,16,22,2025-02-22,8.75,Spoilage,2097.11
7816,16,59,2025-02-19,23.75,Spoilage,3267.05
7817,16,27,2025-02-04,17.25,Expired,2999.95
7818,16,48,2025-02-05,9.69,Storage Issue,1490.61
7819,16,28,2025-02-25,26.57,Expired,1287.58
7820,16,6,2025-02-15,32.07,Expired,6844.7
7821,16,31,2025-02-22,8.81,Expired,1302.29
7822,16,33,2025-02-26,30.53,Expired,5848.02
7823,16,50,2025-02-20,35.84,Quality Issue,4647.37
7824,16,35,2025-02-01,18.76,Spoilage,2085.55
7825,16,40,2025-02-02,26.06,Quality Issue,7685.35
7826,16,1,2025-02-15,36.81,Expired,3360.02
7827,16,34,2025-03-26,6.14,Expired,396.58
7828,16,54,2025-03-14,15.63,Quality Issue,3060.98
7829,16,52,2025-03-17,25.53,Expired,6121.33
7830,16,6,2025-03-23,15.39,Spoilage,3589.41
7831,16,46,2025-03-18,37.23,Preparation Error,3006.32
7832,16,59,2025-03-17,16.1,Expired,3955.45
7833,16,35,2025-03-16,16.78,Expired,5665.26
7834,16,58,2025-03-04,24.45,Spoilage,7355.05
7835,16,2,2025-03-01,7.15,Spoilage,769.7
7836,16,39,2025-03-14,3.49,Spoilage,488.32
7837,16,61,2025-03-17,7.2,Expired,2143.37
7838,16,47,2025-03-24,24.32,Overproduction,6042.55
7839,16,64,2025-03-28,9.15,Overproduction,1876.48
7840,16,42,2025-03-24,29.12,Quality Issue,2860.46
7841,16,45,2025-03-15,100.38,Storage Issue,2182.69
7842,16,31,2025-03-13,26.77,Spoilage,4533.77
7843,16,60,2025-03-12,6.96,Expired,220.01
7844,16,51,2025-03-28,26.46,Storage Issue,8380.15
7845,16,18,2025-03-09,6.7,Overproduction,146.86
7846,16,10,2025-03-16,21.1,Preparation Error,2867.07
7847,16,13,2025-03-24,29.66,Expired,2768.17
7848,16,16,2025-03-17,22.81,Spoilage,5010.44
7849,16,57,2025-03-15,6.35,Overproduction,786.89
7850,16,11,2025-03-06,260.12,Overproduction,930.49
7851,16,27,2025-03-09,26.84,Spoilage,6403.22
7852,16,53,2025-03-20,25.99,Storage Issue,1434.65
7853,16,3,2025-03-28,30.24,Quality Issue,4822.98
7854,16,41,2025-03-04,33.95,Expired,10856.87
7855,16,8,2025-03-23,7.21,Overproduction,1048.12
7856,16,40,2025-03-21,25.16,Storage Issue,5110.25
7857,16,33,2025-03-08,18.52,Expired,3300.08
7858,16,9,2025-04-14,29.78,Spoilage,3605.17
7859,16,3,2025-04-04,27.3,Spoilage,6086.81
7860,16,51,2025-04-23,21.52,Expired,2302.64
7861,16,64,2025-04-20,16.31,Expired,5065.4
7862,16,26,2025-04-22,15.57,Spoilage,794.85
7863,16,20,2025-04-28,16.93,Quality Issue,1113.32
7864,16,30,2025-04-01,36.57,Spoilage,2577.45
7865,16,7,2025-04-20,16.23,Quality Issue,3898.93
7866,16,25,2025-04-22,22.79,Preparation Error,3109.01
7867,16,24,2025-04-15,13.51,Overproduction,4062.59
7868,16,52,2025-04-27,32.47,Preparation Error,5898.82
7869,16,18,2025-04-03,31.26,Overproduction,2927.5
7870,16,57,2025-04-24,29.92,Preparation Error,974.79
7871,16,37,2025-04-19,20.76,Preparation Error,418.73
7872,16,5,2025-04-09,6.91,Preparation Error,742.0
7873,16,35,2025-04-02,6.81,Expired,2342.57
7874,16,29,2025-04-13,18.76,Preparation Error,448.93
7875,16,14,2025-04-18,17.34,Spoilage,4696.54
7876,16,2,2025-04-12,28.26,Expired,2081.35
7877,16,65,2025-04-09,6.73,Storage Issue,964.21
7878,16,1,2025-04-23,36.51,Spoilage,7827.38
7879,16,11,2025-04-24,11.17,Overproduction,3092.19
7880,16,42,2025-04-11,17.42,Expired,5365.88
7881,16,34,2025-04-24,24.26,Expired,4153.07
7882,16,58,2025-04-17,34.32,Storage Issue,1870.78
7883,16,33,2025-04-21,36.06,Overproduction,5068.59
7884,16,43,2025-04-20,28.75,Quality Issue,8026.71
7885,16,36,2025-04-01,14.11,Expired,2456.83
7886,16,32,2025-04-06,28.83,Expired,1054.02
7887,16,60,2025-04-13,18.98,Spoilage,3364.02
7888,16,31,2025-04-21,3.93,Overproduction,1014.49
7889,16,5,2025-05-11,6.55,Overproduction,158.64
7890,16,24,2025-05-21,18.77,Expired,2578.43
7891,16,63,2025-05-20,28.02,Spoilage,1871.46
7892,16,27,2025-05-18,9.79,Quality Issue,993.59
7893,16,19,2025-05-24,4.18,Spoilage,1399.3
7894,16,26,2025-05-16,24.9,Overproduction,659.35
7895,16,28,2025-05-16,6.15,Preparation Error,1395.07
7896,16,36,2025-05-12,30.76,Spoilage,8960.08
7897,16,64,2025-05-03,4.04,Preparation Error,1403.78
7898,16,53,2025-05-23,11.73,Storage Issue,3795.48
7899,16,4,2025-05-04,16.7,Preparation Error,1726.28
7900,16,61,2025-05-14,184.59,Preparation Error,7447.68
7901,16,43,2025-05-27,7.79,Storage Issue,453.53
7902,16,41,2025-05-26,6.2,Spoilage,690.62
7903,16,47,2025-05-02,7.37,Storage Issue,219.55
7904,16,59,2025-05-18,34.61,Expired,9540.25
7905,16,21,2025-05-22,24.02,Expired,778.25
7906,16,34,2025-05-28,4.56,Expired,100.09
7907,16,2,2025-05-17,34.05,Storage Issue,9624.91
7908,16,3,2025-05-03,169.12,Overproduction,5736.79
7909,16,46,2025-05-07,10.44,Quality Issue,1587.3
7910,16,13,2025-05-02,26.48,Storage Issue,7778.24
7911,16,49,2025-05-25,23.5,Expired,1248.79
7912,16,29,2025-05-14,32.53,Overproduction,9603.83
7913,16,18,2025-05-12,33.24,Quality Issue,7972.95
7914,16,48,2025-05-02,8.87,Spoilage,1447.14
7915,16,14,2025-05-10,15.54,Storage Issue,4492.15
7916,16,30,2025-05-11,23.52,Expired,2773.24
7917,16,16,2025-05-26,23.21,Expired,2386.45
7918,16,35,2025-05-06,9.46,Spoilage,910.05
7919,16,17,2025-05-12,14.43,Expired,3208.8
7920,16,54,2025-06-10,17.19,Expired,1735.85
7921,16,17,2025-06-01,23.34,Expired,7076.69
7922,16,51,2025-06-07,15.95,Expired,4421.02
7923,16,24,2025-06-25,31.6,Overproduction,5420.66
7924,16,3,2025-06-07,7.97,Expired,2680.23
7925,16,58,2025-06-21,32.56,Expired,9562.22
7926,16,30,2025-06-02,31.77,Expired,3163.66
7927,16,33,2025-06-20,25.68,Preparation Error,8514.46
7928,16,27,2025-06-25,21.98,Spoilage,4709.87
7929,16,20,2025-06-09,10.63,Preparation Error,2385.58
7930,16,4,2025-06-13,10.48,Quality Issue,3372.15
7931,16,34,2025-06-25,9.82,Storage Issue,2942.86
7932,16,37,2025-06-08,29.07,Quality Issue,2507.0
7933,16,25,2025-06-16,35.78,Spoilage,3252.4
7934,16,7,2025-06-17,28.53,Quality Issue,829.65
7935,16,21,2025-06-26,31.39,Expired,9732.16
7936,16,41,2025-06-10,30.44,Overproduction,9626.65
7937,16,39,2025-06-14,24.4,Expired,618.78
7938,16,48,2025-06-24,5.05,Quality Issue,190.23
7939,16,2,2025-06-17,26.55,Expired,8261.3
7940,16,49,2025-06-19,22.82,Expired,1060.35
7941,16,18,2025-06-13,34.15,Preparation Error,2665.41
7942,16,38,2025-06-16,20.72,Expired,591.14
7943,16,61,2025-06-26,28.58,Spoilage,8292.49
7944,16,26,2025-06-03,15.77,Spoilage,318.4
7945,16,46,2025-06-20,15.47,Overproduction,5397.02
7946,16,40,2025-06-09,10.52,Spoilage,2454.84
7947,16,60,2025-06-15,17.44,Expired,2569.61
7948,16,62,2025-06-07,3.72,Preparation Error,164.8
7949,16,13,2025-06-14,14.51,Quality Issue,2334.95
7950,16,44,2025-06-20,3.1,Spoilage,850.05
7951,16,36,2025-07-27,12.05,Storage Issue,3565.84
7952,16,37,2025-07-19,15.93,Preparation Error,709.52
7953,16,18,2025-07-03,37.15,expired,8091.27
7954,16,56,2025-07-14,32.86,Expired,2013.66
7955,16,30,2025-07-05,121.59,Quality Issue,3497.45
7956,16,20,2025-07-07,31.51,Spoilage,9485.14
7957,16,46,2025-07-22,33.43,Overproduction,9158.82
7958,16,32,2025-07-04,8.85,Expired,2213.92
7959,16,9,2025-07-05,36.99,Expired,4699.58
7960,16,41,2025-07-19,27.97,Expired,7397.23
7961,16,55,2025-07-07,37.35,Quality Issue,3539.29
7962,16,24,2025-07-07,3.2,Overproduction,460.0
7963,16,61,2025-07-04,13.73,Expired,2624.21
7964,16,40,2025-07-10,34.89,Expired,8501.3
7965,16,11,2025-07-13,31.26,Expired,8825.01
7966,16,31,2025-07-01,30.6,Preparation Error,8133.17
7967,16,19,2025-07-08,14.26,Quality Issue,4901.02
7968,16,13,2025-07-04,37.2,Overproduction,8787.76
7969,16,50,2025-07-08,247.1,Preparation Error,3358.09
7970,16,22,2025-07-23,19.1,Expired,6081.63
7971,16,59,2025-07-11,5.05,Expired,812.29
7972,16,12,2025-07-09,5.64,Expired,480.19
7973,16,34,2025-07-03,29.29,Preparation Error,1648.44
7974,16,29,2025-07-24,36.85,Preparation Error,7129.37
7975,16,7,2025-07-09,4.68,Quality Issue,1619.79
7976,16,63,2025-07-28,34.54,Preparation Error,6797.47
7977,16,2,2025-07-13,34.46,Preparation Error,747.78
7978,16,21,2025-07-20,33.79,Expired,3854.09
7979,16,49,2025-07-26,19.72,Quality Issue,2807.73
7980,16,51,2025-07-17,36.24,Expired,3922.62
7981,16,53,2025-07-03,30.27,Preparation Error,3859.42
7982,16,61,2025-08-22,18.75,Expired,904.12
7983,16,37,2025-08-23,20.24,Storage Issue,3742.17
7984,16,25,2025-08-24,7.69,Preparation Error,2503.56
7985,16,14,2025-08-18,10.57,Storage Issue,3689.78
7986,16,56,2025-08-21,30.32,Preparation Error,5217.47
7987,16,10,2025-08-21,17.37,Expired,3624.25
7988,16,45,2025-08-04,37.25,Expired,7234.69
7989,16,36,2025-08-08,18.92,Expired,1777.34
7990,16,16,2025-08-06,19.27,Quality Issue,4032.44
7991,16,58,2025-08-24,6.01,Preparation Error,361.8
7992,16,3,2025-08-28,6.2,Spoilage,1768.74
7993,16,28,2025-08-03,28.98,Expired,1755.32
7994,16,23,2025-08-17,9.94,Expired,318.58
7995,16,12,2025-08-16,12.34,Overproduction,3742.23
7996,16,38,2025-08-22,5.89,Expired,696.08
7997,16,6,2025-08-10,11.65,Overproduction,1744.82
7998,16,33,2025-08-11,7.65,Storage Issue,2652.71
7999,16,20,2025-08-28,15.69,Spoilage,4882.73
8000,16,48,2025-08-01,8.28,Spoilage,939.2
8001,16,11,2025-08-27,24.01,Expired,903.74
8002,16,65,2025-08-15,16.64,Quality Issue,3774.12
8003,16,53,2025-08-11,23.32,Overproduction,3646.78
8004,16,47,2025-08-14,21.68,Spoilage,3649.83
8005,16,30,2025-08-01,21.86,Quality Issue,1077.04
8006,16,31,2025-08-06,18.0,Expired,2432.7
8007,16,52,2025-08-14,15.36,Expired,2084.2
8008,16,35,2025-08-04,28.89,Spoilage,6816.02
8009,16,1,2025-08-26,25.91,Expired,7516.49
8010,16,34,2025-08-16,6.81,Preparation Error,701.29
8011,16,62,2025-08-02,10.58,Quality Issue,3484.1
8012,16,46,2025-08-06,37.33,Expired,10334.06
8013,16,44,2025-09-25,22.02,Storage Issue,5483.2
8014,16,33,2025-09-23,20.85,Expired,3088.51
8015,16,36,2025-09-04,18.62,Preparation Error,5823.41
8016,16,55,2025-09-21,2.81,Expired,180.94
8017,16,17,2025-09-27,33.36,Overproduction,1197.96
8018,16,38,2025-09-20,37.05,Quality Issue,6165.49
8019,16,37,2025-09-21,20.45,Overproduction,3968.32
8020,16,57,2025-09-17,35.57,Storage Issue,3314.77
8021,16,30,2025-09-09,8.04,Expired,1674.81
8022,16,12,2025-09-08,15.01,Quality Issue,4761.02
8023,16,31,2025-09-28,23.86,Overproduction,2550.87
8024,16,6,2025-09-13,16.14,Expired,1992.97
8025,16,50,2025-09-03,6.58,Expired,1304.88
8026,16,64,2025-09-17,7.8,Expired,530.09
8027,16,18,2025-09-09,26.43,spoilage,8602.97
8028,16,34,2025-09-09,3.73,Overproduction,227.46
8029,16,19,2025-09-17,23.6,Quality Issue,5998.41
8030,16,7,2025-09-02,36.24,Preparation Error,8568.95
8031,16,13,2025-09-20,34.31,Spoilage,6576.54
8032,16,29,2025-09-11,7.8,Spoilage,295.93
8033,16,47,2025-09-17,28.6,Overproduction,9038.17
8034,16,41,2025-09-06,19.8,Overproduction,5304.62
8035,16,46,2025-09-13,20.87,Quality Issue,5770.35
8036,16,65,2025-09-13,13.53,Spoilage,1461.92
8037,16,45,2025-09-22,32.92,Expired,1358.28
8038,16,16,2025-09-02,35.71,Preparation Error,10684.79
8039,16,59,2025-09-20,17.46,Overproduction,3559.57
8040,16,24,2025-09-17,26.31,Expired,5535.1
8041,16,63,2025-09-18,6.21,Spoilage,260.82
8042,16,43,2025-09-03,34.74,Preparation Error,9383.27
8043,16,10,2025-09-01,34.89,Preparation Error,4193.08
8044,16,55,2025-10-05,3.21,Expired,546.37
8045,16,41,2025-10-03,18.89,Overproduction,2583.77
8046,16,35,2025-10-18,37.13,Spoilage,870.33
8047,16,29,2025-10-04,22.77,Overproduction,7836.75
8048,16,52,2025-10-10,20.21,Storage Issue,4213.38
8049,16,2,2025-10-17,3.11,Expired,808.13
8050,16,23,2025-10-27,21.97,Expired,5352.33
8051,16,9,2025-10-09,27.17,Spoilage,5785.31
8052,16,43,2025-10-18,24.34,Spoilage,2049.91
8053,16,4,2025-10-21,24.36,Overproduction,6622.75
8054,16,50,2025-10-10,28.18,Spoilage,703.94
8055,16,26,2025-10-07,6.99,Overproduction,2305.23
8056,16,19,2025-10-04,32.31,Expired,1059.12
8057,16,36,2025-10-15,26.17,Preparation Error,6857.33
8058,16,49,2025-10-08,26.37,storage issue,9077.35
8059,16,5,2025-10-03,20.02,Overproduction,1992.99
8060,16,31,2025-10-04,13.98,Preparation Error,1088.62
8061,16,39,2025-10-03,35.06,Expired,3765.79
8062,16,58,2025-10-18,30.98,Quality Issue,4356.41
8063,16,65,2025-10-08,20.72,Preparation Error,4898.62
8064,16,63,2025-10-11,8.65,Spoilage,1127.1
8065,16,44,2025-10-19,21.34,Spoilage,4858.69
8066,16,32,2025-10-12,30.39,Quality Issue,2856.05
8067,16,8,2025-10-14,19.59,Expired,1327.22
8068,16,1,2025-10-25,24.93,Expired,3436.85
8069,16,40,2025-10-18,33.74,Overproduction,3387.5
8070,16,22,2025-10-05,30.22,Overproduction,1833.75
8071,16,3,2025-10-15,2.93,Spoilage,946.3
8072,16,38,2025-10-21,32.91,Quality Issue,10011.55
8073,16,13,2025-10-08,19.02,Overproduction,4761.47
8074,16,56,2025-10-02,21.77,Overproduction,2036.37
8075,16,24,2025-11-27,25.91,Preparation Error,2481.66
8076,16,18,2025-11-09,27.71,Quality Issue,2649.08
8077,16,58,2025-11-03,32.37,Preparation Error,4944.84
8078,16,52,2025-11-23,8.93,Preparation Error,769.23
8079,16,31,2025-11-17,3.4,Quality Issue,319.02
8080,16,35,2025-11-09,3.83,Storage Issue,606.06
8081,16,39,2025-11-11,29.22,Expired,7787.42
8082,16,10,2025-11-06,28.71,Quality Issue,6249.88
8083,16,9,2025-11-22,3.77,Preparation Error,635.62
8084,16,23,2025-11-01,6.73,Spoilage,900.34
8085,16,20,2025-11-07,24.41,Spoilage,1722.13
8086,16,43,2025-11-03,26.72,Spoilage,8236.17
8087,16,54,2025-11-15,21.6,Spoilage,3780.22
8088,16,51,2025-11-10,10.73,Spoilage,2676.6
8089,16,12,2025-11-10,31.86,Expired,5964.83
8090,16,64,2025-11-15,34.36,Expired,8418.54
8091,16,37,2025-11-01,21.69,Preparation Error,2327.99
8092,16,50,2025-11-16,25.97,Expired,3488.03
8093,16,47,2025-11-10,16.28,Quality Issue,1171.35
8094,16,34,2025-11-19,14.4,Expired,3616.85
8095,16,57,2025-11-05,3.23,Spoilage,454.59
8096,16,38,2025-11-19,32.29,Preparation Error,10988.93
8097,16,11,2025-11-10,7.19,Overproduction,1568.57
8098,16,15,2025-11-17,20.82,Expired,4473.39
8099,16,16,2025-11-25,5.79,Expired,302.99
8100,16,61,2025-11-25,29.4,Expired,3631.49
8101,16,44,2025-11-08,10.42,Storage Issue,1662.2
8102,16,55,2025-11-08,20.81,Quality Issue,696.3
8103,16,19,2025-11-11,36.72,Overproduction,1192.67
8104,16,7,2025-11-08,4.92,Storage Issue,927.27
8105,16,48,2025-11-05,2.78,Overproduction,635.59
8106,16,23,2025-12-22,10.47,Spoilage,344.15
8107,16,33,2025-12-28,23.38,Expired,7255.98
8108,16,8,2025-12-06,12.75,Storage Issue,3641.78
8109,16,40,2025-12-19,9.36,Expired,2952.24
8110,16,32,2025-12-20,13.76,Expired,1187.76
8111,16,63,2025-12-13,32.21,Spoilage,6856.22
8112,16,51,2025-12-13,9.78,Storage Issue,1203.92
8113,16,15,2025-12-01,26.97,Spoilage,9386.1
8114,16,14,2025-12-21,2.77,Quality Issue,744.63
8115,16,26,2025-12-03,6.98,Overproduction,1514.17
8116,16,22,2025-12-17,25.44,Expired,6239.16
8117,16,6,2025-12-28,10.15,Expired,2500.76
8118,16,48,2025-12-11,27.15,Quality Issue,7497.2
8119,16,1,2025-12-14,30.43,quality issue,6798.97
8120,16,45,2025-12-19,3.03,Expired,1044.53
8121,16,52,2025-12-14,5.4,Overproduction,1085.4
8122,16,10,2025-12-07,19.2,Quality Issue,6651.65
8123,16,38,2025-12-14,211.61,Storage Issue,2938.96
8124,16,56,2025-12-06,10.74,Expired,1035.87
8125,16,13,2025-12-27,18.57,Overproduction,1543.54
8126,16,37,2025-12-13,7.68,Expired,2651.21
8127,16,65,2025-12-11,18.56,Preparation Error,2616.03
8128,16,58,2025-12-16,9.33,Spoilage,3003.79
8129,16,55,2025-12-02,5.02,Preparation Error,374.69
8130,16,20,2025-12-12,4.19,Quality Issue,1464.07
8131,16,53,2025-12-23,17.07,Spoilage,2281.41
8132,16,27,2025-12-10,22.16,Preparation Error,4264.47
8133,16,36,2025-12-09,26.87,Storage Issue,7295.74
8134,16,42,2025-12-10,4.94,Expired,1160.75
8135,16,31,2025-12-06,13.2,Preparation Error,3580.5
8136,16,49,2025-12-08,28.01,Expired,4235.11
8137,16,38,2026-01-16,5.82,Storage Issue,1552.08
8138,16,26,2026-01-20,36.56,Storage Issue,10382.31
8139,16,36,2026-01-14,33.42,Expired,7557.6
8140,16,15,2026-01-06,12.49,Storage Issue,2563.32
8141,16,49,2026-01-01,8.08,Preparation Error,1774.69
8142,16,23,2026-01-27,9.13,Spoilage,1372.24
8143,16,44,2026-01-24,3.65,Quality Issue,160.45
8144,16,42,2026-01-01,30.22,Preparation Error,8693.99
8145,16,14,2026-01-13,9.98,Quality Issue,2319.85
8146,16,22,2026-01-17,9.52,Quality Issue,1046.53
8147,16,52,2026-01-06,12.04,Quality Issue,1768.68
8148,16,2,2026-01-06,7.73,Overproduction,589.57
8149,16,6,2026-01-13,34.45,Preparation Error,11682.68
8150,16,9,2026-01-13,30.38,Spoilage,1035.65
8151,16,7,2026-01-20,13.91,Expired,2922.35
8152,16,5,2026-01-17,35.91,Expired,4122.83
8153,16,31,2026-01-05,5.87,Storage Issue,706.22
8154,16,58,2026-01-24,21.37,overproduction,2367.15
8155,16,28,2026-01-15,28.12,Expired,2352.8
8156,16,13,2026-01-20,17.51,Spoilage,5451.74
8157,16,11,2026-01-12,6.52,Storage Issue,1122.48
8158,16,24,2026-01-19,19.51,Preparation Error,4383.51
8159,16,10,2026-01-24,7.86,Expired,944.54
8160,16,59,2026-01-15,14.33,Quality Issue,938.47
8161,16,19,2026-01-01,27.07,Overproduction,4851.21
8162,16,57,2026-01-12,5.16,Quality Issue,639.22
8163,16,8,2026-01-03,37.44,Overproduction,4276.4
8164,16,20,2026-01-08,11.7,Quality Issue,1350.18
8165,16,55,2026-01-18,28.13,Expired,2782.34
8166,16,64,2026-01-05,21.0,Expired,1660.47
8167,16,3,2026-01-12,32.43,Preparation Error,3994.08
8168,16,13,2026-02-15,18.13,Spoilage,1335.46
8169,16,9,2026-02-28,30.24,Expired,814.36
8170,16,46,2026-02-09,29.8,Preparation Error,7709.86
8171,16,41,2026-02-21,34.0,Quality Issue,5057.5
8172,16,4,2026-02-13,23.04,Spoilage,7002.55
8173,16,23,2026-02-09,8.81,Preparation Error,2086.03
8174,16,58,2026-02-06,3.98,Expired,1003.88
8175,16,15,2026-02-25,32.9,Storage Issue,10837.26
8176,16,16,2026-02-15,13.94,Storage Issue,2194.57
8177,16,30,2026-02-16,32.54,Preparation Error,7168.24
8178,16,2,2026-02-26,32.78,Preparation Error,6032.5
8179,16,57,2026-02-05,34.62,Spoilage,10556.33
8180,16,33,2026-02-04,23.98,Storage Issue,633.55
8181,16,25,2026-02-25,33.04,Expired,9266.07
8182,16,3,2026-02-07,34.59,Overproduction,3384.98
8183,16,42,2026-02-26,32.8,Preparation Error,7517.76
8184,16,39,2026-02-11,21.7,Preparation Error,1436.76
8185,16,28,2026-02-21,20.64,Spoilage,4331.3
8186,16,1,2026-02-25,29.8,Preparation Error,646.36
8187,16,55,2026-02-15,35.74,Overproduction,10386.76
8188,16,44,2026-02-09,10.61,Overproduction,1667.26
8189,16,7,2026-02-03,11.6,Expired,1483.87
8190,16,59,2026-02-19,14.37,Storage Issue,3222.33
8191,16,54,2026-02-24,29.98,quality issue,2998.0
8192,16,24,2026-02-17,11.28,Expired,1640.9
8193,16,52,2026-02-01,34.14,Preparation Error,10599.1
8194,16,31,2026-02-22,10.61,Expired,2212.29
8195,16,22,2026-02-01,12.67,Quality Issue,2633.97
8196,16,10,2026-02-08,15.69,Quality Issue,933.71
8197,16,48,2026-02-10,9.11,Storage Issue,3040.46
8198,16,19,2026-02-23,10.2,Quality Issue,3498.91
8199,16,26,2026-03-11,14.78,Spoilage,425.66
8200,16,43,2026-03-24,26.87,Preparation Error,1146.54
8201,16,4,2026-03-14,7.33,Expired,2089.34
8202,16,63,2026-03-18,11.11,Quality Issue,3452.43
8203,16,10,2026-03-08,25.78,Overproduction,7284.65
8204,16,30,2026-03-11,23.21,Expired,3159.11
8205,16,64,2026-03-27,6.29,Overproduction,578.74
8206,16,35,2026-03-15,29.07,Overproduction,3846.83
8207,16,53,2026-03-20,18.82,Overproduction,4741.89
8208,16,21,2026-03-22,15.75,Expired,4324.16
8209,16,37,2026-03-17,21.36,Storage Issue,7148.98
8210,16,52,2026-03-09,22.98,Expired,3598.67
8211,16,19,2026-03-12,28.7,Overproduction,7705.66
8212,16,36,2026-03-11,10.25,Expired,522.85
8213,16,49,2026-03-25,30.26,Spoilage,2402.95
8214,16,58,2026-03-19,20.72,Spoilage,3350.63
8215,16,29,2026-03-20,36.3,Preparation Error,10598.15
8216,16,16,2026-03-14,29.16,Quality Issue,3627.21
8217,16,14,2026-03-26,21.21,Preparation Error,5692.98
8218,16,31,2026-03-20,22.11,Expired,5895.19
8219,16,13,2026-03-09,5.9,Overproduction,249.57
8220,16,62,2026-03-27,21.4,Preparation Error,1635.82
8221,16,45,2026-03-20,34.08,Overproduction,2691.98
8222,16,8,2026-03-19,22.0,Expired,2118.6
8223,16,48,2026-03-05,8.17,Expired,276.15
8224,16,1,2026-03-22,15.91,Spoilage,4421.23
8225,16,60,2026-03-19,11.8,Spoilage,3272.26
8226,16,41,2026-03-16,36.72,Overproduction,2311.89
8227,16,11,2026-03-28,5.73,Overproduction,1048.93
8228,16,50,2026-03-07,12.13,Spoilage,786.75
8229,16,57,2026-03-08,18.04,Expired,3001.13
8230,16,37,2026-04-27,7.19,Storage Issue,417.6
8231,16,46,2026-04-14,27.03,Preparation Error,964.97
8232,16,19,2026-04-21,37.04,Overproduction,2398.34
8233,16,23,2026-04-24,26.77,Storage Issue,6466.29
8234,16,44,2026-04-10,20.95,Quality Issue,5993.59
8235,16,38,2026-04-04,6.42,Spoilage,225.09
8236,16,1,2026-04-08,11.55,Storage Issue,3292.33
8237,16,18,2026-04-06,16.98,Expired,4853.05
8238,16,20,2026-04-19,32.6,Storage Issue,795.11
8239,16,4,2026-04-18,37.37,Preparation Error,5927.63
8240,16,21,2026-04-17,23.17,Spoilage,6683.62
8241,16,33,2026-04-25,17.66,Expired,4317.69
8242,16,53,2026-04-23,25.52,Expired,8502.75
8243,16,27,2026-04-14,16.98,Overproduction,5849.95
8244,16,45,2026-04-12,8.06,Preparation Error,642.22
8245,16,24,2026-04-13,31.67,Expired,2784.11
8246,16,35,2026-04-06,30.59,Overproduction,7073.33
8247,16,13,2026-04-07,7.13,Expired,1297.8
8248,16,30,2026-04-25,15.47,Spoilage,3117.98
8249,16,60,2026-04-06,33.87,Expired,7896.79
8250,16,65,2026-04-10,31.05,Quality Issue,7505.1
8251,16,6,2026-04-04,13.97,Quality Issue,4335.03
8252,16,50,2026-04-27,43.54,Preparation Error,306.21
8253,16,25,2026-04-21,9.55,Quality Issue,766.77
8254,16,41,2026-04-10,31.2,Spoilage,4597.32
8255,16,40,2026-04-15,5.95,Storage Issue,502.54
8256,16,10,2026-04-08,32.2,Spoilage,4868.32
8257,16,15,2026-04-13,27.35,Expired,4491.69
8258,16,11,2026-04-24,7.34,Expired,821.2
8259,16,57,2026-04-06,11.91,Spoilage,2974.52
8260,16,29,2026-04-21,12.22,Storage Issue,2382.29
8261,16,63,2026-05-15,24.42,Expired,1745.54
8262,16,60,2026-05-11,10.83,Expired,778.35
8263,16,32,2026-05-03,15.49,Overproduction,402.12
8264,16,19,2026-05-20,32.74,Storage Issue,7208.69
8265,16,34,2026-05-19,3.67,Spoilage,852.98
8266,16,10,2026-05-28,29.76,Preparation Error,8496.48
8267,16,22,2026-05-22,4.84,Expired,778.18
8268,16,3,2026-05-09,30.13,Quality Issue,2839.45
8269,16,59,2026-05-23,9.01,Preparation Error,2104.38
8270,16,12,2026-05-19,31.96,Storage Issue,7202.83
8271,16,42,2026-05-04,20.08,Quality Issue,4455.75
8272,16,57,2026-05-18,3.23,Preparation Error,924.68
8273,16,62,2026-05-26,30.12,Overproduction,8621.25
8274,16,44,2026-05-04,30.26,Expired,5213.8
8275,16,25,2026-05-28,35.18,Overproduction,3873.67
8276,16,54,2026-05-18,23.17,Spoilage,5244.99
8277,16,41,2026-05-19,4.72,Spoilage,927.86
8278,16,15,2026-05-14,12.5,Spoilage,878.12
8279,16,9,2026-05-06,13.48,Overproduction,1967.41
8280,16,4,2026-05-12,26.68,Overproduction,3713.86
8281,16,26,2026-05-08,14.9,Storage Issue,4632.56
8282,16,48,2026-05-05,18.25,Expired,4860.89
8283,16,56,2026-05-27,25.33,Overproduction,2335.17
8284,16,33,2026-05-07,33.72,Expired,4387.31
8285,16,18,2026-05-27,18.63,Storage Issue,5344.76
8286,16,53,2026-05-24,31.96,Expired,8271.89
8287,16,6,2026-05-26,13.0,Expired,3015.61
8288,16,47,2026-05-06,29.04,Expired,7802.76
8289,16,1,2026-05-01,21.53,Quality Issue,6567.73
8290,16,64,2026-05-11,7.63,Expired,193.19
8291,16,17,2026-05-04,8.08,Expired,1273.65
8292,16,53,2026-06-17,8.71,Quality Issue,2714.65
8293,16,26,2026-06-08,30.0,Quality Issue,6669.0
8294,16,11,2026-06-01,29.77,Preparation Error,8275.17
8295,16,61,2026-06-07,29.7,Preparation Error,3583.31
8296,16,34,2026-06-19,29.36,Preparation Error,888.14
8297,16,60,2026-06-18,32.82,Preparation Error,6142.59
8298,16,8,2026-06-15,11.18,Spoilage,595.11
8299,16,14,2026-06-27,30.03,Expired,5921.32
8300,16,35,2026-06-27,27.27,Storage Issue,4481.28
8301,16,48,2026-06-24,12.3,Spoilage,3207.47
8302,16,2,2026-06-12,16.98,Overproduction,5658.08
8303,16,20,2026-06-17,4.29,Preparation Error,740.02
8304,16,40,2026-06-12,5.69,Overproduction,726.04
8305,16,59,2026-06-05,30.69,Overproduction,6054.22
8306,16,19,2026-06-19,4.07,Expired,454.74
8307,16,50,2026-06-01,12.18,Expired,3811.49
8308,16,4,2026-06-05,15.99,Preparation Error,815.49
8309,16,57,2026-06-02,11.36,Overproduction,2948.03
8310,16,28,2026-06-13,14.94,Storage Issue,4121.35
8311,16,41,2026-06-27,23.13,Overproduction,6052.89
8312,16,55,2026-06-26,21.51,Preparation Error,4209.72
8313,16,46,2026-06-08,9.32,Preparation Error,2102.41
8314,16,65,2026-06-25,13.69,QUALITY ISSUE,3988.86
8315,16,37,2026-06-06,32.02,Preparation Error,7914.38
8316,16,30,2026-06-25,16.14,Preparation Error,2430.52
8317,16,62,2026-06-11,25.0,Spoilage,4933.0
8318,16,5,2026-06-03,14.1,Expired,1968.64
8319,16,3,2026-06-25,26.52,spoilage,4438.65
8320,16,25,2026-06-18,35.8,Spoilage,12093.6
8321,16,33,2026-06-20,20.54,OVERPRODUCTION,1628.21
8322,16,27,2026-06-27,29.03,Storage Issue,8663.42
8323,16,9,2026-07-06,32.15,Spoilage,1698.81
8324,16,62,2026-07-01,4.01,Spoilage,946.04
8325,16,4,2026-07-23,26.07,Storage Issue,1344.43
8326,16,54,2026-07-16,29.62,Spoilage,10251.48
8327,16,60,2026-07-13,3.39,Quality Issue,599.52
8328,16,29,2026-07-09,36.86,Preparation Error,2248.46
8329,16,10,2026-07-15,22.45,Overproduction,842.1
8330,16,47,2026-07-11,7.57,Preparation Error,2063.73
8331,16,32,2026-07-05,22.64,Storage Issue,7293.7
8332,16,50,2026-07-07,9.14,Preparation Error,511.47
8333,16,2,2026-07-12,26.83,Expired,2131.38
8334,16,11,2026-07-11,2.81,Expired,260.23
8335,16,31,2026-07-28,21.52,Quality Issue,7525.76
8336,16,49,2026-07-27,4.86,Spoilage,1464.9
8337,16,59,2026-07-25,28.52,Expired,5360.05
8338,16,19,2026-07-10,32.85,Expired,2332.68
8339,16,43,2026-07-22,17.27,Expired,1697.47
8340,16,52,2026-07-08,4.45,Overproduction,933.39
8341,16,20,2026-07-16,4.66,Preparation Error,1205.73
8342,16,18,2026-07-15,23.9,Spoilage,1047.06
8343,16,14,2026-07-06,24.38,Spoilage,3591.66
8344,16,26,2026-07-13,12.55,Overproduction,597.76
8345,16,44,2026-07-05,15.16,Preparation Error,2335.25
8346,16,30,2026-07-04,27.05,Expired,3141.05
8347,16,8,2026-07-19,25.64,Quality Issue,3868.56
8348,16,42,2026-07-17,8.89,Overproduction,1270.83
8349,16,27,2026-07-12,5.9,Spoilage,588.76
8350,16,41,2026-07-15,15.64,Quality Issue,2087.63
8351,16,36,2026-07-18,34.53,Spoilage,1565.94
8352,16,33,2026-07-13,13.24,Overproduction,2631.58
8353,16,17,2026-07-12,36.38,Expired,10536.38
8354,16,27,2026-08-26,31.49,Spoilage,5967.67
8355,16,64,2026-08-24,20.61,Spoilage,1833.05
8356,16,8,2026-08-20,34.98,Preparation Error,3938.05
8357,16,3,2026-08-13,3.05,Expired,319.98
8358,16,23,2026-08-09,24.71,Storage Issue,4452.0
8359,16,20,2026-08-05,15.89,Preparation Error,518.33
8360,16,33,2026-08-09,10.1,Expired,3420.87
8361,16,17,2026-08-23,13.77,Quality Issue,2941.82
8362,16,62,2026-08-12,8.09,Storage Issue,2375.3
8363,16,56,2026-08-10,10.6,Storage Issue,2723.14
8364,16,29,2026-08-23,36.44,Spoilage,5321.33
8365,16,55,2026-08-13,29.79,Quality Issue,906.21
8366,16,58,2026-08-16,27.83,Storage Issue,5107.92
8367,16,19,2026-08-16,3.46,Expired,858.39
8368,16,1,2026-08-04,15.8,Expired,3204.08
8369,16,25,2026-08-06,5.08,Expired,1214.98
8370,16,57,2026-08-23,9.47,Expired,2748.95
8371,16,61,2026-08-21,24.84,Expired,3133.07
8372,16,5,2026-08-26,33.5,Expired,2828.41
8373,16,7,2026-08-22,33.18,Quality Issue,3383.03
8374,16,46,2026-08-24,25.61,Overproduction,7689.66
8375,16,9,2026-08-07,8.96,Expired,3060.56
8376,16,31,2026-08-08,2.66,Expired,694.21
8377,16,34,2026-08-11,5.62,Storage Issue,478.15
8378,16,11,2026-08-01,21.9,Quality Issue,2863.64
8379,16,41,2026-08-19,31.36,Preparation Error,8653.79
8380,16,45,2026-08-13,16.51,Spoilage,2054.5
8381,16,32,2026-08-05,29.97,Spoilage,4533.26
8382,16,28,2026-08-14,32.8,Preparation Error,7672.25
8383,16,22,2026-08-14,30.11,Spoilage,1946.31
8384,16,47,2026-08-08,15.57,Preparation Error,4446.79
8385,17,47,2024-01-07,10.24,Overproduction,2612.74
8386,17,27,2024-01-19,8.35,Storage Issue,1099.11
8387,17,25,2024-01-14,7.69,Preparation Error,2501.71
8388,17,37,2024-01-26,10.04,Storage Issue,265.76
8389,17,49,2024-01-15,13.36,Storage Issue,2224.04
8390,17,55,2024-01-12,2.66,Expired,919.03
8391,17,15,2024-01-16,6.64,Expired,1596.12
8392,17,29,2024-01-21,1.66,Spoilage,558.67
8393,17,54,2024-01-21,3.49,Preparation Error,1090.87
8394,17,40,2024-01-03,3.22,Storage Issue,133.34
8395,17,9,2024-01-05,6.0,Preparation Error,1945.92
8396,17,28,2024-01-21,1.38,EXPIRED,449.77
8397,17,33,2024-01-11,4.79,Expired,1161.53
8398,17,54,2024-02-02,8.39,Spoilage,1362.62
8399,17,16,2024-02-16,6.35,Expired,1456.63
8400,17,9,2024-02-01,13.92,Expired,3694.92
8401,17,45,2024-02-04,3.76,Spoilage,750.91
8402,17,13,2024-02-04,1.55,Storage Issue,239.09
8403,17,32,2024-02-17,4.22,Quality Issue,674.23
8404,17,38,2024-02-12,7.47,Quality Issue,1170.55
8405,17,18,2024-02-03,11.37,Expired,1538.47
8406,17,6,2024-02-22,8.83,Overproduction,1556.29
8407,17,61,2024-02-03,6.66,SPOILAGE,2147.58
8408,17,28,2024-02-08,8.94,Overproduction,1252.58
8409,17,20,2024-02-14,1.05,Expired,121.74
8410,17,43,2024-02-09,14.86,Storage Issue,1425.37
8411,17,27,2024-03-09,13.28,Expired,3220.53
8412,17,37,2024-03-18,2.78,Preparation Error,310.94
8413,17,25,2024-03-04,10.09,Expired,550.01
8414,17,38,2024-03-14,1.89,Spoilage,240.67
8415,17,9,2024-03-20,14.3,Expired,2085.51
8416,17,61,2024-03-12,12.55,Expired,3462.67
8417,17,4,2024-03-16,6.09,Expired,1199.79
8418,17,35,2024-03-09,6.96,Overproduction,2297.01
8419,17,13,2024-03-14,8.04,Expired,1937.96
8420,17,43,2024-03-25,5.76,Preparation Error,763.78
8421,17,5,2024-03-25,12.54,Storage Issue,3383.67
8422,17,50,2024-03-09,11.94,Storage Issue,1304.33
8423,17,46,2024-03-07,14.33,Spoilage,625.79
8424,17,59,2024-04-13,6.68,Expired,897.39
8425,17,44,2024-04-09,14.1,Spoilage,4662.16
8426,17,53,2024-04-08,6.97,Storage Issue,2320.73
8427,17,19,2024-04-19,8.51,Overproduction,565.66
8428,17,36,2024-04-05,10.73,Spoilage,837.05
8429,17,55,2024-04-24,8.83,Expired,1513.55
8430,17,18,2024-04-05,9.55,Overproduction,1568.78
8431,17,26,2024-04-11,1.39,Preparation Error,241.65
8432,17,51,2024-04-25,1.06,Storage Issue,294.8
8433,17,10,2024-04-04,9.8,Expired,2124.25
8434,17,33,2024-04-13,4.83,Preparation Error,441.17
8435,17,9,2024-04-03,10.36,Overproduction,2747.89
8436,17,41,2024-04-06,9.04,Preparation Error,1440.25
8437,17,58,2024-05-20,2.97,Quality Issue,564.54
8438,17,39,2024-05-07,9.91,Spoilage,3147.32
8439,17,22,2024-05-17,2.46,Expired,349.02
8440,17,18,2024-05-28,9.87,Preparation Error,2202.59
8441,17,52,2024-05-17,7.84,Expired,325.05
8442,17,46,2024-05-16,7.42,Quality Issue,1665.42
8443,17,4,2024-05-02,4.36,Quality Issue,141.18
8444,17,19,2024-05-07,2.94,Overproduction,209.0
8445,17,5,2024-05-21,10.23,Spoilage,1471.59
8446,17,11,2024-05-24,2.54,Quality Issue,121.56
8447,17,7,2024-05-04,11.4,Storage Issue,2962.06
8448,17,40,2024-05-07,12.23,Preparation Error,3649.07
8449,17,56,2024-05-06,4.36,Quality Issue,722.84
8450,17,51,2024-06-09,9.1,PREPARATION ERROR,2698.42
8451,17,17,2024-06-20,10.25,Expired,3561.57
8452,17,64,2024-06-08,4.05,Expired,558.66
8453,17,54,2024-06-13,11.48,Storage Issue,3170.43
8454,17,63,2024-06-16,8.44,Expired,2929.78
8455,17,45,2024-06-01,6.73,Expired,1434.97
8456,17,27,2024-06-22,2.09,Expired,463.94
8457,17,58,2024-06-28,11.3,Spoilage,1879.76
8458,17,32,2024-06-08,11.63,Storage Issue,4040.96
8459,17,4,2024-06-26,8.52,Storage Issue,2293.24
8460,17,40,2024-06-12,11.38,Expired,2523.97
8461,17,20,2024-06-27,2.76,Quality Issue,766.01
8462,17,26,2024-06-14,6.92,Quality Issue,1432.65
8463,17,18,2024-07-05,9.31,Preparation Error,963.68
8464,17,12,2024-07-03,11.03,Expired,1669.28
8465,17,60,2024-07-25,3.46,Spoilage,862.44
8466,17,55,2024-07-25,9.01,Overproduction,3057.09
8467,17,15,2024-07-27,9.58,Overproduction,2876.2
8468,17,51,2024-07-08,8.82,Overproduction,2662.67
8469,17,65,2024-07-22,8.01,Expired,284.19
8470,17,19,2024-07-11,9.84,Preparation Error,1955.01
8471,17,5,2024-07-23,11.69,Storage Issue,585.55
8472,17,35,2024-07-23,6.42,Quality Issue,578.83
8473,17,56,2024-07-16,9.41,Preparation Error,2933.76
8474,17,53,2024-07-12,12.94,Overproduction,1905.29
8475,17,26,2024-07-21,5.88,Overproduction,1709.2
8476,17,64,2024-08-22,2.37,Preparation Error,710.22
8477,17,14,2024-08-04,10.15,Expired,989.73
8478,17,36,2024-08-09,1.45,Storage Issue,176.96
8479,17,16,2024-08-13,8.73,Expired,927.56
8480,17,11,2024-08-01,12.82,Overproduction,456.39
8481,17,27,2024-08-06,13.88,QUALITY ISSUE,2898.84
8482,17,43,2024-08-03,6.94,Overproduction,856.47
8483,17,28,2024-08-06,12.66,Quality Issue,1101.04
8484,17,49,2024-08-03,11.12,Spoilage,1980.36
8485,17,33,2024-08-06,2.15,Preparation Error,78.69
8486,17,25,2024-08-19,6.72,Storage Issue,1179.63
8487,17,1,2024-08-21,14.57,Spoilage,2011.24
8488,17,2,2024-08-09,5.28,Storage Issue,1233.2
8489,17,31,2024-09-10,6.94,Quality Issue,225.48
8490,17,40,2024-09-12,2.02,Quality Issue,346.65
8491,17,12,2024-09-06,13.91,Storage Issue,1924.87
8492,17,39,2024-09-19,5.14,Expired,351.42
8493,17,36,2024-09-10,11.17,Expired,2760.67
8494,17,33,2024-09-15,7.17,Storage Issue,1053.63
8495,17,35,2024-09-09,12.42,Expired,1728.62
8496,17,62,2024-09-08,14.74,Expired,735.53
8497,17,24,2024-09-25,4.92,Overproduction,757.63
8498,17,52,2024-09-01,12.84,Expired,373.77
8499,17,61,2024-09-23,6.48,Quality Issue,1617.02
8500,17,59,2024-09-07,7.24,Spoilage,320.15
8501,17,47,2024-09-06,1.46,Preparation Error,60.98
8502,17,7,2024-10-02,3.37,Expired,445.58
8503,17,31,2024-10-18,14.19,Preparation Error,377.45
8504,17,50,2024-10-21,9.8,Spoilage,2030.36
8505,17,14,2024-10-01,8.69,Overproduction,436.93
8506,17,59,2024-10-14,7.46,Expired,868.64
8507,17,30,2024-10-17,11.44,Overproduction,1198.8
8508,17,27,2024-10-15,3.59,Expired,1216.79
8509,17,53,2024-10-13,3.29,Storage Issue,831.15
8510,17,12,2024-10-08,8.18,Overproduction,682.05
8511,17,34,2024-10-26,12.8,Preparation Error,2503.68
8512,17,48,2024-10-17,6.63,Quality Issue,192.34
8513,17,56,2024-10-15,7.98,Spoilage,2722.78
8514,17,40,2024-10-07,6.18,Quality Issue,1744.0
8515,17,4,2024-11-03,1.74,Storage Issue,207.22
8516,17,61,2024-11-22,4.29,Preparation Error,1332.77
8517,17,10,2024-11-11,2.1,Spoilage,397.03
8518,17,25,2024-11-12,1.52,Expired,349.42
8519,17,7,2024-11-08,7.98,Expired,1846.17
8520,17,2,2024-11-24,11.0,Spoilage,2300.21
8521,17,39,2024-11-24,7.41,Spoilage,1770.55
8522,17,19,2024-11-23,13.08,Expired,3434.02
8523,17,21,2024-11-11,12.45,Preparation Error,4118.34
8524,17,49,2024-11-09,11.77,Expired,1569.18
8525,17,54,2024-11-19,5.16,Overproduction,907.23
8526,17,62,2024-11-14,14.39,Spoilage,923.12
8527,17,6,2024-11-08,1.5,Spoilage,334.62
8528,17,21,2024-12-20,7.02,Expired,1937.73
8529,17,5,2024-12-13,6.88,Spoilage,934.1
8530,17,17,2024-12-20,5.85,Preparation Error,561.37
8531,17,15,2024-12-15,6.3,Overproduction,1230.33
8532,17,41,2024-12-15,11.46,Storage Issue,2495.53
8533,17,25,2024-12-20,8.18,Spoilage,1262.75
8534,17,9,2024-12-11,9.23,Overproduction,2425.55
8535,17,4,2024-12-05,8.82,Preparation Error,1885.89
8536,17,61,2024-12-03,10.32,Quality Issue,394.33
8537,17,31,2024-12-13,3.17,Quality Issue,256.71
8538,17,35,2024-12-24,1.79,Preparation Error,42.8
8539,17,36,2024-12-27,6.41,Storage Issue,1043.1
8540,17,2,2024-12-13,8.59,Expired,1709.58
8541,17,64,2025-01-06,9.39,Expired,1427.75
8542,17,16,2025-01-22,2.91,Spoilage,301.88
8543,17,6,2025-01-24,7.24,Quality Issue,731.53
8544,17,23,2025-01-22,14.76,Overproduction,2669.35
8545,17,18,2025-01-12,5.32,Spoilage,1645.37
8546,17,51,2025-01-11,6.91,Overproduction,898.23
8547,17,37,2025-01-01,14.93,Expired,3528.71
8548,17,29,2025-01-10,11.45,Expired,558.42
8549,17,42,2025-01-15,12.41,Spoilage,3765.94
8550,17,7,2025-01-15,5.93,Preparation Error,524.75
8551,17,53,2025-01-27,3.08,Overproduction,515.31
8552,17,12,2025-01-12,12.08,Expired,547.34
8553,17,56,2025-01-09,4.12,Spoilage,531.4
8554,17,55,2025-02-11,35.56,Preparation Error,136.5
8555,17,31,2025-02-05,6.0,Spoilage,1723.14
8556,17,56,2025-02-10,5.96,Spoilage,206.28
8557,17,27,2025-02-23,3.07,Quality Issue,538.42
8558,17,16,2025-02-09,2.01,quality issue,140.68
8559,17,1,2025-02-23,2.03,Expired,311.56
8560,17,43,2025-02-17,11.7,Storage Issue,3089.03
8561,17,33,2025-02-16,13.72,Quality Issue,1328.1
8562,17,50,2025-02-13,7.34,Preparation Error,791.55
8563,17,59,2025-02-14,12.1,Preparation Error,3149.39
8564,17,22,2025-02-02,3.32,Expired,107.73
8565,17,65,2025-02-13,10.11,Preparation Error,3204.16
8566,17,61,2025-02-09,7.89,overproduction,642.17
8567,17,34,2025-03-18,12.87,Preparation Error,1183.53
8568,17,36,2025-03-06,14.4,Storage Issue,2416.03
8569,17,47,2025-03-20,5.69,Spoilage,1044.8
8570,17,45,2025-03-09,7.6,Spoilage,1882.44
8571,17,7,2025-03-06,11.9,QUALITY ISSUE,2239.7
8572,17,24,2025-03-12,6.33,Preparation Error,1757.14
8573,17,50,2025-03-18,14.18,Expired,1162.33
8574,17,6,2025-03-03,3.2,Spoilage,782.56
8575,17,23,2025-03-18,11.53,Preparation Error,1682.92
8576,17,26,2025-03-23,7.65,Expired,1245.88
8577,17,20,2025-03-04,1.55,Overproduction,44.55
8578,17,62,2025-03-03,10.93,Spoilage,1753.5
8579,17,31,2025-03-05,7.62,Overproduction,1695.22
8580,17,18,2025-04-20,5.58,Expired,1157.57
8581,17,48,2025-04-11,8.89,Storage Issue,203.76
8582,17,49,2025-04-03,11.83,Storage Issue,1857.9
8583,17,42,2025-04-08,1.11,Quality Issue,347.22
8584,17,5,2025-04-22,5.78,Overproduction,333.85
8585,17,63,2025-04-24,14.28,Quality Issue,1888.24
8586,17,52,2025-04-23,8.85,Quality Issue,1166.43
8587,17,39,2025-04-22,3.28,Preparation Error,491.84
8588,17,3,2025-04-04,13.06,Spoilage,756.17
8589,17,14,2025-04-10,5.84,Overproduction,1548.53
8590,17,40,2025-04-11,7.24,Expired,791.77
8591,17,44,2025-04-18,11.3,Quality Issue,3052.02
8592,17,10,2025-04-07,8.54,EXPIRED,1523.37
8593,17,54,2025-05-27,3.43,Overproduction,427.76
8594,17,47,2025-05-05,5.57,Storage Issue,881.51
8595,17,31,2025-05-11,4.09,Quality Issue,918.04
8596,17,32,2025-05-01,5.06,Storage Issue,1368.22
8597,17,50,2025-05-07,12.27,Quality Issue,736.08
8598,17,29,2025-05-26,11.13,Storage Issue,265.56
8599,17,10,2025-05-28,14.73,Expired,2109.04
8600,17,48,2025-05-16,14.4,Overproduction,4894.85
8601,17,21,2025-05-19,1.26,Quality Issue,132.64
8602,17,41,2025-05-22,2.27,Quality Issue,341.14
8603,17,38,2025-05-10,3.88,Preparation Error,393.12
8604,17,33,2025-05-11,13.62,Expired,3998.56
8605,17,17,2025-05-12,1.47,Storage Issue,508.06
8606,17,49,2025-06-08,3.09,Overproduction,822.68
8607,17,61,2025-06-28,9.74,Spoilage,1124.78
8608,17,14,2025-06-26,1.5,Quality Issue,149.35
8609,17,18,2025-06-09,2.93,Storage Issue,885.86
8610,17,23,2025-06-02,10.8,Overproduction,1823.26
8611,17,63,2025-06-16,4.06,Overproduction,252.9
8612,17,41,2025-06-21,5.01,Overproduction,1084.36
8613,17,7,2025-06-12,51.03,Quality Issue,1095.18
8614,17,47,2025-06-14,12.05,Expired,2749.69
8615,17,25,2025-06-05,12.37,Preparation Error,2547.11
8616,17,40,2025-06-04,7.43,Expired,1567.95
8617,17,29,2025-06-06,6.12,Storage Issue,1647.14
8618,17,51,2025-06-06,7.89,Quality Issue,541.81
8619,17,21,2025-07-15,4.62,Quality Issue,1111.57
8620,17,3,2025-07-20,11.0,Storage Issue,2315.61
8621,17,29,2025-07-11,9.79,Overproduction,3198.2
8622,17,64,2025-07-10,8.54,Expired,349.29
8623,17,48,2025-07-08,10.48,EXPIRED,1437.12
8624,17,40,2025-07-19,3.74,Storage Issue,1308.07
8625,17,41,2025-07-24,14.47,Storage Issue,1904.54
8626,17,10,2025-07-26,11.11,Preparation Error,3031.25
8627,17,27,2025-07-12,5.57,Overproduction,768.05
8628,17,45,2025-07-23,2.44,Quality Issue,96.97
8629,17,36,2025-07-19,9.46,Spoilage,2741.7
8630,17,14,2025-07-25,5.64,Storage Issue,1344.97
8631,17,1,2025-07-23,1.66,Quality Issue,80.46
8632,17,33,2025-08-15,14.58,Quality Issue,2977.67
8633,17,18,2025-08-26,11.95,Storage Issue,718.79
8634,17,20,2025-08-15,8.08,Spoilage,201.76
8635,17,43,2025-08-16,14.91,Storage Issue,4828.6
8636,17,14,2025-08-09,13.21,Spoilage,431.7
8637,17,48,2025-08-25,8.49,Expired,1101.15
8638,17,60,2025-08-20,9.35,Spoilage,1736.2
8639,17,28,2025-08-19,2.43,Preparation Error,69.55
8640,17,50,2025-08-28,12.6,Expired,1417.75
8641,17,39,2025-08-24,12.26,Expired,1553.59
8642,17,46,2025-08-02,12.39,Storage Issue,865.57
8643,17,9,2025-08-28,11.48,Overproduction,2243.31
8644,17,25,2025-08-14,14.55,Preparation Error,2707.61
8645,17,13,2025-09-19,7.03,Expired,2234.7
8646,17,50,2025-09-03,4.0,Preparation Error,373.44
8647,17,52,2025-09-09,1.63,Quality Issue,70.66
8648,17,60,2025-09-22,14.08,Quality Issue,3836.94
8649,17,5,2025-09-19,5.14,Spoilage,1596.79
8650,17,10,2025-09-01,7.13,Overproduction,657.03
8651,17,61,2025-09-25,8.29,Expired,1034.01
8652,17,8,2025-09-07,10.85,Storage Issue,696.79
8653,17,64,2025-09-02,13.02,Quality Issue,2878.59
8654,17,45,2025-09-25,8.07,Storage Issue,1766.44
8655,17,28,2025-09-03,4.01,Overproduction,1115.18
8656,17,15,2025-09-06,14.66,Expired,707.49
8657,17,47,2025-09-23,4.78,Preparation Error,887.84
8658,17,42,2025-10-06,9.91,Spoilage,415.03
8659,17,18,2025-10-08,13.86,Expired,4269.16
8660,17,3,2025-10-06,7.69,Expired,411.57
8661,17,22,2025-10-13,11.72,Storage Issue,1187.94
8662,17,1,2025-10-21,4.04,Expired,1267.91
8663,17,16,2025-10-26,12.61,Expired,2135.63
8664,17,59,2025-10-08,5.94,Spoilage,1217.88
8665,17,32,2025-10-12,1.16,Expired,358.54
8666,17,2,2025-10-06,10.19,Expired,3184.68
8667,17,62,2025-10-11,7.49,Overproduction,2589.89
8668,17,50,2025-10-25,14.81,Storage Issue,4391.46
8669,17,14,2025-10-28,7.59,Expired,1734.92
8670,17,23,2025-10-09,11.74,Overproduction,1362.66
8671,17,61,2025-11-16,6.25,Quality Issue,1072.5
8672,17,2,2025-11-22,5.74,Expired,1430.18
8673,17,28,2025-11-22,11.26,Preparation Error,3485.65
8674,17,40,2025-11-26,6.92,Expired,1311.06
8675,17,37,2025-11-05,5.23,Quality Issue,1383.44
8676,17,7,2025-11-12,7.4,Expired,430.75
8677,17,20,2025-11-04,2.79,Preparation Error,822.1
8678,17,14,2025-11-24,7.95,Expired,1744.87
8679,17,31,2025-11-03,4.42,Expired,153.64
8680,17,49,2025-11-20,6.41,Quality Issue,1640.13
8681,17,45,2025-11-09,6.88,Storage Issue,1743.46
8682,17,13,2025-11-18,20.23,Preparation Error,463.64
8683,17,46,2025-11-15,8.86,Spoilage,1404.75
8684,17,32,2025-12-14,10.95,Quality Issue,1132.45
8685,17,61,2025-12-01,1.34,Quality Issue,372.17
8686,17,11,2025-12-05,13.64,Quality Issue,3110.87
8687,17,60,2025-12-20,14.58,Expired,1428.26
8688,17,35,2025-12-04,10.25,Preparation Error,1039.86
8689,17,55,2025-12-26,11.95,Spoilage,862.67
8690,17,43,2025-12-19,14.49,Storage Issue,1713.44
8691,17,48,2025-12-09,8.0,Spoilage,2457.36
8692,17,5,2025-12-11,9.2,Overproduction,449.88
8693,17,18,2025-12-18,12.53,Expired,1614.87
8694,17,7,2025-12-19,5.91,Overproduction,900.33
8695,17,49,2025-12-24,14.36,Storage Issue,3657.35
8696,17,21,2025-12-19,3.97,Overproduction,364.76
8697,17,39,2026-01-03,4.72,Quality Issue,1515.83
8698,17,61,2026-01-12,3.96,Preparation Error,1202.41
8699,17,47,2026-01-13,2.61,Expired,563.42
8700,17,35,2026-01-16,3.38,Storage Issue,801.87
8701,17,62,2026-01-28,5.97,Quality Issue,1180.99
8702,17,43,2026-01-12,3.03,Expired,568.67
8703,17,7,2026-01-07,12.32,Spoilage,3499.0
8704,17,53,2026-01-16,5.16,Expired,759.04
8705,17,34,2026-01-24,6.37,Expired,1356.56
8706,17,30,2026-01-26,9.76,Expired,2998.56
8707,17,51,2026-01-15,3.31,SPOILAGE,368.47
8708,17,36,2026-01-20,8.3,Overproduction,2122.97
8709,17,57,2026-01-05,13.05,Overproduction,3403.44
8710,17,17,2026-02-09,14.37,Storage Issue,1263.84
8711,17,25,2026-02-16,7.7,Storage Issue,1448.29
8712,17,11,2026-02-12,12.76,Overproduction,3327.55
8713,17,54,2026-02-10,6.02,Quality Issue,1624.56
8714,17,55,2026-02-08,13.06,Spoilage,1910.68
8715,17,12,2026-02-25,13.61,Overproduction,2069.26
8716,17,18,2026-02-16,7.51,Expired,179.49
8717,17,29,2026-02-01,8.47,Overproduction,1204.18
8718,17,2,2026-02-21,7.98,Spoilage,2678.73
8719,17,59,2026-02-06,8.91,Preparation Error,434.63
8720,17,57,2026-02-17,4.91,Storage Issue,1406.17
8721,17,42,2026-02-03,1.35,Expired,245.28
8722,17,61,2026-02-19,13.01,Spoilage,1561.46
8723,17,31,2026-03-11,8.77,Expired,1861.43
8724,17,46,2026-03-17,3.58,Overproduction,983.71
8725,17,15,2026-03-24,11.63,Preparation Error,970.87
8726,17,36,2026-03-27,4.49,Overproduction,1005.0
8727,17,56,2026-03-19,5.79,Expired,1520.74
8728,17,9,2026-03-05,5.89,Storage Issue,244.08
8729,17,58,2026-03-08,12.19,Overproduction,2466.65
8730,17,52,2026-03-10,9.97,Expired,2163.19
8731,17,51,2026-03-25,2.19,Overproduction,166.51
8732,17,3,2026-03-28,5.71,Storage Issue,993.83
8733,17,22,2026-03-24,14.51,Expired,4117.07
8734,17,12,2026-03-07,12.79,Expired,2311.54
8735,17,17,2026-03-28,1.69,Storage Issue,476.53
8736,17,46,2026-04-20,9.24,Preparation Error,2655.58
8737,17,15,2026-04-26,5.38,Expired,779.78
8738,17,7,2026-04-04,7.76,Quality Issue,2663.08
8739,17,37,2026-04-01,2.17,Storage Issue,443.2
8740,17,60,2026-04-20,3.67,Expired,655.17
8741,17,23,2026-04-01,12.36,Preparation Error,3309.64
8742,17,56,2026-04-23,7.43,Storage Issue,2355.53
8743,17,6,2026-04-04,3.95,Preparation Error,97.76
8744,17,22,2026-04-26,11.57,Spoilage,259.05
8745,17,48,2026-04-12,13.46,Expired,4251.07
8746,17,17,2026-04-03,9.39,Storage Issue,1619.96
8747,17,41,2026-04-12,1.65,Storage Issue,547.83
8748,17,61,2026-04-12,4.43,Preparation Error,175.47
8749,17,45,2026-05-13,3.05,Expired,907.89
8750,17,19,2026-05-09,3.87,Spoilage,1115.33
8751,17,13,2026-05-05,10.7,Overproduction,1706.22
8752,17,59,2026-05-11,5.63,Quality Issue,1065.87
8753,17,54,2026-05-01,3.21,Overproduction,188.97
8754,17,41,2026-05-10,7.75,Quality Issue,1120.65
8755,17,36,2026-05-26,7.88,Spoilage,1306.19
8756,17,6,2026-05-05,12.66,Overproduction,500.2
8757,17,53,2026-05-12,1.57,Overproduction,268.34
8758,17,18,2026-05-15,8.49,Overproduction,648.98
8759,17,28,2026-05-22,14.18,Expired,1888.92
8760,17,52,2026-05-15,8.96,Overproduction,465.92
8761,17,2,2026-05-16,13.31,Storage Issue,1136.01
8762,17,4,2026-06-04,1.57,Spoilage,269.99
8763,17,33,2026-06-04,2.08,Overproduction,643.97
8764,17,27,2026-06-22,14.83,Preparation Error,2057.66
8765,17,51,2026-06-11,2.82,Storage Issue,542.71
8766,17,29,2026-06-11,8.58,Quality Issue,986.27
8767,17,28,2026-06-04,13.08,Expired,3144.43
8768,17,16,2026-06-12,6.73,Overproduction,2294.53
8769,17,8,2026-06-07,14.58,Preparation Error,1503.34
8770,17,63,2026-06-08,6.37,Overproduction,1656.14
8771,17,19,2026-06-17,4.99,Overproduction,1589.51
8772,17,60,2026-06-19,11.35,Overproduction,3694.2
8773,17,62,2026-06-13,2.45,Storage Issue,430.29
8774,17,45,2026-06-17,11.41,Quality Issue,2184.56
8775,17,47,2026-07-25,5.07,Expired,1258.68
8776,17,10,2026-07-12,4.02,Overproduction,761.23
8777,17,48,2026-07-13,14.42,Spoilage,4466.31
8778,17,20,2026-07-03,8.93,Quality Issue,1121.16
8779,17,2,2026-07-01,10.09,Preparation Error,1235.42
8780,17,45,2026-07-02,4.11,Overproduction,505.74
8781,17,41,2026-07-04,4.58,Preparation Error,1499.54
8782,17,13,2026-07-23,5.85,Preparation Error,1485.2
8783,17,39,2026-07-23,12.79,Quality Issue,3315.04
8784,17,46,2026-07-17,7.81,Quality Issue,2297.47
8785,17,27,2026-07-06,6.22,Spoilage,285.87
8786,17,61,2026-07-26,7.95,Storage Issue,1478.46
8787,17,62,2026-07-04,4.68,Quality Issue,833.41
8788,17,63,2026-08-24,4.1,Expired,388.68
8789,17,16,2026-08-02,7.0,Quality Issue,2074.31
8790,17,4,2026-08-09,14.21,Preparation Error,299.4
8791,17,13,2026-08-25,9.6,Overproduction,1767.65
8792,17,33,2026-08-10,2.51,Overproduction,616.63
8793,17,56,2026-08-11,10.92,Quality Issue,2605.73
8794,17,46,2026-08-05,2.1,Overproduction,214.66
8795,17,2,2026-08-12,10.94,Quality Issue,614.83
8796,17,10,2026-08-24,4.98,Preparation Error,194.97
8797,17,34,2026-08-09,1.62,Quality Issue,345.85
8798,17,3,2026-08-19,4.65,Overproduction,1160.27
8799,17,31,2026-08-19,12.37,Spoilage,1983.65
8800,17,24,2026-08-22,10.09,Storage Issue,357.39
8801,18,10,2024-01-16,20.93,Storage Issue,681.06
8802,18,3,2024-01-24,21.9,Expired,2777.58
8803,18,31,2024-01-11,31.07,Expired,8942.88
8804,18,44,2024-01-09,23.5,Spoilage,3256.63
8805,18,62,2024-01-10,3.68,Overproduction,685.95
8806,18,13,2024-01-23,34.48,Spoilage,5274.06
8807,18,50,2024-01-06,20.18,Spoilage,6263.27
8808,18,33,2024-01-06,8.27,Preparation Error,196.0
8809,18,34,2024-01-10,22.24,Quality Issue,1337.51
8810,18,6,2024-01-04,22.1,Overproduction,6225.79
8811,18,21,2024-01-13,11.66,Storage Issue,380.7
8812,18,5,2024-01-05,22.64,Overproduction,5585.06
8813,18,61,2024-01-25,3.1,Expired,771.19
8814,18,40,2024-01-17,16.62,Storage Issue,996.2
8815,18,48,2024-01-15,27.27,Preparation Error,1701.65
8816,18,64,2024-01-24,4.6,Preparation Error,494.68
8817,18,19,2024-01-22,26.19,Expired,5102.6
8818,18,58,2024-01-06,14.25,Preparation Error,1913.2
8819,18,47,2024-01-25,30.0,Overproduction,7201.2
8820,18,56,2024-01-08,11.44,Overproduction,3749.12
8821,18,18,2024-01-27,22.92,Quality Issue,771.95
8822,18,63,2024-01-21,29.89,Overproduction,836.32
8823,18,23,2024-01-16,10.65,Expired,2846.85
8824,18,41,2024-01-09,17.27,Overproduction,5406.03
8825,18,22,2024-02-23,5.78,Preparation Error,1451.99
8826,18,37,2024-02-19,19.87,Overproduction,6047.04
8827,18,33,2024-02-04,13.45,Spoilage,1620.46
8828,18,4,2024-02-13,18.65,Quality Issue,952.83
8829,18,46,2024-02-16,21.58,Expired,6064.84
8830,18,12,2024-02-07,10.57,Quality Issue,3462.41
8831,18,5,2024-02-04,34.89,Expired,9063.03
8832,18,9,2024-02-09,26.04,Spoilage,2175.38
8833,18,23,2024-02-17,28.56,Quality Issue,4754.1
8834,18,10,2024-02-21,20.02,Spoilage,1488.29
8835,18,54,2024-02-15,22.84,Quality Issue,3595.47
8836,18,31,2024-02-23,35.08,Overproduction,11287.34
8837,18,13,2024-02-21,36.62,Spoilage,5697.71
8838,18,28,2024-02-24,25.94,Overproduction,8304.43
8839,18,61,2024-02-07,6.75,Preparation Error,428.42
8840,18,57,2024-02-23,24.27,Overproduction,485.64
8841,18,45,2024-02-09,30.69,Spoilage,10121.56
8842,18,48,2024-02-08,26.9,Preparation Error,6339.52
8843,18,1,2024-02-06,36.59,Quality Issue,3840.85
8844,18,15,2024-02-23,9.1,Quality Issue,1376.38
8845,18,62,2024-02-11,27.38,Storage Issue,7773.46
8846,18,52,2024-02-13,22.79,Expired,5785.01
8847,18,17,2024-02-02,22.52,Storage Issue,5373.72
8848,18,64,2024-02-23,27.13,Quality Issue,7901.88
8849,18,60,2024-03-21,24.24,Preparation Error,6139.26
8850,18,30,2024-03-01,34.22,Overproduction,11179.67
8851,18,24,2024-03-12,33.4,Spoilage,10777.51
8852,18,2,2024-03-09,28.16,Expired,8036.3
8853,18,40,2024-03-07,25.55,Spoilage,3792.39
8854,18,25,2024-03-13,21.11,Overproduction,4756.72
8855,18,41,2024-03-13,31.35,Quality Issue,10131.07
8856,18,22,2024-03-13,18.06,Overproduction,1542.32
8857,18,59,2024-03-01,32.14,STORAGE ISSUE,2243.05
8858,18,64,2024-03-12,4.94,Overproduction,1392.83
8859,18,4,2024-03-10,22.65,Overproduction,6109.38
8860,18,37,2024-03-08,29.37,Expired,9533.8
8861,18,65,2024-03-25,16.41,Expired,3308.42
8862,18,1,2024-03-11,34.19,Preparation Error,8987.87
8863,18,55,2024-03-05,13.36,Expired,826.98
8864,18,12,2024-03-20,19.3,Expired,4596.3
8865,18,15,2024-03-22,13.75,Storage Issue,4737.43
8866,18,5,2024-03-27,8.82,Expired,576.12
8867,18,28,2024-03-24,34.88,Expired,1627.85
8868,18,9,2024-03-19,29.33,Preparation Error,3021.28
8869,18,44,2024-03-03,30.79,Spoilage,6914.2
8870,18,38,2024-03-18,19.92,Preparation Error,2338.41
8871,18,18,2024-03-27,35.45,Storage Issue,1485.36
8872,18,13,2024-03-08,32.48,Expired,11332.6
8873,18,40,2024-04-18,22.34,Expired,6502.5
8874,18,4,2024-04-25,11.08,Spoilage,1604.49
8875,18,1,2024-04-04,15.96,Preparation Error,3975.32
8876,18,23,2024-04-09,34.59,Expired,7552.03
8877,18,45,2024-04-13,18.88,Expired,3896.45
8878,18,50,2024-04-27,31.89,Expired,1945.29
8879,18,31,2024-04-17,6.43,Expired,503.79
8880,18,30,2024-04-10,29.85,Expired,1961.74
8881,18,51,2024-04-21,19.75,Spoilage,4202.8
8882,18,28,2024-04-19,14.19,Expired,2916.19
8883,18,21,2024-04-12,5.99,Preparation Error,766.0
8884,18,7,2024-04-20,12.96,Overproduction,1625.18
8885,18,42,2024-04-23,27.86,Expired,6824.86
8886,18,35,2024-04-21,19.69,PREPARATION ERROR,6505.97
8887,18,36,2024-04-07,15.17,Expired,1079.8
8888,18,44,2024-04-20,17.37,Expired,5549.19
8889,18,49,2024-04-23,31.56,Preparation Error,8837.75
8890,18,20,2024-04-16,2.97,Storage Issue,266.11
8891,18,62,2024-04-27,11.9,Spoilage,2578.14
8892,18,65,2024-04-02,37.05,Overproduction,4580.12
8893,18,25,2024-04-08,4.04,Spoilage,622.93
8894,18,19,2024-04-24,31.08,Quality Issue,9595.33
8895,18,39,2024-04-03,18.92,Expired,3511.17
8896,18,12,2024-04-02,6.09,Storage Issue,728.24
8897,18,51,2024-05-02,30.14,Preparation Error,1184.2
8898,18,53,2024-05-17,7.14,Spoilage,1996.13
8899,18,58,2024-05-20,4.83,Quality Issue,1235.51
8900,18,64,2024-05-19,15.55,Preparation Error,2454.1
8901,18,57,2024-05-28,5.44,Overproduction,426.93
8902,18,18,2024-05-26,32.1,Spoilage,983.54
8903,18,31,2024-05-13,8.08,Expired,1402.12
8904,18,61,2024-05-14,22.37,Expired,3687.25
8905,18,62,2024-05-01,20.78,Quality Issue,1700.01
8906,18,39,2024-05-19,36.9,Preparation Error,2812.15
8907,18,41,2024-05-24,34.84,Spoilage,8338.95
8908,18,17,2024-05-18,8.36,Storage Issue,1340.53
8909,18,26,2024-05-06,22.68,Expired,2124.89
8910,18,5,2024-05-22,37.46,Expired,2237.11
8911,18,13,2024-05-24,25.76,Expired,7859.63
8912,18,24,2024-05-04,6.92,Expired,1619.0
8913,18,52,2024-05-21,10.37,Storage Issue,440.93
8914,18,32,2024-05-12,5.57,Expired,272.76
8915,18,42,2024-05-08,5.73,Spoilage,688.4
8916,18,28,2024-05-13,15.86,Expired,1332.08
8917,18,47,2024-05-26,33.57,Preparation Error,6114.1
8918,18,37,2024-05-08,16.21,Expired,4687.28
8919,18,34,2024-05-16,10.98,Preparation Error,3155.43
8920,18,50,2024-05-16,27.15,Preparation Error,2802.15
8921,18,29,2024-06-02,7.24,Expired,2339.39
8922,18,3,2024-06-07,15.72,Quality Issue,879.06
8923,18,31,2024-06-20,23.69,Quality Issue,3517.97
8924,18,44,2024-06-25,13.21,Expired,1569.35
8925,18,54,2024-06-12,7.94,Overproduction,2008.82
8926,18,8,2024-06-08,18.65,Storage Issue,385.87
8927,18,34,2024-06-10,27.51,Spoilage,5043.41
8928,18,51,2024-06-07,37.25,Overproduction,6951.22
8929,18,33,2024-06-05,25.46,Expired,6276.91
8930,18,46,2024-06-20,4.14,Storage Issue,278.66
8931,18,1,2024-06-18,26.53,Preparation Error,3628.51
8932,18,19,2024-06-15,18.02,Overproduction,5699.73
8933,18,60,2024-06-05,4.77,Quality Issue,439.89
8934,18,53,2024-06-13,30.62,Expired,4096.96
8935,18,21,2024-06-21,20.29,Expired,4331.31
8936,18,20,2024-06-14,6.1,Expired,1198.04
8937,18,63,2024-06-01,29.76,Overproduction,7397.74
8938,18,23,2024-06-14,33.68,Expired,4674.78
8939,18,52,2024-06-25,7.46,Expired,2450.98
8940,18,61,2024-06-13,20.63,Expired,4730.67
8941,18,62,2024-06-20,20.83,Expired,6597.28
8942,18,5,2024-06-04,9.96,Expired,1223.79
8943,18,4,2024-06-16,18.29,Expired,6397.66
8944,18,48,2024-06-23,19.04,Quality Issue,784.64
8945,18,63,2024-07-09,13.25,Quality Issue,866.42
8946,18,23,2024-07-10,6.93,Spoilage,546.36
8947,18,21,2024-07-15,9.05,Preparation Error,995.68
8948,18,19,2024-07-07,18.1,Storage Issue,4218.75
8949,18,38,2024-07-08,22.27,Preparation Error,3205.54
8950,18,61,2024-07-21,15.7,Preparation Error,3199.03
8951,18,44,2024-07-02,19.37,overproduction,776.16
8952,18,65,2024-07-20,18.46,Expired,6204.04
8953,18,37,2024-07-28,28.5,Quality Issue,3707.28
8954,18,17,2024-07-18,8.05,Storage Issue,1070.25
8955,18,59,2024-07-12,32.99,Expired,1738.24
8956,18,6,2024-07-13,6.59,Expired,463.01
8957,18,12,2024-07-24,11.53,Expired,2926.78
8958,18,41,2024-07-21,14.49,Expired,2998.71
8959,18,35,2024-07-05,36.8,Storage Issue,10333.07
8960,18,4,2024-07-08,3.18,Overproduction,405.1
8961,18,56,2024-07-09,15.22,Expired,1743.91
8962,18,2,2024-07-20,36.33,Expired,6519.06
8963,18,7,2024-07-19,25.65,Overproduction,3908.55
8964,18,36,2024-07-18,13.67,Spoilage,713.57
8965,18,24,2024-07-19,35.4,Expired,7799.33
8966,18,22,2024-07-05,24.66,Spoilage,2151.83
8967,18,27,2024-07-06,5.89,Overproduction,1332.26
8968,18,31,2024-07-28,29.07,Overproduction,4521.84
8969,18,8,2024-08-26,32.15,Expired,1220.41
8970,18,55,2024-08-12,11.03,Spoilage,1267.57
8971,18,15,2024-08-11,15.97,Spoilage,747.72
8972,18,3,2024-08-25,18.22,Overproduction,901.34
8973,18,19,2024-08-20,20.29,Preparation Error,3128.31
8974,18,54,2024-08-17,31.25,Storage Issue,6230.94
8975,18,37,2024-08-03,26.73,Preparation Error,6966.11
8976,18,27,2024-08-14,24.44,Spoilage,4110.56
8977,18,33,2024-08-12,31.91,Overproduction,7570.97
8978,18,39,2024-08-04,25.75,Expired,2409.94
8979,18,48,2024-08-15,23.73,Expired,5929.89
8980,18,61,2024-08-08,33.15,Quality Issue,10246.33
8981,18,12,2024-08-14,27.75,Spoilage,8327.78
8982,18,56,2024-08-02,19.08,Overproduction,5100.66
8983,18,42,2024-08-04,31.63,Quality Issue,4798.9
8984,18,50,2024-08-20,36.08,Preparation Error,5803.83
8985,18,2,2024-08-13,12.71,Overproduction,3622.99
8986,18,62,2024-08-24,27.53,Spoilage,4130.88
8987,18,21,2024-08-19,35.67,Spoilage,12318.63
8988,18,1,2024-08-13,6.31,Expired,517.04
8989,18,16,2024-08-14,23.43,Preparation Error,6347.42
8990,18,4,2024-08-23,18.94,Overproduction,2689.1
8991,18,7,2024-08-11,19.07,Expired,3991.54
8992,18,57,2024-08-14,22.75,Spoilage,959.6
8993,18,63,2024-09-07,18.18,Expired,4912.42
8994,18,1,2024-09-27,32.23,Spoilage,2564.54
8995,18,38,2024-09-03,10.88,Expired,1371.42
8996,18,4,2024-09-26,27.72,Expired,3908.24
8997,18,28,2024-09-12,20.88,Overproduction,5402.91
8998,18,18,2024-09-10,16.03,Expired,806.31
8999,18,54,2024-09-18,21.62,Preparation Error,2319.18
9000,18,6,2024-09-26,27.41,Spoilage,5578.76
9001,18,44,2024-09-06,6.66,Overproduction,1778.42
9002,18,24,2024-09-27,26.73,Preparation Error,1341.58
9003,18,8,2024-09-28,27.44,Spoilage,2539.3
9004,18,17,2024-09-22,28.06,Storage Issue,8763.98
9005,18,56,2024-09-02,24.47,Preparation Error,1299.11
9006,18,11,2024-09-22,8.83,Storage Issue,2560.79
9007,18,21,2024-09-04,22.39,Overproduction,6649.83
9008,18,47,2024-09-16,6.81,Preparation Error,464.78
9009,18,3,2024-09-24,8.28,Overproduction,481.56
9010,18,45,2024-09-20,9.77,Spoilage,2230.2
9011,18,58,2024-09-03,37.29,Storage Issue,11120.62
9012,18,19,2024-09-08,8.07,Spoilage,1911.86
9013,18,2,2024-09-14,30.45,Overproduction,2737.15
9014,18,61,2024-09-09,30.38,Expired,1407.81
9015,18,7,2024-09-04,7.73,Spoilage,1618.04
9016,18,48,2024-09-18,34.86,Spoilage,5132.79
9017,18,20,2024-10-20,21.88,Quality Issue,2072.47
9018,18,7,2024-10-18,11.87,Preparation Error,1830.83
9019,18,65,2024-10-12,13.13,Overproduction,958.1
9020,18,38,2024-10-05,30.21,Spoilage,720.21
9021,18,56,2024-10-19,20.13,Expired,5045.18
9022,18,24,2024-10-05,14.86,Expired,384.13
9023,18,10,2024-10-24,4.38,Spoilage,931.41
9024,18,34,2024-10-23,30.75,SPOILAGE,2683.86
9025,18,18,2024-10-12,5.03,Spoilage,1586.26
9026,18,13,2024-10-26,6.71,Preparation Error,294.97
9027,18,59,2024-10-15,13.67,Expired,3810.51
9028,18,53,2024-10-21,26.68,Overproduction,2767.52
9029,18,36,2024-10-06,28.54,Quality Issue,6825.91
9030,18,25,2024-10-03,31.85,Overproduction,880.02
9031,18,8,2024-10-21,33.34,Storage Issue,9000.13
9032,18,55,2024-10-08,9.59,Overproduction,2481.41
9033,18,28,2024-10-08,12.65,Quality Issue,2592.24
9034,18,64,2024-10-27,14.4,Storage Issue,3269.66
9035,18,32,2024-10-28,7.14,Preparation Error,1950.08
9036,18,54,2024-10-12,35.38,Storage Issue,9572.41
9037,18,23,2024-10-22,13.47,Spoilage,3374.64
9038,18,39,2024-10-16,10.87,Spoilage,2479.12
9039,18,22,2024-10-28,8.9,Expired,723.75
9040,18,45,2024-10-18,5.71,Quality Issue,1748.34
9041,18,15,2024-11-22,22.94,Overproduction,2451.14
9042,18,35,2024-11-05,29.34,Quality Issue,8703.71
9043,18,9,2024-11-23,192.15,Preparation Error,5323.93
9044,18,10,2024-11-11,17.62,Expired,4731.5
9045,18,12,2024-11-08,25.28,Storage Issue,1497.33
9046,18,46,2024-11-03,36.91,Quality Issue,9996.34
9047,18,33,2024-11-18,16.39,Preparation Error,3793.3
9048,18,25,2024-11-06,20.56,Expired,4728.18
9049,18,36,2024-11-04,24.45,Preparation Error,6626.44
9050,18,60,2024-11-16,26.08,Spoilage,4523.05
9051,18,16,2024-11-19,11.73,Quality Issue,1265.43
9052,18,62,2024-11-20,4.57,Preparation Error,122.52
9053,18,39,2024-11-08,30.99,Expired,8105.43
9054,18,58,2024-11-06,35.91,Storage Issue,6280.3
9055,18,59,2024-11-10,23.56,Quality Issue,7892.84
9056,18,32,2024-11-03,3.74,Expired,146.68
9057,18,57,2024-11-13,28.18,Preparation Error,9010.56
9058,18,26,2024-11-05,18.66,Quality Issue,3975.7
9059,18,3,2024-11-17,21.1,Expired,938.32
9060,18,48,2024-11-23,11.89,Spoilage,1660.2
9061,18,65,2024-11-28,26.89,Expired,2572.57
9062,18,13,2024-11-12,14.01,Overproduction,2995.76
9063,18,27,2024-11-24,19.52,Expired,1965.86
9064,18,2,2024-11-21,19.71,Storage Issue,1570.89
9065,18,64,2024-12-22,15.01,Preparation Error,971.75
9066,18,37,2024-12-26,27.5,Overproduction,6095.38
9067,18,11,2024-12-11,33.02,Overproduction,1759.97
9068,18,25,2024-12-14,29.7,Spoilage,2125.33
9069,18,32,2024-12-15,22.67,Quality Issue,6039.51
9070,18,16,2024-12-09,14.24,Spoilage,1745.11
9071,18,35,2024-12-17,35.23,Expired,4676.08
9072,18,26,2024-12-05,9.48,Expired,1581.83
9073,18,61,2024-12-28,26.67,Preparation Error,3219.07
9074,18,33,2024-12-17,20.62,Spoilage,3626.65
9075,18,42,2024-12-09,21.92,Spoilage,6590.47
9076,18,47,2024-12-23,32.91,Spoilage,1011.0
9077,18,38,2024-12-12,29.86,Quality Issue,3199.8
9078,18,27,2024-12-07,20.04,Spoilage,3138.66
9079,18,56,2024-12-18,35.86,Spoilage,10767.68
9080,18,24,2024-12-28,27.11,Overproduction,8708.0
9081,18,14,2024-12-28,8.59,Quality Issue,2545.39
9082,18,3,2024-12-17,31.85,Preparation Error,7019.74
9083,18,13,2024-12-10,21.45,Preparation Error,5024.02
9084,18,8,2024-12-07,35.96,Overproduction,3843.05
9085,18,54,2024-12-06,22.41,Preparation Error,7489.2
9086,18,10,2024-12-09,17.24,Expired,5879.36
9087,18,20,2024-12-28,23.84,Storage Issue,7223.76
9088,18,44,2024-12-13,37.0,Overproduction,7565.02
9089,18,47,2025-01-06,6.1,Expired,1313.88
9090,18,12,2025-01-26,17.36,Preparation Error,4553.35
9091,18,61,2025-01-09,14.75,Expired,2195.98
9092,18,60,2025-01-26,4.43,Expired,1135.5
9093,18,9,2025-01-21,4.21,Spoilage,462.51
9094,18,5,2025-01-14,26.25,Expired,6148.54
9095,18,40,2025-01-15,7.21,Overproduction,2382.4
9096,18,36,2025-01-21,22.63,Spoilage,1346.94
9097,18,24,2025-01-03,27.99,Preparation Error,4594.28
9098,18,48,2025-01-27,9.99,Storage Issue,2714.68
9099,18,49,2025-01-21,27.72,Spoilage,8226.46
9100,18,27,2025-01-12,36.43,Storage Issue,4848.47
9101,18,8,2025-01-22,13.36,Expired,715.16
9102,18,1,2025-01-28,9.34,Quality Issue,490.26
9103,18,28,2025-01-04,19.53,Expired,3808.15
9104,18,6,2025-01-18,18.04,Spoilage,2873.05
9105,18,62,2025-01-21,11.31,OVERPRODUCTION,1435.13
9106,18,13,2025-01-20,28.09,Preparation Error,648.32
9107,18,42,2025-01-12,21.84,Expired,3891.23
9108,18,58,2025-01-07,3.67,Preparation Error,1070.76
9109,18,2,2025-01-26,20.78,Quality Issue,6492.71
9110,18,38,2025-01-22,25.06,Expired,7151.37
9111,18,10,2025-01-05,22.36,Overproduction,809.21
9112,18,23,2025-01-03,3.51,Expired,75.64
9113,18,9,2025-02-14,33.96,Overproduction,3568.86
9114,18,53,2025-02-05,37.28,Expired,1561.29
9115,18,44,2025-02-26,20.8,Expired,5544.86
9116,18,62,2025-02-19,17.72,Spoilage,2447.31
9117,18,63,2025-02-06,8.92,Overproduction,2043.3
9118,18,40,2025-02-14,17.04,Preparation Error,3163.14
9119,18,56,2025-02-03,8.82,Preparation Error,331.01
9120,18,52,2025-02-18,23.83,Expired,1590.65
9121,18,65,2025-02-18,7.53,Spoilage,1030.78
9122,18,37,2025-02-15,12.24,Preparation Error,2757.18
9123,18,57,2025-02-26,20.9,Spoilage,6852.9
9124,18,17,2025-02-11,7.7,Quality Issue,1490.57
9125,18,5,2025-02-17,12.03,Expired,3603.23
9126,18,16,2025-02-07,29.78,Expired,668.26
9127,18,2,2025-02-17,9.54,Spoilage,860.41
9128,18,30,2025-02-28,5.54,Preparation Error,1739.01
9129,18,41,2025-02-16,3.34,Quality Issue,962.72
9130,18,54,2025-02-09,20.75,Preparation Error,6300.11
9131,18,10,2025-02-25,10.98,Spoilage,893.33
9132,18,45,2025-02-16,30.57,Expired,3123.03
9133,18,36,2025-02-25,16.57,Overproduction,4648.38
9134,18,20,2025-02-09,24.92,Expired,3638.57
9135,18,18,2025-02-18,25.99,Expired,1805.53
9136,18,23,2025-02-26,31.76,Storage Issue,3666.69
9137,18,59,2025-03-12,25.6,Storage Issue,3268.61
9138,18,64,2025-03-11,18.62,Spoilage,1146.81
9139,18,11,2025-03-06,8.72,Spoilage,2375.15
9140,18,43,2025-03-20,31.38,Preparation Error,9034.62
9141,18,57,2025-03-22,15.61,Storage Issue,2836.81
9142,18,48,2025-03-09,12.97,Expired,3101.52
9143,18,60,2025-03-08,4.26,Expired,443.21
9144,18,35,2025-03-20,12.22,Preparation Error,1508.07
9145,18,2,2025-03-16,11.0,Expired,1506.23
9146,18,62,2025-03-03,24.25,Preparation Error,810.92
9147,18,47,2025-03-19,31.97,Expired,10061.92
9148,18,13,2025-03-14,30.53,Expired,9009.71
9149,18,40,2025-03-08,29.55,Overproduction,5639.91
9150,18,28,2025-03-22,35.27,Spoilage,4643.3
9151,18,49,2025-03-22,37.3,Spoilage,7027.32
9152,18,32,2025-03-18,17.09,Expired,1447.01
9153,18,27,2025-03-23,22.6,Preparation Error,3153.15
9154,18,6,2025-03-20,34.69,Overproduction,7180.83
9155,18,31,2025-03-05,153.3,Quality Issue,2980.15
9156,18,12,2025-03-03,3.33,Spoilage,255.78
9157,18,23,2025-03-11,36.4,Preparation Error,3933.38
9158,18,51,2025-03-24,21.48,Preparation Error,2955.86
9159,18,3,2025-03-10,28.72,Preparation Error,2898.14
9160,18,44,2025-03-16,37.49,Overproduction,1077.46
9161,18,16,2025-04-08,3.79,Preparation Error,992.18
9162,18,48,2025-04-03,33.13,Overproduction,9743.86
9163,18,12,2025-04-16,33.95,Expired,4005.76
9164,18,27,2025-04-20,23.11,Preparation Error,4066.44
9165,18,26,2025-04-27,32.35,Expired,2611.94
9166,18,14,2025-04-14,36.32,Spoilage,3961.42
9167,18,63,2025-04-10,7.1,Preparation Error,1177.25
9168,18,10,2025-04-13,2.66,Expired,167.42
9169,18,39,2025-04-16,25.52,Overproduction,2143.68
9170,18,20,2025-04-13,12.1,Expired,1845.37
9171,18,37,2025-04-08,32.23,Overproduction,3945.92
9172,18,6,2025-04-01,18.02,Overproduction,2399.72
9173,18,41,2025-04-01,29.5,Preparation Error,8247.02
9174,18,11,2025-04-20,30.93,Expired,10192.05
9175,18,47,2025-04-03,12.16,Expired,783.59
9176,18,56,2025-04-05,8.5,Quality Issue,1006.91
9177,18,1,2025-04-13,6.79,Preparation Error,1365.88
9178,18,61,2025-04-13,5.94,Expired,1271.1
9179,18,31,2025-04-02,23.95,Preparation Error,2138.73
9180,18,35,2025-04-04,2.54,Preparation Error,158.98
9181,18,36,2025-04-18,26.2,Expired,5755.88
9182,18,4,2025-04-01,22.74,Expired,3125.16
9183,18,21,2025-04-19,34.77,Expired,2421.38
9184,18,15,2025-04-23,26.18,Overproduction,6191.05
9185,18,27,2025-05-15,4.44,Expired,786.68
9186,18,7,2025-05-10,8.29,Expired,1978.66
9187,18,47,2025-05-03,35.68,Storage Issue,2859.75
9188,18,50,2025-05-21,4.98,Preparation Error,1009.05
9189,18,15,2025-05-07,35.73,Overproduction,7063.82
9190,18,57,2025-05-21,32.21,Preparation Error,6747.67
9191,18,54,2025-05-14,45.85,Expired,245.82
9192,18,32,2025-05-13,8.48,Spoilage,2462.85
9193,18,12,2025-05-12,25.1,Expired,6174.85
9194,18,52,2025-05-27,36.04,Preparation Error,3303.79
9195,18,43,2025-05-07,12.4,Expired,1977.55
9196,18,46,2025-05-16,12.04,Spoilage,706.99
9197,18,61,2025-05-18,20.98,Expired,4367.41
9198,18,42,2025-05-06,11.86,Spoilage,3578.64
9199,18,36,2025-05-05,32.21,Expired,10861.21
9200,18,23,2025-05-01,5.43,spoilage,1697.2
9201,18,3,2025-05-21,18.07,Expired,1995.65
9202,18,51,2025-05-21,29.67,Preparation Error,6983.43
9203,18,35,2025-05-14,18.5,Storage Issue,2658.45
9204,18,19,2025-05-10,14.7,Spoilage,4670.78
9205,18,14,2025-05-27,31.53,Storage Issue,8634.18
9206,18,2,2025-05-19,28.5,Preparation Error,1210.11
9207,18,40,2025-05-05,13.03,Quality Issue,2487.69
9208,18,64,2025-05-03,25.67,Preparation Error,7340.34
9209,18,45,2025-06-27,14.03,Spoilage,4243.09
9210,18,27,2025-06-14,32.3,Expired,10070.17
9211,18,6,2025-06-09,22.61,Spoilage,7678.36
9212,18,9,2025-06-17,10.55,Expired,3257.1
9213,18,24,2025-06-12,36.96,Spoilage,12493.96
9214,18,19,2025-06-27,35.95,Expired,8535.61
9215,18,58,2025-06-10,10.25,Expired,1639.49
9216,18,7,2025-06-01,33.28,Preparation Error,10329.11
9217,18,2,2025-06-17,24.27,Spoilage,5263.92
9218,18,37,2025-06-21,15.73,Spoilage,790.9
9219,18,1,2025-06-10,11.38,Expired,3664.93
9220,18,26,2025-06-14,34.07,Expired,4834.53
9221,18,53,2025-06-02,15.95,Expired,5079.92
9222,18,47,2025-06-18,10.37,Preparation Error,3229.74
9223,18,21,2025-06-25,9.42,Preparation Error,1069.74
9224,18,51,2025-06-18,12.62,Overproduction,2425.44
9225,18,10,2025-06-28,14.17,Spoilage,854.31
9226,18,39,2025-06-16,10.48,Quality Issue,3041.92
9227,18,14,2025-06-23,16.0,Spoilage,353.44
9228,18,61,2025-06-22,3.37,Storage Issue,437.49
9229,18,18,2025-06-10,11.12,Overproduction,1214.86
9230,18,64,2025-06-14,25.01,Quality Issue,4166.42
9231,18,31,2025-06-09,19.3,Expired,4346.94
9232,18,5,2025-06-17,5.61,Preparation Error,720.1
9233,18,13,2025-07-07,11.74,Expired,2427.6
9234,18,7,2025-07-23,30.46,Preparation Error,5455.39
9235,18,46,2025-07-23,37.03,Overproduction,1554.89
9236,18,61,2025-07-26,3.78,Expired,881.76
9237,18,2,2025-07-20,30.13,OVERPRODUCTION,10113.13
9238,18,51,2025-07-28,6.97,Expired,186.17
9239,18,14,2025-07-15,26.96,Expired,1338.02
9240,18,58,2025-07-20,3.14,Spoilage,852.48
9241,18,31,2025-07-19,5.39,Spoilage,1401.83
9242,18,3,2025-07-06,18.55,Expired,2601.08
9243,18,28,2025-07-03,11.08,Expired,2261.65
9244,18,35,2025-07-28,33.95,Spoilage,4198.6
9245,18,24,2025-07-21,30.03,Quality Issue,4345.64
9246,18,59,2025-07-24,36.97,Storage Issue,1132.02
9247,18,57,2025-07-23,24.27,Expired,5622.15
9248,18,18,2025-07-04,10.17,Spoilage,2018.03
9249,18,6,2025-07-03,20.18,Quality Issue,2611.09
9250,18,1,2025-07-10,17.88,Overproduction,1066.01
9251,18,48,2025-07-09,33.0,Overproduction,9809.58
9252,18,47,2025-07-17,29.76,Preparation Error,645.49
9253,18,33,2025-07-19,6.07,Expired,1478.53
9254,18,42,2025-07-27,9.94,Expired,2614.62
9255,18,43,2025-07-13,9.32,Preparation Error,1602.67
9256,18,56,2025-07-11,29.43,Spoilage,5966.64
9257,18,57,2025-08-12,36.18,Overproduction,1699.01
9258,18,18,2025-08-15,27.28,Overproduction,4824.74
9259,18,14,2025-08-23,29.08,Quality Issue,2366.53
9260,18,36,2025-08-06,15.39,Expired,1641.65
9261,18,42,2025-08-07,22.48,Spoilage,4990.56
9262,18,19,2025-08-25,3.41,Quality Issue,535.03
9263,18,26,2025-08-15,9.16,Expired,2529.26
9264,18,32,2025-08-14,28.66,Overproduction,3391.91
9265,18,59,2025-08-07,22.83,Overproduction,5795.62
9266,18,65,2025-08-15,30.56,Spoilage,4199.25
9267,18,33,2025-08-16,5.74,Expired,1717.98
9268,18,51,2025-08-04,7.51,Quality Issue,1174.34
9269,18,45,2025-08-09,20.02,Overproduction,3267.86
9270,18,15,2025-08-26,8.24,Expired,1287.09
9271,18,53,2025-08-25,35.32,Expired,2243.17
9272,18,23,2025-08-12,30.21,Overproduction,10106.45
9273,18,31,2025-08-15,27.6,Overproduction,5863.62
9274,18,9,2025-08-12,13.94,Spoilage,2595.91
9275,18,5,2025-08-04,29.71,Spoilage,7778.67
9276,18,10,2025-08-17,18.64,Quality Issue,562.0
9277,18,1,2025-08-13,16.43,Preparation Error,4263.42
9278,18,39,2025-08-24,30.35,Spoilage,3349.73
9279,18,25,2025-08-05,36.17,Spoilage,2228.07
9280,18,60,2025-08-05,22.53,Storage Issue,6331.38
9281,18,28,2025-09-17,31.31,Preparation Error,5349.0
9282,18,5,2025-09-25,7.89,Preparation Error,1615.24
9283,18,10,2025-09-21,21.95,Preparation Error,4792.12
9284,18,48,2025-09-22,34.29,Spoilage,913.49
9285,18,29,2025-09-14,32.4,Storage Issue,5209.27
9286,18,41,2025-09-20,17.15,Expired,5122.36
9287,18,45,2025-09-25,13.67,Preparation Error,1745.93
9288,18,64,2025-09-28,24.81,Quality Issue,8643.56
9289,18,30,2025-09-16,5.21,Spoilage,1091.7
9290,18,35,2025-09-11,3.17,Storage Issue,482.25
9291,18,47,2025-09-16,30.32,Overproduction,6660.09
9292,18,15,2025-09-25,10.23,Overproduction,2240.57
9293,18,22,2025-09-16,34.53,Spoilage,5671.21
9294,18,60,2025-09-15,25.07,Expired,6374.8
9295,18,24,2025-09-25,21.91,Overproduction,7405.58
9296,18,6,2025-09-01,18.74,Spoilage,5128.39
9297,18,1,2025-09-24,25.17,Expired,3052.11
9298,18,34,2025-09-12,7.27,Spoilage,1361.53
9299,18,38,2025-09-08,37.07,Overproduction,2357.65
9300,18,14,2025-09-10,17.57,Overproduction,3938.84
9301,18,7,2025-09-14,4.33,Storage Issue,705.7
9302,18,63,2025-09-21,28.63,Overproduction,5093.85
9303,18,59,2025-09-23,25.42,Spoilage,3324.17
9304,18,36,2025-09-03,26.99,Expired,7942.62
9305,18,59,2025-10-25,2.7,Quality Issue,402.62
9306,18,15,2025-10-03,20.35,Overproduction,6725.47
9307,18,46,2025-10-09,2.84,Expired,397.94
9308,18,32,2025-10-23,3.89,Spoilage,1062.13
9309,18,20,2025-10-12,107.59,Expired,4408.58
9310,18,8,2025-10-04,23.84,Expired,3899.99
9311,18,2,2025-10-17,7.26,Quality Issue,2161.45
9312,18,49,2025-10-17,29.23,Preparation Error,6226.87
9313,18,12,2025-10-13,29.42,Expired,9320.84
9314,18,17,2025-10-03,36.31,Overproduction,6271.46
9315,18,1,2025-10-25,7.09,Spoilage,1835.39
9316,18,5,2025-10-03,9.29,Quality Issue,2398.86
9317,18,43,2025-10-05,28.4,Preparation Error,2209.24
9318,18,22,2025-10-10,22.04,Storage Issue,7442.69
9319,18,7,2025-10-11,19.04,Quality Issue,3664.44
9320,18,37,2025-10-12,10.27,Expired,3445.48
9321,18,33,2025-10-22,26.25,Spoilage,1149.23
9322,18,31,2025-10-24,19.85,Spoilage,3828.27
9323,18,35,2025-10-21,29.41,Spoilage,5903.18
9324,18,36,2025-10-27,5.42,Expired,850.13
9325,18,4,2025-10-15,13.78,Expired,3523.27
9326,18,51,2025-10-28,34.08,Expired,5984.11
9327,18,10,2025-10-27,10.79,Preparation Error,2829.79
9328,18,62,2025-10-01,31.34,Overproduction,2193.49
9329,18,20,2025-11-27,24.63,Spoilage,8138.24
9330,18,29,2025-11-17,22.1,Spoilage,1504.79
9331,18,45,2025-11-03,33.46,Overproduction,3502.93
9332,18,62,2025-11-27,30.77,Storage Issue,9279.62
9333,18,41,2025-11-18,17.34,Expired,4087.38
9334,18,8,2025-11-28,28.74,Expired,2934.64
9335,18,35,2025-11-08,34.87,Preparation Error,5611.98
9336,18,43,2025-11-17,6.54,Quality Issue,675.78
9337,18,61,2025-11-02,27.9,Expired,5171.26
9338,18,1,2025-11-13,8.5,Quality Issue,2551.36
9339,18,58,2025-11-25,15.19,Storage Issue,2138.9
9340,18,25,2025-11-14,6.4,Preparation Error,1499.2
9341,18,7,2025-11-21,5.21,Storage Issue,981.88
9342,18,11,2025-11-11,23.89,Expired,6613.95
9343,18,30,2025-11-27,17.02,Preparation Error,1789.14
9344,18,23,2025-11-01,25.3,Spoilage,7657.8
9345,18,5,2025-11-07,12.17,Overproduction,3623.98
9346,18,26,2025-11-22,30.55,Expired,902.14
9347,18,56,2025-11-01,4.48,Quality Issue,403.56
9348,18,47,2025-11-24,14.48,Spoilage,1277.72
9349,18,42,2025-11-22,20.63,Preparation Error,4359.94
9350,18,28,2025-11-28,26.32,Overproduction,7007.44
9351,18,51,2025-11-03,5.01,Expired,1398.09
9352,18,57,2025-11-13,15.6,Storage Issue,4773.44
9353,18,63,2025-12-03,7.7,Spoilage,513.51
9354,18,26,2025-12-03,16.54,Storage Issue,3735.23
9355,18,29,2025-12-04,17.27,Spoilage,5240.41
9356,18,23,2025-12-17,12.14,Preparation Error,4117.04
9357,18,15,2025-12-10,37.26,Storage Issue,11982.07
9358,18,27,2025-12-15,8.3,Expired,535.1
9359,18,39,2025-12-27,8.74,Overproduction,2464.24
9360,18,3,2025-12-11,16.56,Expired,1637.45
9361,18,61,2025-12-09,31.62,Preparation Error,5717.21
9362,18,64,2025-12-11,8.59,Quality Issue,1108.71
9363,18,28,2025-12-02,13.28,Storage Issue,2146.18
9364,18,21,2025-12-09,35.71,Preparation Error,1148.79
9365,18,19,2025-12-08,33.11,Expired,4988.35
9366,18,2,2025-12-12,27.49,Spoilage,5826.23
9367,18,60,2025-12-12,19.91,Expired,4669.29
9368,18,8,2025-12-05,25.32,Overproduction,3036.12
9369,18,53,2025-12-26,10.88,Spoilage,1368.38
9370,18,45,2025-12-22,37.44,Spoilage,4293.99
9371,18,62,2025-12-10,34.56,Expired,8042.46
9372,18,52,2025-12-21,9.47,Expired,3007.1
9373,18,48,2025-12-21,7.18,Expired,1772.17
9374,18,34,2025-12-18,30.15,Spoilage,8504.11
9375,18,9,2025-12-25,27.78,Preparation Error,8200.93
9376,18,6,2025-12-03,21.3,Expired,3138.98
9377,18,32,2026-01-04,4.34,Expired,1338.46
9378,18,18,2026-01-28,29.89,Spoilage,5017.04
9379,18,40,2026-01-27,12.92,Overproduction,884.5
9380,18,43,2026-01-17,18.52,Preparation Error,5000.4
9381,18,51,2026-01-06,6.67,Quality Issue,2051.03
9382,18,42,2026-01-18,13.01,Expired,4088.65
9383,18,26,2026-01-24,21.13,Expired,2956.93
9384,18,21,2026-01-05,29.24,Storage Issue,2961.72
9385,18,48,2026-01-14,28.72,Overproduction,2123.56
9386,18,57,2026-01-16,25.44,Quality Issue,7536.09
9387,18,13,2026-01-11,35.58,Expired,4251.45
9388,18,63,2026-01-07,10.66,Expired,1877.33
9389,18,47,2026-01-05,3.6,Storage Issue,239.0
9390,18,1,2026-01-04,10.17,Overproduction,3021.1
9391,18,34,2026-01-07,28.06,Expired,5504.25
9392,18,53,2026-01-07,34.66,Overproduction,5964.64
9393,18,56,2026-01-08,34.89,Expired,12171.73
9394,18,64,2026-01-13,16.53,Spoilage,4806.59
9395,18,10,2026-01-17,24.77,Spoilage,8285.57
9396,18,17,2026-01-27,5.63,Expired,144.18
9397,18,59,2026-01-23,9.29,Expired,2054.3
9398,18,50,2026-01-06,24.55,Overproduction,4867.04
9399,18,4,2026-01-21,36.96,Spoilage,11868.6
9400,18,39,2026-01-08,36.82,Spoilage,7092.64
9401,18,58,2026-02-22,11.05,Expired,2686.37
9402,18,34,2026-02-14,25.49,Spoilage,2521.47
9403,18,24,2026-02-19,23.33,Expired,2807.53
9404,18,29,2026-02-18,30.99,Overproduction,3078.86
9405,18,36,2026-02-14,6.51,Expired,1585.45
9406,18,47,2026-02-15,15.82,Expired,2613.94
9407,18,13,2026-02-10,13.86,Storage Issue,3276.09
9408,18,5,2026-02-13,15.99,Spoilage,4844.17
9409,18,7,2026-02-23,8.52,Spoilage,269.49
9410,18,8,2026-02-04,14.57,Expired,3401.8
9411,18,1,2026-02-21,20.57,Spoilage,7050.78
9412,18,43,2026-02-08,13.5,Expired,4687.61
9413,18,14,2026-02-21,11.39,Expired,758.35
9414,18,56,2026-02-03,10.7,Expired,611.18
9415,18,37,2026-02-17,19.91,Overproduction,831.24
9416,18,6,2026-02-10,27.38,Spoilage,8715.88
9417,18,53,2026-02-20,23.02,Overproduction,3213.59
9418,18,57,2026-02-14,10.52,Storage Issue,3656.86
9419,18,9,2026-02-21,23.4,Spoilage,2111.38
9420,18,61,2026-02-24,20.23,Expired,2063.86
9421,18,59,2026-02-13,2.67,Spoilage,331.75
9422,18,62,2026-02-16,13.14,Storage Issue,3743.85
9423,18,41,2026-02-10,13.58,Spoilage,3180.57
9424,18,31,2026-02-28,16.66,Spoilage,1521.72
9425,18,4,2026-03-17,4.66,Spoilage,1500.99
9426,18,60,2026-03-18,35.78,Quality Issue,8100.95
9427,18,62,2026-03-28,28.49,Spoilage,6182.33
9428,18,11,2026-03-09,15.59,Expired,3163.68
9429,18,5,2026-03-20,3.65,Spoilage,263.31
9430,18,56,2026-03-25,35.78,Expired,5881.87
9431,18,13,2026-03-13,10.86,Quality Issue,1619.55
9432,18,58,2026-03-25,27.56,Storage Issue,1770.45
9433,18,28,2026-03-28,37.14,Expired,6540.73
9434,18,37,2026-03-13,11.56,Quality Issue,754.17
9435,18,17,2026-03-25,5.58,Preparation Error,1925.27
9436,18,45,2026-03-22,15.04,Overproduction,1202.0
9437,18,3,2026-03-27,8.71,Spoilage,1075.42
9438,18,15,2026-03-05,10.08,Expired,3346.76
9439,18,34,2026-03-05,30.23,Expired,4168.41
9440,18,39,2026-03-07,30.39,Expired,963.06
9441,18,36,2026-03-01,18.82,Overproduction,4842.57
9442,18,61,2026-03-24,32.17,Quality Issue,2354.52
9443,18,48,2026-03-09,12.25,Expired,840.6
9444,18,30,2026-03-19,32.55,Quality Issue,3551.2
9445,18,19,2026-03-08,21.22,Expired,1444.66
9446,18,41,2026-03-07,21.09,Overproduction,5389.13
9447,18,12,2026-03-07,15.07,Expired,1488.01
9448,18,43,2026-03-22,3.8,Spoilage,910.02
9449,18,47,2026-04-28,16.73,Expired,2225.93
9450,18,58,2026-04-21,3.79,Quality Issue,1304.67
9451,18,11,2026-04-14,30.51,Expired,8084.23
9452,18,30,2026-04-02,2.54,Preparation Error,70.36
9453,18,23,2026-04-26,6.31,Spoilage,422.96
9454,18,36,2026-04-25,9.1,Preparation Error,1499.41
9455,18,55,2026-04-24,7.41,Overproduction,1148.7
9456,18,22,2026-04-15,11.98,Storage Issue,867.23
9457,18,44,2026-04-13,21.51,Spoilage,2801.03
9458,18,31,2026-04-22,15.27,Preparation Error,2971.85
9459,18,50,2026-04-22,9.45,Spoilage,2427.23
9460,18,41,2026-04-22,21.41,Preparation Error,6947.97
9461,18,24,2026-04-20,18.08,Storage Issue,902.19
9462,18,61,2026-04-16,10.71,Expired,852.41
9463,18,21,2026-04-22,10.51,Spoilage,3676.92
9464,18,3,2026-04-03,8.31,Expired,338.05
9465,18,20,2026-04-26,24.55,Spoilage,2170.47
9466,18,38,2026-04-13,26.17,Expired,2875.04
9467,18,2,2026-04-02,12.59,Spoilage,3188.92
9468,18,25,2026-04-19,23.58,Spoilage,2222.41
9469,18,60,2026-04-25,34.67,Expired,5109.32
9470,18,34,2026-04-27,7.02,Spoilage,759.0
9471,18,52,2026-04-09,63.35,Quality Issue,391.59
9472,18,56,2026-04-13,14.63,Storage Issue,1716.1
9473,18,63,2026-05-16,28.71,Storage Issue,5655.3
9474,18,53,2026-05-13,27.33,Expired,8794.79
9475,18,33,2026-05-04,35.08,Storage Issue,4507.08
9476,18,30,2026-05-12,37.11,Overproduction,11598.73
9477,18,31,2026-05-09,7.94,Spoilage,454.25
9478,18,64,2026-05-06,36.45,Expired,8557.37
9479,18,5,2026-05-12,23.65,Expired,7345.69
9480,18,38,2026-05-01,2.91,Overproduction,608.51
9481,18,29,2026-05-23,7.28,Storage Issue,792.65
9482,18,12,2026-05-21,12.41,Expired,2778.6
9483,18,28,2026-05-17,9.42,Quality Issue,386.97
9484,18,43,2026-05-19,23.49,Spoilage,1378.63
9485,18,54,2026-05-14,27.48,Overproduction,2438.3
9486,18,46,2026-05-28,20.25,Expired,5832.61
9487,18,61,2026-05-08,16.43,Preparation Error,1945.97
9488,18,45,2026-05-13,6.2,Spoilage,1510.69
9489,18,37,2026-05-22,27.21,Preparation Error,8756.72
9490,18,40,2026-05-04,24.32,Overproduction,520.45
9491,18,57,2026-05-15,32.63,Overproduction,2365.35
9492,18,47,2026-05-15,18.1,Expired,3906.7
9493,18,32,2026-05-04,36.99,Storage Issue,3925.01
9494,18,56,2026-05-04,33.16,Expired,7917.94
9495,18,6,2026-05-21,37.24,Overproduction,3917.65
9496,18,25,2026-05-06,20.95,Storage Issue,5532.27
9497,18,4,2026-06-21,28.3,Overproduction,5039.95
9498,18,13,2026-06-06,31.33,Expired,7111.6
9499,18,56,2026-06-21,14.75,Storage Issue,5042.14
9500,18,65,2026-06-22,22.74,Quality Issue,571.23
9501,18,21,2026-06-27,24.52,Preparation Error,4934.16
9502,18,9,2026-06-03,27.16,Overproduction,7298.71
9503,18,41,2026-06-03,34.02,Quality Issue,1456.4
9504,18,24,2026-06-25,3.81,Expired,646.4
9505,18,34,2026-06-15,6.5,Expired,1142.77
9506,18,18,2026-06-16,36.2,EXPIRED,746.81
9507,18,12,2026-06-15,28.98,Preparation Error,7242.39
9508,18,52,2026-06-24,9.34,Spoilage,2212.83
9509,18,5,2026-06-18,31.35,Preparation Error,6642.75
9510,18,10,2026-06-10,4.97,Overproduction,1634.04
9511,18,58,2026-06-18,18.8,Spoilage,2720.17
9512,18,30,2026-06-24,12.23,Spoilage,487.73
9513,18,3,2026-06-28,27.51,Spoilage,1723.5
9514,18,61,2026-06-23,17.29,Storage Issue,995.56
9515,18,19,2026-06-19,33.29,Expired,971.07
9516,18,27,2026-06-13,27.71,Overproduction,2287.74
9517,18,14,2026-06-24,35.92,Expired,7184.36
9518,18,45,2026-06-27,3.87,Storage Issue,206.7
9519,18,60,2026-06-13,34.23,Preparation Error,10845.78
9520,18,47,2026-06-06,22.07,Spoilage,3679.95
9521,18,34,2026-07-12,37.37,Expired,10816.0
9522,18,44,2026-07-24,18.13,Expired,4355.73
9523,18,62,2026-07-10,13.11,Overproduction,541.84
9524,18,15,2026-07-06,6.78,Preparation Error,970.01
9525,18,9,2026-07-20,2.88,Expired,365.44
9526,18,3,2026-07-18,12.67,Spoilage,1277.39
9527,18,12,2026-07-16,22.97,Expired,3408.75
9528,18,43,2026-07-13,6.46,Overproduction,2228.76
9529,18,50,2026-07-10,26.38,Spoilage,2346.76
9530,18,59,2026-07-11,23.36,Spoilage,4132.38
9531,18,55,2026-07-23,14.67,Spoilage,1768.91
9532,18,13,2026-07-26,17.35,Expired,4580.05
9533,18,5,2026-07-02,36.88,Quality Issue,12002.96
9534,18,14,2026-07-01,24.62,Quality Issue,2380.75
9535,18,29,2026-07-28,6.18,Overproduction,1875.94
9536,18,4,2026-07-25,32.77,Quality Issue,9677.96
9537,18,10,2026-07-17,36.07,Overproduction,5221.85
9538,18,32,2026-07-08,9.69,Preparation Error,280.62
9539,18,30,2026-07-08,32.95,Overproduction,8616.43
9540,18,21,2026-07-07,29.37,Spoilage,6242.01
9541,18,6,2026-07-10,5.23,Spoilage,483.41
9542,18,36,2026-07-15,24.02,Spoilage,3311.88
9543,18,47,2026-07-13,10.98,Spoilage,3516.02
9544,18,35,2026-07-11,28.61,Preparation Error,9349.46
9545,18,62,2026-08-28,15.33,Preparation Error,2955.32
9546,18,31,2026-08-27,16.53,Overproduction,2197.0
9547,18,53,2026-08-27,5.71,Overproduction,1494.19
9548,18,44,2026-08-04,23.68,Preparation Error,3397.37
9549,18,65,2026-08-22,36.99,Spoilage,11432.5
9550,18,63,2026-08-10,9.97,Quality Issue,2437.17
9551,18,54,2026-08-05,17.49,Spoilage,503.36
9552,18,25,2026-08-21,34.42,Expired,5231.84
9553,18,11,2026-08-10,20.81,Spoilage,2849.51
9554,18,22,2026-08-27,17.11,Quality Issue,4422.42
9555,18,64,2026-08-25,27.6,Preparation Error,7853.86
9556,18,15,2026-08-07,27.98,Storage Issue,2703.15
9557,18,48,2026-08-02,51.31,Overproduction,2172.83
9558,18,18,2026-08-23,5.14,Spoilage,757.02
9559,18,7,2026-08-12,32.68,Quality Issue,5775.86
9560,18,39,2026-08-09,14.98,Expired,3719.53
9561,18,10,2026-08-24,35.67,Spoilage,9743.62
9562,18,2,2026-08-20,22.43,Preparation Error,1443.37
9563,18,51,2026-08-07,10.95,Expired,3552.18
9564,18,40,2026-08-24,29.84,Expired,5754.05
9565,18,55,2026-08-18,28.39,Preparation Error,5268.9
9566,18,52,2026-08-08,30.11,Storage Issue,6835.87
9567,18,49,2026-08-03,22.65,Spoilage,2857.98
9568,18,4,2026-08-25,18.32,Spoilage,877.53
9569,19,51,2024-01-02,10.08,Expired,1710.17
9570,19,46,2024-01-16,20.38,Overproduction,4661.31
9571,19,25,2024-01-25,18.63,Quality Issue,6495.91
9572,19,10,2024-01-19,28.27,Expired,2447.33
9573,19,52,2024-01-17,13.61,Overproduction,797.68
9574,19,28,2024-01-11,16.0,Expired,4275.68
9575,19,11,2024-01-13,16.26,Preparation Error,733.0
9576,19,32,2024-01-05,33.29,Overproduction,6219.24
9577,19,60,2024-01-09,6.33,Preparation Error,608.88
9578,19,33,2024-01-12,16.29,Expired,4263.91
9579,19,39,2024-01-27,14.79,Spoilage,3168.61
9580,19,1,2024-01-17,11.01,Spoilage,2594.95
9581,19,19,2024-01-26,15.2,Preparation Error,3233.5
9582,19,40,2024-01-02,26.4,Preparation Error,2849.09
9583,19,58,2024-01-03,18.42,Spoilage,1914.39
9584,19,15,2024-01-06,37.49,Spoilage,10048.44
9585,19,54,2024-01-16,14.16,Overproduction,4159.78
9586,19,30,2024-01-26,31.83,Overproduction,7793.89
9587,19,43,2024-01-25,35.74,Expired,4780.58
9588,19,24,2024-01-26,17.64,Spoilage,3794.19
9589,19,34,2024-01-04,33.3,Expired,9563.09
9590,19,26,2024-01-04,29.31,Preparation Error,8144.37
9591,19,7,2024-01-13,18.45,Spoilage,4589.25
9592,19,57,2024-01-13,13.48,Overproduction,953.31
9593,19,18,2024-01-20,11.88,Spoilage,466.53
9594,19,9,2024-01-09,10.15,Spoilage,2549.17
9595,19,59,2024-01-07,33.74,Expired,1846.59
9596,19,20,2024-01-14,22.22,Spoilage,5020.83
9597,19,3,2024-02-08,5.22,Spoilage,1230.56
9598,19,23,2024-02-05,4.06,Expired,498.41
9599,19,41,2024-02-24,22.02,Overproduction,571.86
9600,19,27,2024-02-09,8.73,Overproduction,2086.12
9601,19,60,2024-02-16,37.2,Preparation Error,3763.52
9602,19,2,2024-02-13,21.03,Spoilage,2765.23
9603,19,56,2024-02-18,9.99,Expired,2705.49
9604,19,21,2024-02-17,33.0,Quality Issue,5139.42
9605,19,4,2024-02-17,9.03,Spoilage,1538.71
9606,19,9,2024-02-26,31.99,Spoilage,1453.63
9607,19,50,2024-02-04,31.3,Storage Issue,2104.61
9608,19,40,2024-02-27,7.38,Overproduction,308.85
9609,19,17,2024-02-07,15.5,Overproduction,2818.83
9610,19,12,2024-02-06,23.34,Expired,4711.41
9611,19,42,2024-02-25,3.09,Expired,69.9
9612,19,7,2024-02-03,20.43,Overproduction,495.22
9613,19,53,2024-02-17,25.51,Storage Issue,4134.41
9614,19,37,2024-02-01,7.74,Quality Issue,1851.18
9615,19,18,2024-02-13,14.74,Expired,360.54
9616,19,61,2024-02-17,32.75,Expired,7679.55
9617,19,1,2024-02-04,19.93,Overproduction,462.77
9618,19,44,2024-02-05,12.79,Expired,1743.15
9619,19,43,2024-02-22,24.73,Expired,5666.63
9620,19,49,2024-02-21,37.47,Preparation Error,5588.65
9621,19,54,2024-02-18,28.36,Expired,9081.16
9622,19,16,2024-02-21,16.85,Overproduction,2851.02
9623,19,14,2024-02-03,22.05,Expired,6400.01
9624,19,51,2024-02-09,10.4,Expired,2027.48
9625,19,28,2024-03-15,16.05,Preparation Error,4097.08
9626,19,60,2024-03-26,13.44,Preparation Error,3696.4
9627,19,33,2024-03-20,16.47,Spoilage,4959.28
9628,19,31,2024-03-20,20.66,Expired,5947.39
9629,19,65,2024-03-28,11.36,Overproduction,737.04
9630,19,63,2024-03-06,30.0,Spoilage,9808.8
9631,19,3,2024-03-18,24.86,Storage Issue,1150.77
9632,19,21,2024-03-04,20.1,Quality Issue,1735.23
9633,19,17,2024-03-13,30.9,Spoilage,1858.94
9634,19,34,2024-03-26,14.25,Expired,4726.3
9635,19,64,2024-03-21,30.67,Expired,983.59
9636,19,47,2024-03-03,6.16,Storage Issue,290.07
9637,19,49,2024-03-09,21.02,Preparation Error,4846.37
9638,19,53,2024-03-07,5.48,Overproduction,159.19
9639,19,46,2024-03-04,35.61,Overproduction,11192.94
9640,19,61,2024-03-17,24.89,Overproduction,3668.04
9641,19,52,2024-03-27,17.6,Storage Issue,3426.54
9642,19,19,2024-03-04,34.13,Overproduction,8835.92
9643,19,43,2024-03-27,15.42,Spoilage,4321.76
9644,19,1,2024-03-02,33.49,Overproduction,10869.18
9645,19,15,2024-03-24,21.06,Preparation Error,6096.45
9646,19,39,2024-03-28,23.27,Quality Issue,5968.29
9647,19,8,2024-03-01,32.87,Overproduction,6406.36
9648,19,36,2024-03-22,15.61,Overproduction,4288.54
9649,19,40,2024-03-13,9.88,Expired,2610.69
9650,19,23,2024-03-02,21.31,Storage Issue,7009.71
9651,19,35,2024-03-25,28.31,Spoilage,6627.65
9652,19,51,2024-03-16,35.02,Quality Issue,3104.52
9653,19,58,2024-04-08,13.16,Expired,1619.6
9654,19,10,2024-04-05,36.07,Expired,8952.21
9655,19,24,2024-04-02,36.1,Preparation Error,8101.2
9656,19,64,2024-04-11,10.05,Spoilage,2347.28
9657,19,63,2024-04-11,9.12,Expired,2859.12
9658,19,41,2024-04-01,6.3,Expired,1706.73
9659,19,43,2024-04-04,5.13,Preparation Error,174.73
9660,19,17,2024-04-18,35.65,Spoilage,5544.29
9661,19,50,2024-04-12,12.53,Quality Issue,1007.91
9662,19,62,2024-04-22,13.02,Spoilage,1227.13
9663,19,26,2024-04-17,28.47,Overproduction,9707.7
9664,19,57,2024-04-12,27.51,Preparation Error,9227.95
9665,19,2,2024-04-15,23.09,Expired,4022.97
9666,19,34,2024-04-01,17.19,Spoilage,1485.56
9667,19,54,2024-04-08,7.47,Overproduction,1045.05
9668,19,15,2024-04-25,5.88,Spoilage,565.66
9669,19,8,2024-04-17,31.66,Expired,8703.65
9670,19,12,2024-04-14,3.74,Preparation Error,1276.16
9671,19,19,2024-04-18,30.31,Spoilage,3046.46
9672,19,11,2024-04-08,6.56,Quality Issue,993.05
9673,19,31,2024-04-21,18.57,Preparation Error,6178.24
9674,19,48,2024-04-03,5.76,Overproduction,357.29
9675,19,16,2024-04-20,33.88,Overproduction,9362.06
9676,19,61,2024-04-15,15.56,Preparation Error,418.88
9677,19,9,2024-04-11,14.55,Expired,2889.05
9678,19,23,2024-04-21,12.95,Quality Issue,2427.09
9679,19,44,2024-04-22,21.79,Spoilage,595.96
9680,19,30,2024-04-27,8.67,Expired,2121.29
9681,19,45,2024-05-25,16.81,Spoilage,3107.5
9682,19,42,2024-05-06,10.26,Expired,2143.72
9683,19,49,2024-05-04,22.72,Overproduction,2297.45
9684,19,33,2024-05-08,24.26,Spoilage,3324.11
9685,19,55,2024-05-18,18.21,Storage Issue,5874.18
9686,19,36,2024-05-18,23.0,Spoilage,2875.23
9687,19,38,2024-05-08,16.63,Storage Issue,3203.6
9688,19,12,2024-05-05,3.27,Quality Issue,302.28
9689,19,59,2024-05-23,5.94,Overproduction,1563.29
9690,19,7,2024-05-13,23.81,Quality Issue,4913.91
9691,19,15,2024-05-24,13.7,Quality Issue,2579.3
9692,19,22,2024-05-04,35.68,Spoilage,9604.34
9693,19,62,2024-05-07,19.0,Expired,1838.63
9694,19,61,2024-05-04,31.77,Spoilage,6581.16
9695,19,52,2024-05-22,34.81,Spoilage,4617.2
9696,19,40,2024-05-12,3.96,Expired,1161.78
9697,19,11,2024-05-06,7.43,Expired,982.17
9698,19,37,2024-05-03,14.69,Storage Issue,2426.2
9699,19,34,2024-05-12,32.36,Spoilage,7091.05
9700,19,27,2024-05-16,6.32,Expired,1598.64
9701,19,4,2024-05-10,10.02,Spoilage,230.66
9702,19,46,2024-05-11,34.18,Preparation Error,2269.89
9703,19,20,2024-05-02,14.66,Preparation Error,3409.04
9704,19,17,2024-05-02,28.38,Overproduction,712.91
9705,19,16,2024-05-25,8.82,Expired,2744.17
9706,19,50,2024-05-13,9.28,Expired,1963.37
9707,19,19,2024-05-16,34.72,Expired,3734.14
9708,19,21,2024-05-02,8.81,Quality Issue,767.62
9709,19,4,2024-06-18,8.5,Expired,2319.74
9710,19,15,2024-06-11,3.48,Preparation Error,623.09
9711,19,53,2024-06-26,30.61,Storage Issue,1734.67
9712,19,1,2024-06-28,7.3,Expired,217.17
9713,19,28,2024-06-19,28.76,Quality Issue,8139.37
9714,19,42,2024-06-14,3.56,Spoilage,413.6
9715,19,22,2024-06-02,4.33,Storage Issue,1202.66
9716,19,24,2024-06-22,15.66,Spoilage,722.08
9717,19,16,2024-06-25,26.0,Overproduction,4317.04
9718,19,45,2024-06-25,30.98,Storage Issue,4589.69
9719,19,43,2024-06-04,8.6,Spoilage,960.1
9720,19,49,2024-06-05,30.01,Overproduction,3620.41
9721,19,57,2024-06-17,14.57,Spoilage,4075.37
9722,19,62,2024-06-08,37.17,Expired,8184.09
9723,19,26,2024-06-02,21.1,Expired,3904.56
9724,19,2,2024-06-20,28.26,Spoilage,913.93
9725,19,39,2024-06-01,13.31,Storage Issue,4205.16
9726,19,64,2024-06-02,11.04,Expired,750.28
9727,19,13,2024-06-19,34.76,Overproduction,9550.31
9728,19,10,2024-06-15,25.11,Expired,1869.69
9729,19,30,2024-06-19,6.33,Spoilage,663.32
9730,19,36,2024-06-13,32.99,Overproduction,10580.22
9731,19,56,2024-06-13,24.98,Spoilage,671.96
9732,19,41,2024-06-06,36.39,Storage Issue,11478.5
9733,19,23,2024-06-03,7.71,Spoilage,2684.08
9734,19,19,2024-06-19,26.67,Overproduction,1028.4
9735,19,58,2024-06-12,5.75,Expired,1677.62
9736,19,63,2024-06-22,8.41,Expired,2891.11
9737,19,63,2024-07-17,36.52,Spoilage,7389.09
9738,19,24,2024-07-10,27.31,Expired,775.06
9739,19,4,2024-07-01,5.31,Expired,1682.9
9740,19,30,2024-07-04,16.13,Quality Issue,612.62
9741,19,22,2024-07-20,12.09,Preparation Error,661.81
9742,19,46,2024-07-24,8.09,Storage Issue,1677.22
9743,19,19,2024-07-04,22.45,overproduction,2863.72
9744,19,13,2024-07-10,7.84,Storage Issue,2220.99
9745,19,59,2024-07-27,34.19,Expired,5149.7
9746,19,28,2024-07-18,4.86,Preparation Error,1480.84
9747,19,61,2024-07-07,21.77,Preparation Error,3604.68
9748,19,47,2024-07-21,7.69,Storage Issue,2431.96
9749,19,38,2024-07-23,4.95,Quality Issue,511.88
9750,19,10,2024-07-18,5.95,Overproduction,929.75
9751,19,39,2024-07-22,24.61,Preparation Error,2557.96
9752,19,52,2024-07-26,3.95,Expired,638.4
9753,19,6,2024-07-25,9.23,Expired,2805.64
9754,19,44,2024-07-08,5.4,Expired,448.96
9755,19,49,2024-07-20,27.98,Preparation Error,7501.16
9756,19,58,2024-07-08,22.18,Expired,2502.57
9757,19,65,2024-07-10,33.44,Preparation Error,6094.77
9758,19,33,2024-07-01,186.62,Preparation Error,1155.44
9759,19,5,2024-07-01,5.95,Storage Issue,1747.99
9760,19,57,2024-07-01,21.01,Quality Issue,3574.22
9761,19,15,2024-07-25,28.81,Spoilage,9503.84
9762,19,40,2024-07-17,10.96,Expired,1843.47
9763,19,41,2024-07-08,25.71,Preparation Error,522.68
9764,19,42,2024-07-08,10.18,Preparation Error,2673.37
9765,19,2,2024-08-13,10.6,Spoilage,1306.77
9766,19,32,2024-08-15,25.69,Expired,7427.49
9767,19,10,2024-08-25,36.99,Quality Issue,11452.1
9768,19,38,2024-08-09,24.37,Expired,2969.97
9769,19,61,2024-08-07,18.09,Expired,4869.65
9770,19,8,2024-08-21,28.86,Overproduction,2481.38
9771,19,5,2024-08-08,32.17,Storage Issue,10858.02
9772,19,47,2024-08-27,3.39,Spoilage,213.67
9773,19,64,2024-08-15,10.02,Overproduction,626.25
9774,19,17,2024-08-17,21.42,Spoilage,1392.94
9775,19,46,2024-08-19,5.63,Spoilage,851.26
9776,19,25,2024-08-07,32.17,Storage Issue,8978.0
9777,19,53,2024-08-15,16.61,Spoilage,5748.39
9778,19,18,2024-08-10,28.98,Preparation Error,2249.43
9779,19,40,2024-08-18,5.04,Spoilage,609.39
9780,19,28,2024-08-13,13.94,Preparation Error,3430.63
9781,19,41,2024-08-16,22.72,Expired,3981.68
9782,19,54,2024-08-22,19.91,Preparation Error,5561.46
9783,19,55,2024-08-08,29.4,Spoilage,7337.06
9784,19,49,2024-08-28,25.59,Quality Issue,7118.63
9785,19,50,2024-08-12,31.6,Overproduction,10294.33
9786,19,63,2024-08-18,36.66,Expired,6416.97
9787,19,24,2024-08-09,16.74,Overproduction,4059.28
9788,19,3,2024-08-17,12.29,Expired,4039.72
9789,19,15,2024-08-01,12.81,Preparation Error,2260.32
9790,19,44,2024-08-26,32.45,Spoilage,6594.81
9791,19,23,2024-08-09,14.14,OVERPRODUCTION,2818.95
9792,19,35,2024-08-06,15.43,Overproduction,4804.13
9793,19,28,2024-09-28,10.82,storage issue,335.85
9794,19,20,2024-09-27,3.39,Quality Issue,278.32
9795,19,32,2024-09-24,14.17,Expired,2561.79
9796,19,5,2024-09-13,8.1,Spoilage,2273.91
9797,19,49,2024-09-16,25.42,Expired,6997.87
9798,19,44,2024-09-26,25.25,Preparation Error,589.34
9799,19,18,2024-09-02,9.93,Preparation Error,1871.9
9800,19,41,2024-09-01,21.29,Preparation Error,5900.52
9801,19,51,2024-09-26,23.97,Expired,5251.59
9802,19,27,2024-09-23,15.11,Overproduction,2571.12
9803,19,13,2024-09-10,13.47,Spoilage,4418.43
9804,19,35,2024-09-05,29.86,Preparation Error,6152.65
9805,19,48,2024-09-16,14.1,Overproduction,1900.68
9806,19,50,2024-09-25,17.24,Spoilage,5405.26
9807,19,58,2024-09-08,33.58,Preparation Error,1513.45
9808,19,1,2024-09-21,23.63,Expired,5125.82
9809,19,8,2024-09-24,32.56,Spoilage,8005.85
9810,19,57,2024-09-24,20.52,Overproduction,771.96
9811,19,62,2024-09-26,7.93,Overproduction,1957.44
9812,19,6,2024-09-16,2.81,Preparation Error,240.76
9813,19,3,2024-09-14,13.05,Storage Issue,3244.49
9814,19,42,2024-09-23,13.92,Overproduction,2676.96
9815,19,36,2024-09-19,34.18,Preparation Error,7405.1
9816,19,14,2024-09-07,26.56,Preparation Error,2205.81
9817,19,39,2024-09-25,23.59,Storage Issue,2649.86
9818,19,26,2024-09-17,34.53,Overproduction,2058.68
9819,19,23,2024-09-02,26.89,Expired,2742.24
9820,19,15,2024-09-17,35.11,Spoilage,5865.13
9821,19,53,2024-10-05,7.14,Preparation Error,332.58
9822,19,8,2024-10-25,11.06,Expired,1576.71
9823,19,43,2024-10-13,2.53,Spoilage,857.32
9824,19,11,2024-10-12,30.03,Spoilage,9459.45
9825,19,64,2024-10-04,22.04,Expired,3487.61
9826,19,55,2024-10-01,24.49,Preparation Error,4796.61
9827,19,63,2024-10-02,5.25,Expired,948.78
9828,19,36,2024-10-03,13.59,Spoilage,1611.77
9829,19,39,2024-10-09,9.51,Spoilage,2665.08
9830,19,38,2024-10-02,13.52,Expired,4400.9
9831,19,1,2024-10-12,33.0,Spoilage,3824.37
9832,19,17,2024-10-07,36.62,Preparation Error,8967.51
9833,19,6,2024-10-15,26.73,Preparation Error,9303.38
9834,19,60,2024-10-08,36.5,Expired,11125.2
9835,19,22,2024-10-22,12.61,Storage Issue,2839.77
9836,19,52,2024-10-15,2.6,Spoilage,610.92
9837,19,10,2024-10-25,6.45,Expired,693.63
9838,19,42,2024-10-15,18.56,Spoilage,4590.63
9839,19,21,2024-10-20,34.49,Expired,3371.74
9840,19,46,2024-10-04,13.08,Expired,435.43
9841,19,19,2024-10-05,5.59,Overproduction,683.21
9842,19,4,2024-10-16,28.9,Expired,9606.65
9843,19,3,2024-10-03,8.33,Expired,1750.63
9844,19,15,2024-10-24,14.56,Preparation Error,4959.28
9845,19,7,2024-10-25,30.69,QUALITY ISSUE,7399.36
9846,19,56,2024-10-24,20.23,Quality Issue,1558.72
9847,19,27,2024-10-24,36.93,Expired,11755.19
9848,19,20,2024-10-28,20.3,Overproduction,4278.23
9849,19,48,2024-11-01,21.99,Expired,836.28
9850,19,15,2024-11-08,21.32,Preparation Error,7288.03
9851,19,7,2024-11-14,24.16,Preparation Error,7890.17
9852,19,57,2024-11-13,7.79,Quality Issue,1446.84
9853,19,60,2024-11-04,34.38,Storage Issue,9957.48
9854,19,18,2024-11-14,36.56,Preparation Error,10727.44
9855,19,65,2024-11-20,16.0,Storage Issue,1533.12
9856,19,46,2024-11-24,30.88,Expired,3854.44
9857,19,28,2024-11-08,31.09,Expired,886.69
9858,19,21,2024-11-23,35.11,Spoilage,2736.82
9859,19,24,2024-11-17,5.97,Spoilage,1362.95
9860,19,23,2024-11-21,14.33,Quality Issue,922.57
9861,19,44,2024-11-23,13.46,Spoilage,4157.12
9862,19,32,2024-11-08,14.6,Expired,4658.86
9863,19,39,2024-11-16,36.78,Spoilage,5353.7
9864,19,41,2024-11-18,4.88,Spoilage,357.95
9865,19,25,2024-11-27,34.17,Storage Issue,11261.75
9866,19,30,2024-11-21,13.96,Overproduction,2767.01
9867,19,53,2024-11-10,13.68,Overproduction,2599.2
9868,19,37,2024-11-26,31.82,Preparation Error,3005.4
9869,19,29,2024-11-01,30.49,Quality Issue,8051.8
9870,19,20,2024-11-16,11.29,Expired,1507.89
9871,19,1,2024-11-04,7.78,Preparation Error,762.21
9872,19,43,2024-11-10,32.7,Overproduction,1294.92
9873,19,55,2024-11-07,31.62,Spoilage,738.33
9874,19,40,2024-11-27,18.83,Storage Issue,3740.01
9875,19,10,2024-11-23,31.17,Expired,1909.16
9876,19,52,2024-11-12,5.87,Spoilage,456.63
9877,19,35,2024-12-01,6.17,Spoilage,1175.82
9878,19,40,2024-12-11,18.51,Storage Issue,2231.75
9879,19,32,2024-12-17,18.09,Expired,4543.48
9880,19,42,2024-12-06,33.1,Expired,9700.62
9881,19,13,2024-12-08,10.83,Expired,3047.89
9882,19,1,2024-12-27,23.59,Expired,3743.03
9883,19,8,2024-12-19,16.04,Expired,523.39
9884,19,16,2024-12-27,24.13,Preparation Error,2310.69
9885,19,41,2024-12-16,33.26,Storage Issue,7983.73
9886,19,29,2024-12-15,6.98,Overproduction,1401.24
9887,19,6,2024-12-14,11.86,expired,2968.2
9888,19,51,2024-12-23,33.72,Storage Issue,972.15
9889,19,49,2024-12-22,34.0,Expired,2829.48
9890,19,56,2024-12-16,19.79,Expired,2117.53
9891,19,27,2024-12-13,4.39,SPOILAGE,1192.89
9892,19,38,2024-12-23,27.74,Spoilage,8386.91
9893,19,34,2024-12-12,15.42,Preparation Error,3529.33
9894,19,33,2024-12-27,8.48,Storage Issue,896.17
9895,19,10,2024-12-17,14.59,Spoilage,4891.88
9896,19,24,2024-12-12,9.6,Storage Issue,2209.25
9897,19,26,2024-12-07,29.56,Expired,6624.4
9898,19,9,2024-12-19,27.63,Overproduction,9585.68
9899,19,30,2024-12-24,7.79,Expired,1596.33
9900,19,58,2024-12-19,31.73,Spoilage,1694.06
9901,19,52,2024-12-15,24.11,Expired,5352.66
9902,19,44,2024-12-09,4.03,Expired,623.68
9903,19,39,2024-12-20,4.39,Expired,744.76
9904,19,18,2024-12-14,32.62,Expired,7893.06
9905,19,41,2025-01-06,23.17,Expired,5437.3
9906,19,3,2025-01-10,27.41,Expired,2558.72
9907,19,44,2025-01-13,16.82,Preparation Error,4936.33
9908,19,61,2025-01-12,27.64,Preparation Error,3679.99
9909,19,7,2025-01-27,10.5,Expired,557.13
9910,19,65,2025-01-21,14.23,Spoilage,1779.75
9911,19,38,2025-01-18,3.38,Storage Issue,196.48
9912,19,35,2025-01-15,36.5,Overproduction,7437.97
9913,19,28,2025-01-18,25.03,Expired,1077.79
9914,19,23,2025-01-03,29.63,Expired,2417.81
9915,19,51,2025-01-12,13.51,Overproduction,721.03
9916,19,12,2025-01-01,17.35,Expired,1390.26
9917,19,64,2025-01-14,26.15,Overproduction,8900.41
9918,19,4,2025-01-27,26.25,Preparation Error,1288.88
9919,19,33,2025-01-11,18.78,Preparation Error,4373.49
9920,19,52,2025-01-07,5.79,Overproduction,1443.39
9921,19,27,2025-01-26,28.62,Expired,8287.21
9922,19,20,2025-01-22,4.67,Overproduction,1578.37
9923,19,39,2025-01-21,20.05,Storage Issue,1005.71
9924,19,11,2025-01-15,3.41,Preparation Error,205.69
9925,19,9,2025-01-16,35.38,Expired,5964.36
9926,19,22,2025-01-25,18.5,Preparation Error,2880.08
9927,19,16,2025-01-10,34.69,Spoilage,6780.51
9928,19,57,2025-01-05,36.11,Expired,8447.93
9929,19,56,2025-01-03,10.24,Preparation Error,948.94
9930,19,48,2025-01-22,6.09,Quality Issue,1608.31
9931,19,63,2025-01-21,32.04,Spoilage,8141.36
9932,19,49,2025-01-10,4.92,Quality Issue,1708.52
9933,19,48,2025-02-24,19.39,Expired,4394.74
9934,19,60,2025-02-11,21.67,Expired,833.86
9935,19,16,2025-02-12,24.66,Storage Issue,3882.47
9936,19,36,2025-02-02,20.64,Expired,4829.14
9937,19,34,2025-02-07,24.02,Preparation Error,3141.1
9938,19,20,2025-02-21,27.38,Storage Issue,1606.38
9939,19,37,2025-02-25,9.67,Overproduction,1962.91
9940,19,62,2025-02-18,18.41,Expired,4503.45
9941,19,39,2025-02-24,26.08,Preparation Error,870.55
9942,19,25,2025-02-16,12.39,Preparation Error,715.03
9943,19,12,2025-02-18,28.14,Quality Issue,3931.72
9944,19,10,2025-02-07,17.71,Preparation Error,1372.53
9945,19,55,2025-02-11,2.97,Expired,545.77
9946,19,44,2025-02-21,24.03,Expired,5507.2
9947,19,33,2025-02-04,3.15,Preparation Error,169.47
9948,19,17,2025-02-09,4.98,Overproduction,967.66
9949,19,31,2025-02-05,22.28,Preparation Error,7004.39
9950,19,19,2025-02-14,10.18,Preparation Error,543.61
9951,19,28,2025-02-03,6.96,Spoilage,2319.0
9952,19,8,2025-02-23,5.22,Expired,613.51
9953,19,35,2025-02-13,25.61,Storage Issue,2199.13
9954,19,9,2025-02-25,35.93,Spoilage,6479.98
9955,19,23,2025-02-03,5.32,Spoilage,1284.67
9956,19,52,2025-02-13,9.73,Expired,701.44
9957,19,51,2025-02-23,24.32,Overproduction,6194.79
9958,19,42,2025-02-04,11.06,Spoilage,1155.33
9959,19,26,2025-02-09,16.52,Spoilage,5442.68
9960,19,54,2025-02-23,35.7,Overproduction,4835.21
9961,19,31,2025-03-20,19.52,Overproduction,727.71
9962,19,58,2025-03-24,37.29,Expired,12501.85
9963,19,22,2025-03-05,26.17,Quality Issue,3632.4
9964,19,14,2025-03-01,10.36,Expired,3434.96
9965,19,1,2025-03-19,7.84,Spoilage,1206.73
9966,19,33,2025-03-26,28.36,Overproduction,6183.9
9967,19,5,2025-03-16,5.06,Overproduction,1553.42
9968,19,8,2025-03-13,28.21,Preparation Error,2991.39
9969,19,3,2025-03-09,12.96,Spoilage,4202.28
9970,19,27,2025-03-03,26.85,Preparation Error,7062.89
9971,19,59,2025-03-20,36.65,Overproduction,2435.03
9972,19,13,2025-03-08,19.01,Spoilage,5676.58
9973,19,15,2025-03-27,29.82,Preparation Error,8841.63
9974,19,42,2025-03-14,23.43,Quality Issue,1882.83
9975,19,35,2025-03-08,31.15,Storage Issue,3395.66
9976,19,2,2025-03-15,5.98,Preparation Error,1725.65
9977,19,55,2025-03-14,28.07,Quality Issue,7153.64
9978,19,62,2025-03-23,21.32,Quality Issue,4537.54
9979,19,38,2025-03-22,5.26,Spoilage,784.32
9980,19,34,2025-03-19,20.09,Expired,4158.43
9981,19,28,2025-03-08,9.44,Expired,724.71
9982,19,46,2025-03-24,242.34,Expired,3361.95
9983,19,10,2025-03-22,28.85,expired,7808.83
9984,19,63,2025-03-13,33.38,Expired,4266.63
9985,19,39,2025-03-20,21.61,Preparation Error,5256.85
9986,19,51,2025-03-08,31.83,Expired,8387.2
9987,19,60,2025-03-01,10.4,Storage Issue,2967.12
9988,19,17,2025-03-25,5.93,Storage Issue,228.84
9989,19,51,2025-04-27,11.75,Expired,337.34
9990,19,35,2025-04-10,35.96,Preparation Error,9177.71
9991,19,3,2025-04-26,8.2,Preparation Error,1624.91
9992,19,6,2025-04-02,28.13,Spoilage,6098.3
9993,19,8,2025-04-07,37.01,Expired,5373.85
9994,19,43,2025-04-02,8.04,Spoilage,1223.53
9995,19,9,2025-04-02,23.36,Expired,5313.47
9996,19,17,2025-04-18,15.26,Spoilage,4246.1
9997,19,34,2025-04-08,226.24,Preparation Error,10509.49
9998,19,47,2025-04-14,14.78,Overproduction,4398.97
9999,19,52,2025-04-04,37.36,Preparation Error,7899.4
10000,19,33,2025-04-09,28.14,Spoilage,6350.64
10001,19,49,2025-04-09,22.34,Preparation Error,2262.37
10002,19,32,2025-04-01,17.76,Preparation Error,582.88
10003,19,38,2025-04-07,4.77,Expired,304.66
10004,19,22,2025-04-24,4.96,Overproduction,580.87
10005,19,26,2025-04-28,28.64,Expired,5120.55
10006,19,14,2025-04-17,30.35,Preparation Error,8381.76
10007,19,2,2025-04-06,31.89,Overproduction,4783.18
10008,19,13,2025-04-06,14.89,Overproduction,4908.64
10009,19,64,2025-04-16,7.17,Preparation Error,1651.18
10010,19,15,2025-04-27,28.37,Preparation Error,1824.47
10011,19,59,2025-04-03,12.23,Preparation Error,3508.18
10012,19,24,2025-04-15,20.79,Expired,816.63
10013,19,1,2025-04-01,26.89,Overproduction,5058.55
10014,19,10,2025-04-27,4.34,Expired,1475.82
10015,19,11,2025-04-09,35.35,Spoilage,4572.88
10016,19,21,2025-04-03,21.62,Quality Issue,3209.49
10017,19,33,2025-05-04,6.78,Quality Issue,2178.48
10018,19,4,2025-05-09,14.86,Expired,4600.8
10019,19,35,2025-05-23,8.42,Spoilage,2343.37
10020,19,15,2025-05-21,37.19,Preparation Error,10459.32
10021,19,32,2025-05-16,20.28,Quality Issue,6688.75
10022,19,44,2025-05-09,6.16,Overproduction,987.51
10023,19,43,2025-05-17,31.68,Overproduction,4442.8
10024,19,61,2025-05-03,12.6,Spoilage,3813.77
10025,19,12,2025-05-14,18.05,Overproduction,2983.48
10026,19,50,2025-05-08,36.29,Spoilage,11137.76
10027,19,5,2025-05-08,37.36,Expired,5714.59
10028,19,24,2025-05-23,32.74,Quality Issue,9127.58
10029,19,55,2025-05-23,20.96,Overproduction,6165.8
10030,19,57,2025-05-10,32.27,Overproduction,8057.5
10031,19,59,2025-05-12,16.45,Quality Issue,853.43
10032,19,48,2025-05-15,7.18,Preparation Error,1908.01
10033,19,40,2025-05-19,200.48,Storage Issue,7673.8
10034,19,18,2025-05-28,14.54,Expired,2620.84
10035,19,64,2025-05-09,31.6,Preparation Error,9299.88
10036,19,14,2025-05-02,29.98,Overproduction,8870.18
10037,19,38,2025-05-27,23.3,Preparation Error,2302.27
10038,19,37,2025-05-04,20.41,Storage Issue,4311.82
10039,19,52,2025-05-11,27.31,Preparation Error,8230.14
10040,19,56,2025-05-24,31.86,Expired,9204.67
10041,19,27,2025-05-01,2.91,Preparation Error,90.91
10042,19,23,2025-05-23,33.75,Overproduction,7089.52
10043,19,3,2025-05-25,13.83,Spoilage,311.04
10044,19,7,2025-05-02,29.12,Preparation Error,480.44
10045,19,6,2025-06-02,4.62,Storage Issue,189.97
10046,19,26,2025-06-02,6.95,Preparation Error,1105.74
10047,19,4,2025-06-15,17.23,Overproduction,1298.97
10048,19,1,2025-06-10,20.7,Storage Issue,3311.38
10049,19,35,2025-06-20,3.69,Storage Issue,352.87
10050,19,49,2025-06-17,14.75,Preparation Error,4471.76
10051,19,57,2025-06-26,31.44,Expired,2452.01
10052,19,27,2025-06-09,4.0,Storage Issue,1013.44
10053,19,37,2025-06-26,86.03,Quality Issue,1579.63
10054,19,44,2025-06-04,24.73,Quality Issue,1262.22
10055,19,19,2025-06-19,9.23,Quality Issue,2257.66
10056,19,54,2025-06-18,21.28,Expired,5118.05
10057,19,29,2025-06-10,33.26,Spoilage,8206.9
10058,19,41,2025-06-16,12.78,Overproduction,4440.54
10059,19,52,2025-06-03,2.97,Preparation Error,684.88
10060,19,63,2025-06-09,16.83,Overproduction,2176.12
10061,19,42,2025-06-05,26.71,Spoilage,2708.13
10062,19,46,2025-06-11,30.68,Spoilage,7797.02
10063,19,32,2025-06-21,8.22,Storage Issue,2105.14
10064,19,62,2025-06-14,33.07,Expired,7223.48
10065,19,65,2025-06-26,20.51,Quality Issue,5227.59
10066,19,7,2025-06-11,17.62,Quality Issue,2166.2
10067,19,40,2025-06-11,23.25,Storage Issue,2700.49
10068,19,21,2025-06-19,24.39,Preparation Error,3280.21
10069,19,39,2025-06-28,13.7,Expired,526.63
10070,19,43,2025-06-16,4.91,Spoilage,688.33
10071,19,45,2025-06-07,33.78,Preparation Error,5258.53
10072,19,56,2025-06-17,133.07,Storage Issue,5982.45
10073,19,9,2025-07-15,23.73,Overproduction,7468.54
10074,19,62,2025-07-06,24.62,Spoilage,5338.85
10075,19,15,2025-07-19,17.53,Expired,3889.38
10076,19,19,2025-07-08,13.18,Spoilage,2910.01
10077,19,51,2025-07-19,7.89,Quality Issue,1961.61
10078,19,27,2025-07-25,17.71,Spoilage,3641.53
10079,19,58,2025-07-03,36.69,Overproduction,8551.34
10080,19,28,2025-07-02,10.57,Spoilage,1780.09
10081,19,24,2025-07-22,26.65,Preparation Error,8482.69
10082,19,4,2025-07-28,17.65,Storage Issue,6020.06
10083,19,6,2025-07-24,34.35,Spoilage,2130.39
10084,19,32,2025-07-12,31.4,Expired,7163.6
10085,19,54,2025-07-06,20.06,Overproduction,5470.56
10086,19,12,2025-07-28,35.82,Spoilage,1451.78
10087,19,47,2025-07-02,2.52,Storage Issue,810.46
10088,19,42,2025-07-27,2.76,Expired,652.22
10089,19,61,2025-07-06,12.98,Expired,4234.98
10090,19,18,2025-07-18,32.01,Spoilage,9489.68
10091,19,22,2025-07-18,16.86,Overproduction,4726.87
10092,19,64,2025-07-07,22.32,Spoilage,5927.08
10093,19,41,2025-07-18,20.7,Storage Issue,1611.08
10094,19,52,2025-07-12,3.3,Spoilage,934.96
10095,19,1,2025-07-17,36.84,Expired,2502.91
10096,19,23,2025-07-27,8.37,Preparation Error,2507.07
10097,19,38,2025-07-21,13.53,Expired,1639.7
10098,19,36,2025-07-25,6.81,Spoilage,567.2
10099,19,46,2025-07-01,7.86,Preparation Error,1975.14
10100,19,7,2025-07-28,5.9,Overproduction,1370.45
10101,19,30,2025-08-25,15.95,Spoilage,3555.41
10102,19,48,2025-08-02,23.87,Overproduction,3853.81
10103,19,52,2025-08-18,34.68,Spoilage,9295.97
10104,19,27,2025-08-17,17.46,Overproduction,2190.18
10105,19,37,2025-08-10,24.16,Expired,1494.54
10106,19,7,2025-08-20,5.99,Spoilage,1407.83
10107,19,35,2025-08-26,35.43,Quality Issue,6878.03
10108,19,60,2025-08-17,9.46,Preparation Error,1029.72
10109,19,5,2025-08-21,33.75,Preparation Error,838.35
10110,19,22,2025-08-21,31.27,Expired,9356.3
10111,19,25,2025-08-07,7.48,Expired,1037.1
10112,19,6,2025-08-11,26.0,OVERPRODUCTION,7296.64
10113,19,63,2025-08-18,31.83,Overproduction,1901.52
10114,19,54,2025-08-18,33.22,Expired,6607.13
10115,19,39,2025-08-06,29.4,Expired,8830.58
10116,19,11,2025-08-04,5.79,Expired,1958.29
10117,19,38,2025-08-22,23.32,Expired,6741.35
10118,19,24,2025-08-19,4.02,Spoilage,266.73
10119,19,20,2025-08-22,30.68,Spoilage,3731.3
10120,19,29,2025-08-27,4.33,Expired,1462.37
10121,19,2,2025-08-15,32.64,Preparation Error,2687.58
10122,19,19,2025-08-14,36.27,Storage Issue,8034.53
10123,19,8,2025-08-17,3.57,Preparation Error,828.31
10124,19,44,2025-08-08,34.08,Spoilage,7417.17
10125,19,56,2025-08-22,5.15,Expired,1524.97
10126,19,4,2025-08-05,28.76,Storage Issue,3356.58
10127,19,64,2025-08-17,8.24,Overproduction,2835.71
10128,19,50,2025-08-19,5.78,Spoilage,1044.16
10129,19,7,2025-09-03,36.79,Expired,1772.54
10130,19,15,2025-09-01,31.97,Expired,10198.75
10131,19,31,2025-09-23,4.19,Spoilage,1082.7
10132,19,52,2025-09-03,13.09,Spoilage,1125.22
10133,19,23,2025-09-19,13.24,Preparation Error,450.42
10134,19,62,2025-09-18,9.37,Quality Issue,1150.73
10135,19,2,2025-09-28,33.87,Preparation Error,6146.05
10136,19,11,2025-09-03,19.21,Expired,1375.05
10137,19,34,2025-09-09,16.85,Overproduction,1737.74
10138,19,12,2025-09-28,8.79,Expired,878.3
10139,19,1,2025-09-10,28.88,Quality Issue,8107.77
10140,19,48,2025-09-08,32.72,Spoilage,2743.57
10141,19,6,2025-09-25,19.5,Quality Issue,5956.86
10142,19,51,2025-09-14,15.18,Preparation Error,1402.02
10143,19,29,2025-09-25,2.56,Expired,190.18
10144,19,63,2025-09-21,23.42,Expired,3898.96
10145,19,32,2025-09-20,19.24,Expired,1040.69
10146,19,8,2025-09-11,35.44,Storage Issue,1551.21
10147,19,38,2025-09-02,6.43,Expired,1269.67
10148,19,45,2025-09-16,14.42,Expired,3345.3
10149,19,25,2025-09-20,22.71,Storage Issue,7388.02
10150,19,3,2025-09-27,3.25,Spoilage,508.07
10151,19,65,2025-09-28,11.65,Overproduction,1845.01
10152,19,55,2025-09-14,35.91,Expired,6045.09
10153,19,21,2025-09-05,21.99,Spoilage,4012.08
10154,19,64,2025-09-20,17.85,Overproduction,1237.72
10155,19,19,2025-09-05,29.35,Expired,8158.13
10156,19,30,2025-09-25,28.26,Expired,8715.95
10157,19,16,2025-10-25,22.78,Storage Issue,7120.34
10158,19,6,2025-10-04,30.91,Preparation Error,2183.17
10159,19,3,2025-10-07,29.07,Expired,5248.3
10160,19,2,2025-10-22,5.93,Storage Issue,143.86
10161,19,18,2025-10-21,21.13,Spoilage,5361.74
10162,19,33,2025-10-19,5.88,Spoilage,1109.85
10163,19,15,2025-10-07,32.63,Spoilage,5098.44
10164,19,46,2025-10-20,6.61,Expired,1770.62
10165,19,57,2025-10-04,34.87,Quality Issue,6918.91
10166,19,40,2025-10-26,34.45,Storage Issue,10130.71
10167,19,62,2025-10-17,10.46,Expired,3102.44
10168,19,63,2025-10-24,7.06,Quality Issue,1658.82
10169,19,17,2025-10-28,23.73,Quality Issue,3057.61
10170,19,20,2025-10-03,16.14,Expired,1467.77
10171,19,36,2025-10-09,124.32,Expired,4729.84
10172,19,65,2025-10-14,19.89,Storage Issue,1906.06
10173,19,47,2025-10-28,24.13,Preparation Error,4750.47
10174,19,35,2025-10-25,33.58,Spoilage,6950.05
10175,19,64,2025-10-04,35.05,Quality Issue,4496.91
10176,19,41,2025-10-10,36.59,Expired,5806.83
10177,19,45,2025-10-07,4.95,Preparation Error,1127.86
10178,19,5,2025-10-22,6.19,Spoilage,1365.58
10179,19,14,2025-10-01,28.76,Expired,8138.22
10180,19,52,2025-10-04,10.09,Expired,2926.1
10181,19,56,2025-10-14,15.2,Expired,1321.34
10182,19,12,2025-10-25,34.56,Spoilage,5464.63
10183,19,32,2025-10-12,22.74,Overproduction,1232.28
10184,19,59,2025-10-09,3.79,Preparation Error,911.87
10185,19,48,2025-11-01,5.25,Preparation Error,1620.62
10186,19,47,2025-11-01,31.57,Preparation Error,6629.38
10187,19,7,2025-11-15,22.79,Expired,4981.67
10188,19,56,2025-11-14,5.45,Overproduction,663.59
10189,19,50,2025-11-10,22.98,Spoilage,932.53
10190,19,18,2025-11-24,19.82,Expired,3551.74
10191,19,4,2025-11-16,31.68,Overproduction,10469.92
10192,19,17,2025-11-25,18.97,Expired,4137.55
10193,19,64,2025-11-19,33.99,Expired,9084.51
10194,19,63,2025-11-12,29.35,Quality Issue,4283.63
10195,19,3,2025-11-11,36.32,Overproduction,3785.63
10196,19,52,2025-11-19,17.23,Expired,2225.77
10197,19,19,2025-11-15,23.27,Expired,2219.49
10198,19,40,2025-11-03,6.19,Spoilage,1442.64
10199,19,22,2025-11-21,6.16,Overproduction,1502.18
10200,19,44,2025-11-06,6.42,Storage Issue,192.66
10201,19,12,2025-11-27,11.72,Spoilage,3543.66
10202,19,42,2025-11-04,30.2,Quality Issue,9973.55
10203,19,53,2025-11-15,37.12,Quality Issue,1165.57
10204,19,65,2025-11-16,28.76,Expired,8556.68
10205,19,30,2025-11-16,21.72,Preparation Error,5290.77
10206,19,9,2025-11-20,12.64,Expired,3470.94
10207,19,33,2025-11-12,12.05,Quality Issue,1876.55
10208,19,27,2025-11-20,3.09,Expired,274.79
10209,19,49,2025-11-08,27.53,Spoilage,7216.44
10210,19,25,2025-11-28,15.84,Preparation Error,1061.12
10211,19,16,2025-11-12,16.86,Overproduction,3040.53
10212,19,41,2025-11-20,35.27,Expired,9010.43
10213,19,14,2025-12-24,21.42,Expired,2004.7
10214,19,29,2025-12-12,22.78,Overproduction,6694.59
10215,19,36,2025-12-08,13.3,Spoilage,4282.6
10216,19,2,2025-12-27,11.17,Storage Issue,1564.69
10217,19,42,2025-12-04,24.8,Spoilage,6462.63
10218,19,40,2025-12-14,6.45,Preparation Error,842.82
10219,19,15,2025-12-22,22.25,Expired,5219.85
10220,19,62,2025-12-08,30.83,Spoilage,4315.28
10221,19,30,2025-12-13,20.3,Expired,3197.45
10222,19,34,2025-12-10,32.87,Preparation Error,10977.59
10223,19,23,2025-12-06,5.34,Overproduction,1749.92
10224,19,35,2025-12-10,7.79,Spoilage,958.48
10225,19,39,2025-12-21,16.35,Preparation Error,2221.15
10226,19,6,2025-12-03,33.17,Overproduction,10020.66
10227,19,53,2025-12-22,2.76,Spoilage,198.64
10228,19,27,2025-12-26,16.17,Quality Issue,2210.44
10229,19,37,2025-12-16,14.86,Overproduction,1504.43
10230,19,61,2025-12-27,18.05,Expired,2227.01
10231,19,38,2025-12-07,13.7,Preparation Error,4535.11
10232,19,54,2025-12-20,16.51,Expired,580.99
10233,19,20,2025-12-20,13.77,Storage Issue,3421.02
10234,19,16,2025-12-07,35.62,Quality Issue,6772.43
10235,19,11,2025-12-12,17.35,Spoilage,5453.45
10236,19,1,2025-12-09,16.88,Spoilage,574.93
10237,19,43,2025-12-12,9.19,Storage Issue,2939.79
10238,19,32,2025-12-17,3.09,Spoilage,69.4
10239,19,28,2025-12-24,30.11,Preparation Error,5472.19
10240,19,47,2025-12-15,6.52,Storage Issue,2003.66
10241,19,1,2026-01-08,30.13,Spoilage,4406.21
10242,19,13,2026-01-11,5.74,Overproduction,546.68
10243,19,25,2026-01-20,4.08,Overproduction,264.87
10244,19,39,2026-01-07,4.89,Expired,1660.84
10245,19,47,2026-01-23,33.7,Expired,9943.52
10246,19,35,2026-01-23,5.87,Overproduction,2021.98
10247,19,28,2026-01-09,160.44,Preparation Error,7408.89
10248,19,63,2026-01-09,34.71,Overproduction,7788.58
10249,19,58,2026-01-04,33.4,Expired,1951.9
10250,19,8,2026-01-23,30.89,Spoilage,3394.19
10251,19,59,2026-01-17,18.13,Spoilage,1498.63
10252,19,24,2026-01-26,16.97,Spoilage,5776.25
10253,19,53,2026-01-28,3.63,Expired,672.57
10254,19,29,2026-01-26,12.07,Expired,1166.93
10255,19,52,2026-01-18,24.52,spoilage,549.74
10256,19,12,2026-01-13,14.18,Spoilage,1090.87
10257,19,5,2026-01-25,25.98,Overproduction,4402.31
10258,19,9,2026-01-26,17.23,Expired,1830.0
10259,19,33,2026-01-08,5.32,Expired,131.51
10260,19,51,2026-01-07,6.45,Expired,1717.31
10261,19,56,2026-01-18,32.18,Storage Issue,2512.94
10262,19,2,2026-01-15,25.3,Expired,774.43
10263,19,57,2026-01-20,25.77,Expired,7074.12
10264,19,46,2026-01-16,36.44,Expired,2298.64
10265,19,4,2026-01-24,24.03,Spoilage,5294.05
10266,19,50,2026-01-07,32.26,Preparation Error,4819.0
10267,19,21,2026-01-23,2.86,Expired,701.62
10268,19,26,2026-01-01,22.34,Spoilage,1687.79
10269,19,37,2026-02-07,34.58,Quality Issue,11707.4
10270,19,55,2026-02-21,25.38,Storage Issue,7562.73
10271,19,65,2026-02-15,24.6,Preparation Error,3606.11
10272,19,34,2026-02-16,25.13,Expired,8514.3
10273,19,14,2026-02-15,2.71,Expired,584.52
10274,19,12,2026-02-15,25.01,Storage Issue,7130.6
10275,19,33,2026-02-17,3.83,Preparation Error,900.39
10276,19,25,2026-02-05,24.77,Spoilage,1758.92
10277,19,6,2026-02-24,3.42,Expired,379.04
10278,19,43,2026-02-02,33.77,Quality Issue,1717.2
10279,19,47,2026-02-03,20.91,Spoilage,2487.24
10280,19,64,2026-02-10,29.58,Quality Issue,6372.12
10281,19,16,2026-02-03,19.12,Preparation Error,2008.36
10282,19,61,2026-02-08,17.88,Storage Issue,5138.0
10283,19,8,2026-02-10,10.42,Spoilage,1476.72
10284,19,2,2026-02-16,36.86,Spoilage,12620.13
10285,19,23,2026-02-11,34.18,Expired,10564.7
10286,19,18,2026-02-01,10.54,Spoilage,1714.54
10287,19,36,2026-02-13,25.05,Expired,1507.76
10288,19,40,2026-02-06,18.5,Expired,1343.47
10289,19,32,2026-02-09,14.14,Storage Issue,3392.33
10290,19,26,2026-02-05,17.35,Overproduction,5602.32
10291,19,3,2026-02-08,20.62,Spoilage,1114.72
10292,19,30,2026-02-16,31.03,Spoilage,4461.49
10293,19,15,2026-02-13,34.95,Overproduction,1603.16
10294,19,17,2026-02-17,36.45,Expired,1223.63
10295,19,24,2026-02-26,9.38,Storage Issue,1770.85
10296,19,41,2026-02-13,12.18,Overproduction,1581.09
10297,19,2,2026-03-04,19.4,Quality Issue,3876.9
10298,19,29,2026-03-02,31.82,Storage Issue,919.6
10299,19,61,2026-03-13,5.06,Spoilage,337.86
10300,19,33,2026-03-02,24.62,Overproduction,8024.4
10301,19,14,2026-03-08,9.37,Overproduction,1127.96
10302,19,15,2026-03-15,13.59,Spoilage,564.53
10303,19,34,2026-03-28,3.32,Storage Issue,1087.8
10304,19,9,2026-03-18,9.35,Spoilage,1249.72
10305,19,39,2026-03-20,37.31,Expired,7356.41
10306,19,41,2026-03-20,24.67,Preparation Error,1699.76
10307,19,62,2026-03-16,9.98,Preparation Error,2938.41
10308,19,12,2026-03-14,4.6,Preparation Error,452.27
10309,19,36,2026-03-10,17.41,Spoilage,862.84
10310,19,27,2026-03-05,31.04,Storage Issue,6475.25
10311,19,55,2026-03-02,32.91,Expired,10922.83
10312,19,6,2026-03-07,17.59,Overproduction,3264.18
10313,19,43,2026-03-25,26.7,Storage Issue,5756.52
10314,19,64,2026-03-04,17.6,Overproduction,3678.22
10315,19,31,2026-03-22,8.08,Overproduction,1648.08
10316,19,35,2026-03-10,19.0,Overproduction,2845.06
10317,19,26,2026-03-26,18.8,Preparation Error,5687.75
10318,19,17,2026-03-28,36.79,Expired,5530.64
10319,19,40,2026-03-02,35.29,Preparation Error,2923.42
10320,19,63,2026-03-24,21.81,Preparation Error,6667.97
10321,19,4,2026-03-28,23.27,Storage Issue,3311.09
10322,19,51,2026-03-06,35.26,Preparation Error,8940.88
10323,19,24,2026-03-06,12.99,Expired,3038.1
10324,19,18,2026-03-13,32.24,Storage Issue,5767.41
10325,19,15,2026-04-12,31.28,Preparation Error,1325.96
10326,19,14,2026-04-18,3.62,Expired,76.82
10327,19,17,2026-04-05,13.44,Expired,4174.87
10328,19,27,2026-04-08,29.62,Expired,8696.73
10329,19,57,2026-04-28,14.34,Quality Issue,1750.77
10330,19,40,2026-04-18,7.56,Quality Issue,2314.04
10331,19,6,2026-04-18,17.11,Overproduction,2763.78
10332,19,4,2026-04-02,19.99,Storage Issue,5325.14
10333,19,16,2026-04-08,14.02,Expired,4168.29
10334,19,54,2026-04-03,28.6,Overproduction,2316.31
10335,19,2,2026-04-27,31.96,Spoilage,10339.38
10336,19,44,2026-04-21,21.37,Preparation Error,3959.22
10337,19,25,2026-04-07,28.19,Expired,4986.53
10338,19,60,2026-04-24,36.02,Spoilage,1960.57
10339,19,59,2026-04-28,27.49,Spoilage,2392.18
10340,19,26,2026-04-01,7.47,Storage Issue,1450.15
10341,19,64,2026-04-19,17.13,Expired,5447.68
10342,19,56,2026-04-08,15.57,Preparation Error,2613.89
10343,19,5,2026-04-08,32.73,Quality Issue,5653.13
10344,19,12,2026-04-25,14.54,Expired,699.23
10345,19,55,2026-04-01,16.16,Preparation Error,2090.62
10346,19,31,2026-04-26,27.28,Expired,4634.33
10347,19,53,2026-04-16,28.21,Expired,9867.58
10348,19,11,2026-04-02,34.15,Overproduction,823.7
10349,19,7,2026-04-21,31.48,Overproduction,973.68
10350,19,38,2026-04-01,17.01,Spoilage,1500.28
10351,19,45,2026-04-27,10.66,Spoilage,2054.5
10352,19,61,2026-04-12,34.22,Overproduction,4046.17
10353,19,62,2026-05-17,21.4,Preparation Error,2040.28
10354,19,51,2026-05-12,5.86,Expired,307.18
10355,19,8,2026-05-25,18.1,Spoilage,3605.16
10356,19,3,2026-05-25,25.36,EXPIRED,1723.72
10357,19,60,2026-05-17,30.77,Overproduction,3892.1
10358,19,65,2026-05-21,13.17,Expired,4175.42
10359,19,15,2026-05-17,26.62,Preparation Error,715.28
10360,19,43,2026-05-21,32.32,Expired,834.83
10361,19,63,2026-05-14,36.57,Spoilage,11033.53
10362,19,25,2026-05-23,6.46,Preparation Error,1980.7
10363,19,45,2026-05-09,36.72,Spoilage,3978.98
10364,19,10,2026-05-04,31.99,Overproduction,9128.35
10365,19,7,2026-05-24,9.32,Spoilage,2206.51
10366,19,59,2026-05-15,35.32,Preparation Error,11543.28
10367,19,41,2026-05-19,24.08,Preparation Error,8403.44
10368,19,14,2026-05-25,26.6,Quality Issue,8647.39
10369,19,18,2026-05-19,34.65,Preparation Error,7345.45
10370,19,20,2026-05-03,22.26,Spoilage,2746.44
10371,19,5,2026-05-24,2.86,Expired,333.08
10372,19,24,2026-05-12,6.65,Expired,2036.63
10373,19,29,2026-05-02,14.41,Spoilage,1603.26
10374,19,6,2026-05-01,36.27,Spoilage,8732.0
10375,19,34,2026-05-05,35.16,Preparation Error,4708.98
10376,19,57,2026-05-07,149.24,Expired,4401.51
10377,19,56,2026-05-17,12.68,Quality Issue,2072.8
10378,19,54,2026-05-24,31.34,Preparation Error,6097.82
10379,19,35,2026-05-16,28.14,Storage Issue,4747.78
10380,19,30,2026-05-26,2.94,Expired,747.0
10381,19,63,2026-06-15,36.41,Overproduction,1303.84
10382,19,28,2026-06-22,25.25,Quality Issue,7585.1
10383,19,3,2026-06-11,13.23,Preparation Error,3831.14
10384,19,1,2026-06-13,26.82,Quality Issue,3010.81
10385,19,25,2026-06-05,30.37,Preparation Error,3271.15
10386,19,48,2026-06-22,4.21,Spoilage,687.7
10387,19,43,2026-06-03,19.18,Quality Issue,518.44
10388,19,60,2026-06-20,16.74,Expired,1661.95
10389,19,36,2026-06-06,28.79,Spoilage,8820.68
10390,19,16,2026-06-19,32.15,Expired,8887.55
10391,19,56,2026-06-07,12.52,Expired,1421.02
10392,19,61,2026-06-03,17.9,Expired,4277.56
10393,19,59,2026-06-24,7.47,Preparation Error,1233.22
10394,19,42,2026-06-11,30.46,Spoilage,8035.35
10395,19,40,2026-06-23,19.81,Overproduction,3029.94
10396,19,17,2026-06-09,27.65,Overproduction,5599.4
10397,19,55,2026-06-18,28.08,Expired,4814.88
10398,19,33,2026-06-18,24.75,Expired,5049.49
10399,19,6,2026-06-02,19.71,Spoilage,639.39
10400,19,39,2026-06-09,22.05,Expired,6016.78
10401,19,37,2026-06-15,28.51,Preparation Error,9153.14
10402,19,41,2026-06-27,34.97,Spoilage,4012.11
10403,19,21,2026-06-14,9.86,Expired,413.73
10404,19,9,2026-06-03,24.45,Storage Issue,2307.84
10405,19,12,2026-06-05,11.4,Overproduction,1094.17
10406,19,20,2026-06-24,30.11,Expired,4776.35
10407,19,8,2026-06-17,12.98,Preparation Error,1722.97
10408,19,5,2026-06-02,20.18,Spoilage,6599.47
10409,19,46,2026-07-10,4.78,Spoilage,228.87
10410,19,23,2026-07-06,20.07,Storage Issue,6782.46
10411,19,3,2026-07-24,33.01,Overproduction,8219.49
10412,19,48,2026-07-02,24.28,Spoilage,5626.16
10413,19,65,2026-07-05,34.29,Expired,3454.37
10414,19,41,2026-07-28,24.36,Expired,2317.37
10415,19,26,2026-07-19,33.85,Spoilage,5684.43
10416,19,51,2026-07-17,36.36,Expired,7018.93
10417,19,56,2026-07-27,25.79,Spoilage,4915.32
10418,19,58,2026-07-20,34.07,Storage Issue,979.17
10419,19,10,2026-07-22,21.21,Preparation Error,933.88
10420,19,34,2026-07-27,25.52,Spoilage,663.01
10421,19,49,2026-07-05,7.4,Storage Issue,1095.64
10422,19,36,2026-07-22,10.9,Expired,1074.19
10423,19,17,2026-07-07,26.21,Expired,3349.9
10424,19,16,2026-07-28,7.36,Overproduction,340.47
10425,19,40,2026-07-24,11.62,Expired,3289.74
10426,19,52,2026-07-17,9.38,Expired,2353.63
10427,19,1,2026-07-09,30.0,Overproduction,9652.2
10428,19,63,2026-07-15,22.84,Preparation Error,7369.78
10429,19,54,2026-07-01,19.73,Preparation Error,4421.3
10430,19,19,2026-07-14,15.23,Spoilage,1304.45
10431,19,32,2026-07-09,12.93,Preparation Error,4245.57
10432,19,12,2026-07-08,22.23,Overproduction,2802.98
10433,19,13,2026-07-09,29.72,Spoilage,3852.6
10434,19,5,2026-07-27,18.44,Preparation Error,1935.65
10435,19,57,2026-07-28,5.13,Expired,1346.06
10436,19,27,2026-07-28,20.46,Preparation Error,449.51
10437,19,30,2026-08-26,22.23,Expired,1075.27
10438,19,39,2026-08-19,16.02,Expired,3970.08
10439,19,41,2026-08-13,3.63,Preparation Error,758.09
10440,19,57,2026-08-25,14.96,Expired,2674.4
10441,19,49,2026-08-21,3.83,Expired,557.8
10442,19,25,2026-08-26,22.23,Quality Issue,1730.61
10443,19,58,2026-08-06,26.83,Spoilage,4114.11
10444,19,23,2026-08-02,11.86,Quality Issue,2132.19
10445,19,12,2026-08-09,21.42,Spoilage,5483.31
10446,19,3,2026-08-13,9.16,Spoilage,2130.71
10447,19,50,2026-08-21,33.86,Expired,11783.96
10448,19,4,2026-08-06,8.56,Storage Issue,2668.24
10449,19,44,2026-08-01,20.86,Quality Issue,809.79
10450,19,6,2026-08-01,9.48,Expired,622.08
10451,19,22,2026-08-10,29.27,Preparation Error,4482.99
10452,19,60,2026-08-28,31.93,Expired,9036.83
10453,19,35,2026-08-16,21.12,Spoilage,591.78
10454,19,45,2026-08-10,30.95,Overproduction,7856.66
10455,19,8,2026-08-02,7.55,Preparation Error,1043.71
10456,19,18,2026-08-13,35.57,Preparation Error,5915.29
10457,19,11,2026-08-09,29.16,Expired,6469.44
10458,19,32,2026-08-05,12.59,Expired,3050.93
10459,19,28,2026-08-12,28.91,Storage Issue,3385.65
10460,19,14,2026-08-08,25.8,Overproduction,3173.4
10461,19,34,2026-08-17,17.67,Spoilage,5043.37
10462,19,55,2026-08-23,19.69,Expired,4587.57
10463,19,37,2026-08-24,3.4,Storage Issue,115.67
10464,19,40,2026-08-26,9.7,Spoilage,401.39
10465,20,12,2024-01-25,5.71,Quality Issue,200.65
10466,20,29,2024-01-06,14.14,Storage Issue,3271.71
10467,20,16,2024-01-11,4.81,Spoilage,986.96
10468,20,15,2024-01-22,3.99,Storage Issue,1249.99
10469,20,42,2024-01-14,3.82,Expired,1058.83
10470,20,26,2024-01-28,13.86,Overproduction,1405.54
10471,20,31,2024-01-02,10.01,Preparation Error,1365.96
10472,20,57,2024-01-24,6.16,Storage Issue,492.06
10473,20,45,2024-01-06,7.3,Spoilage,1882.31
10474,20,10,2024-01-10,7.2,Preparation Error,166.32
10475,20,30,2024-01-01,13.15,Expired,4562.0
10476,20,27,2024-01-23,3.79,Expired,1253.92
10477,20,52,2024-02-03,1.13,Overproduction,229.46
10478,20,1,2024-02-18,11.58,Expired,1399.44
10479,20,64,2024-02-08,4.02,Quality Issue,1055.29
10480,20,27,2024-02-22,5.92,Storage Issue,1478.64
10481,20,37,2024-02-20,1.74,Expired,417.43
10482,20,6,2024-02-22,5.55,Quality Issue,1395.6
10483,20,35,2024-02-28,4.22,Expired,1017.57
10484,20,21,2024-02-10,7.55,Storage Issue,1147.52
10485,20,47,2024-02-20,9.38,Storage Issue,2132.82
10486,20,2,2024-02-19,5.87,Overproduction,1482.17
10487,20,9,2024-02-09,11.77,Expired,1751.49
10488,20,8,2024-02-17,7.33,Expired,875.06
10489,20,62,2024-03-15,6.51,Overproduction,2125.58
10490,20,53,2024-03-13,7.44,Expired,1200.3
10491,20,28,2024-03-27,8.38,Quality Issue,1487.7
10492,20,33,2024-03-08,7.5,Preparation Error,1453.88
10493,20,15,2024-03-24,11.97,Overproduction,3601.05
10494,20,50,2024-03-13,10.43,Overproduction,326.35
10495,20,9,2024-03-08,11.29,Expired,715.9
10496,20,25,2024-03-16,6.01,OVERPRODUCTION,789.29
10497,20,20,2024-03-16,8.94,Quality Issue,2260.12
10498,20,19,2024-03-21,14.1,Overproduction,3098.19
10499,20,24,2024-03-16,2.17,Storage Issue,120.0
10500,20,13,2024-03-16,3.89,Spoilage,492.05
10501,20,19,2024-04-12,9.84,Quality Issue,541.4
10502,20,46,2024-04-07,3.78,Quality Issue,271.29
10503,20,37,2024-04-18,12.17,Overproduction,3842.8
10504,20,2,2024-04-12,7.78,Overproduction,1214.15
10505,20,57,2024-04-17,1.16,Storage Issue,36.89
10506,20,55,2024-04-25,12.89,Spoilage,3705.23
10507,20,62,2024-04-05,9.27,Overproduction,2595.14
10508,20,20,2024-04-03,5.03,Preparation Error,809.48
10509,20,39,2024-04-26,4.4,Preparation Error,1200.8
10510,20,41,2024-04-22,4.8,Expired,1259.23
10511,20,47,2024-04-21,2.72,SPOILAGE,502.33
10512,20,51,2024-04-04,6.87,Spoilage,1436.59
10513,20,39,2024-05-14,7.91,Overproduction,1585.88
10514,20,24,2024-05-08,4.04,Quality Issue,1181.86
10515,20,61,2024-05-28,8.61,Expired,204.23
10516,20,52,2024-05-07,12.29,Spoilage,2343.83
10517,20,48,2024-05-12,1.59,Spoilage,434.12
10518,20,23,2024-05-20,6.24,Quality Issue,2132.64
10519,20,57,2024-05-18,7.49,Expired,1193.76
10520,20,4,2024-05-07,3.04,Expired,758.02
10521,20,25,2024-05-21,2.52,Storage Issue,831.35
10522,20,38,2024-05-11,8.28,Storage Issue,2243.88
10523,20,55,2024-05-21,11.84,Expired,374.5
10524,20,32,2024-05-22,5.89,Spoilage,596.89
10525,20,57,2024-06-15,11.13,Storage Issue,2236.46
10526,20,49,2024-06-21,9.05,Storage Issue,654.22
10527,20,59,2024-06-02,2.42,Quality Issue,243.69
10528,20,28,2024-06-17,4.67,Preparation Error,1059.86
10529,20,14,2024-06-04,4.39,Preparation Error,1507.48
10530,20,40,2024-06-10,4.71,Overproduction,1100.11
10531,20,19,2024-06-01,6.35,Expired,753.17
10532,20,6,2024-06-16,6.59,Quality Issue,1269.04
10533,20,16,2024-06-19,14.8,Overproduction,458.06
10534,20,23,2024-06-27,9.6,Overproduction,1890.05
10535,20,4,2024-06-23,5.84,Expired,539.67
10536,20,38,2024-06-24,2.12,Expired,651.94
10537,20,16,2024-07-12,11.78,Preparation Error,301.57
10538,20,49,2024-07-14,9.08,Spoilage,2750.7
10539,20,55,2024-07-07,4.22,Expired,753.95
10540,20,21,2024-07-15,13.5,Storage Issue,3510.27
10541,20,4,2024-07-10,2.05,Storage Issue,145.88
10542,20,30,2024-07-20,4.44,Overproduction,1413.3
10543,20,60,2024-07-03,5.59,Overproduction,515.01
10544,20,34,2024-07-16,11.98,Storage Issue,1961.01
10545,20,63,2024-07-26,7.98,Preparation Error,875.73
10546,20,22,2024-07-22,1.52,Expired,235.45
10547,20,27,2024-07-26,5.6,Preparation Error,1513.62
10548,20,54,2024-07-22,4.58,Expired,1370.24
10549,20,22,2024-08-24,12.76,Expired,2179.92
10550,20,17,2024-08-16,6.84,Quality Issue,954.73
10551,20,51,2024-08-07,5.72,Expired,358.7
10552,20,18,2024-08-06,6.05,Quality Issue,598.28
10553,20,6,2024-08-02,4.79,Quality Issue,1465.64
10554,20,54,2024-08-12,2.99,Quality Issue,152.31
10555,20,14,2024-08-06,5.76,Spoilage,988.93
10556,20,45,2024-08-03,5.33,Quality Issue,901.78
10557,20,34,2024-08-18,1.1,Expired,182.73
10558,20,29,2024-08-19,2.4,Quality Issue,664.1
10559,20,40,2024-08-18,12.38,Preparation Error,1006.12
10560,20,37,2024-08-18,6.04,Expired,2045.14
10561,20,3,2024-09-13,3.29,Overproduction,792.17
10562,20,13,2024-09-23,11.08,Storage Issue,716.65
10563,20,33,2024-09-14,12.42,Overproduction,3529.89
10564,20,40,2024-09-18,6.65,Expired,2255.02
10565,20,61,2024-09-21,9.38,Quality Issue,2551.64
10566,20,46,2024-09-01,4.46,Overproduction,180.9
10567,20,43,2024-09-17,11.61,Overproduction,2544.22
10568,20,16,2024-09-17,1.19,Expired,147.48
10569,20,32,2024-09-28,9.93,Storage Issue,3092.9
10570,20,36,2024-09-19,10.66,Quality Issue,1672.23
10571,20,48,2024-09-12,10.68,Expired,3549.5
10572,20,39,2024-09-06,14.11,Expired,1468.29
10573,20,6,2024-10-20,11.8,Quality Issue,2109.49
10574,20,62,2024-10-06,5.22,Quality Issue,1011.01
10575,20,5,2024-10-14,2.93,Storage Issue,747.97
10576,20,30,2024-10-08,12.42,Storage Issue,3642.16
10577,20,18,2024-10-16,13.74,Expired,3926.62
10578,20,63,2024-10-10,7.3,Expired,2012.39
10579,20,55,2024-10-21,3.16,Expired,198.23
10580,20,37,2024-10-19,10.94,Overproduction,1056.15
10581,20,56,2024-10-10,14.87,Spoilage,4744.57
10582,20,43,2024-10-18,1.82,Expired,458.64
10583,20,24,2024-10-16,3.96,Expired,552.22
10584,20,23,2024-10-20,68.04,Expired,1050.44
10585,20,26,2024-11-20,4.64,Storage Issue,1399.66
10586,20,22,2024-11-06,9.57,Spoilage,2006.45
10587,20,65,2024-11-13,7.65,Overproduction,987.92
10588,20,48,2024-11-18,8.11,PREPARATION ERROR,2122.31
10589,20,44,2024-11-19,14.55,Overproduction,720.52
10590,20,35,2024-11-15,12.84,Quality Issue,410.62
10591,20,38,2024-11-27,1.73,Spoilage,456.51
10592,20,24,2024-11-24,1.32,Spoilage,333.59
10593,20,41,2024-11-25,14.32,Storage Issue,1051.66
10594,20,18,2024-11-09,11.65,Expired,3799.76
10595,20,12,2024-11-24,3.86,Overproduction,392.33
10596,20,9,2024-11-24,3.34,Expired,443.02
10597,20,28,2024-12-17,7.38,Quality Issue,1367.51
10598,20,47,2024-12-22,5.34,Preparation Error,1606.22
10599,20,2,2024-12-18,6.65,Quality Issue,359.43
10600,20,50,2024-12-02,13.73,Expired,1235.43
10601,20,38,2024-12-04,2.33,Spoilage,48.11
10602,20,19,2024-12-25,1.19,Preparation Error,411.73
10603,20,1,2024-12-08,1.71,Overproduction,73.17
10604,20,41,2024-12-08,12.68,Overproduction,2240.05
10605,20,16,2024-12-22,9.35,Expired,2538.99
10606,20,26,2024-12-21,4.59,Expired,412.73
10607,20,32,2024-12-03,6.25,Quality Issue,1726.38
10608,20,10,2024-12-14,11.69,Quality Issue,2161.95
10609,20,25,2025-01-01,4.71,Preparation Error,1455.3
10610,20,38,2025-01-23,10.49,Storage Issue,2343.57
10611,20,14,2025-01-27,14.7,Spoilage,2442.11
10612,20,15,2025-01-18,1.06,Storage Issue,123.1
10613,20,1,2025-01-18,4.63,Spoilage,921.14
10614,20,42,2025-01-26,4.3,Storage Issue,110.47
10615,20,17,2025-01-17,4.62,Expired,427.3
10616,20,11,2025-01-22,11.23,Quality Issue,2127.64
10617,20,12,2025-01-25,8.5,Expired,921.91
10618,20,27,2025-01-28,8.48,Overproduction,689.85
10619,20,61,2025-01-19,12.81,Overproduction,3359.93
10620,20,22,2025-01-26,4.58,Quality Issue,806.9
10621,20,9,2025-02-03,13.59,Preparation Error,2818.16
10622,20,61,2025-02-02,5.39,Storage Issue,1663.73
10623,20,15,2025-02-19,8.35,Expired,376.33
10624,20,13,2025-02-27,7.71,Preparation Error,733.22
10625,20,34,2025-02-23,14.59,Overproduction,3752.84
10626,20,32,2025-02-25,5.64,Storage Issue,1432.39
10627,20,28,2025-02-23,2.33,Storage Issue,100.54
10628,20,20,2025-02-18,2.82,Storage Issue,959.19
10629,20,16,2025-02-14,14.65,Spoilage,5051.03
10630,20,35,2025-02-06,7.87,Quality Issue,2100.19
10631,20,64,2025-02-19,1.3,Expired,385.53
10632,20,5,2025-02-24,1.4,Quality Issue,444.05
10633,20,28,2025-03-05,1.59,Preparation Error,525.48
10634,20,36,2025-03-11,2.44,Preparation Error,375.03
10635,20,18,2025-03-22,10.19,Expired,3239.4
10636,20,63,2025-03-01,3.51,Expired,469.11
10637,20,52,2025-03-19,3.99,Expired,1271.81
10638,20,43,2025-03-15,14.98,Expired,962.76
10639,20,7,2025-03-23,11.13,Expired,2903.37
10640,20,45,2025-03-22,13.18,Quality Issue,1139.28
10641,20,64,2025-03-05,8.64,Preparation Error,2648.42
10642,20,2,2025-03-12,6.7,Overproduction,654.79
10643,20,54,2025-03-20,10.71,Quality Issue,1509.57
10644,20,13,2025-03-22,1.8,Expired,244.73
10645,20,65,2025-04-24,11.59,Expired,2253.68
10646,20,12,2025-04-16,13.23,Expired,3578.85
10647,20,60,2025-04-02,13.77,Quality Issue,4473.87
10648,20,33,2025-04-27,11.24,Expired,375.19
10649,20,28,2025-04-04,9.41,Overproduction,3154.14
10650,20,23,2025-04-09,12.35,Preparation Error,258.73
10651,20,51,2025-04-05,7.37,Spoilage,908.5
10652,20,9,2025-04-25,4.03,Overproduction,913.52
10653,20,58,2025-04-13,9.56,Quality Issue,1078.56
10654,20,18,2025-04-17,6.03,Preparation Error,796.08
10655,20,62,2025-04-06,4.89,Spoilage,607.39
10656,20,61,2025-04-02,2.55,Preparation Error,809.96
10657,20,7,2025-05-25,6.49,Quality Issue,1478.55
10658,20,1,2025-05-05,8.36,Preparation Error,1612.89
10659,20,41,2025-05-22,8.56,Quality Issue,1838.69
10660,20,10,2025-05-19,10.03,Overproduction,2389.45
10661,20,26,2025-05-16,2.08,Quality Issue,287.33
10662,20,45,2025-05-11,1.9,Storage Issue,602.91
10663,20,36,2025-05-23,2.29,Preparation Error,196.41
10664,20,15,2025-05-08,3.76,Overproduction,1055.24
10665,20,60,2025-05-21,2.34,Expired,335.09
10666,20,47,2025-05-17,10.34,Spoilage,2533.09
10667,20,11,2025-05-01,8.81,expired,1229.52
10668,20,3,2025-05-22,8.43,Expired,1579.7
10669,20,27,2025-06-21,5.93,Storage Issue,652.95
10670,20,30,2025-06-20,13.16,Expired,2729.52
10671,20,24,2025-06-04,8.69,Storage Issue,1018.99
10672,20,65,2025-06-15,12.75,Storage Issue,4410.73
10673,20,55,2025-06-19,2.46,Overproduction,648.78
10674,20,59,2025-06-02,5.26,Overproduction,1776.35
10675,20,20,2025-06-07,4.59,Expired,1584.19
10676,20,3,2025-06-02,2.29,Expired,727.74
10677,20,22,2025-06-17,3.84,Storage Issue,422.67
10678,20,47,2025-06-11,14.49,Quality Issue,2385.63
10679,20,41,2025-06-22,13.57,Preparation Error,4028.12
10680,20,1,2025-06-26,9.94,Expired,546.5
10681,20,34,2025-07-25,1.04,Overproduction,122.92
10682,20,51,2025-07-26,4.12,Overproduction,461.69
10683,20,64,2025-07-08,4.1,Preparation Error,1410.85
10684,20,23,2025-07-07,4.44,Storage Issue,1150.49
10685,20,4,2025-07-23,13.58,Overproduction,3578.06
10686,20,36,2025-07-19,11.04,Spoilage,1795.21
10687,20,15,2025-07-21,13.82,Preparation Error,3269.81
10688,20,29,2025-07-25,10.57,Overproduction,2567.45
10689,20,33,2025-07-26,8.96,Expired,294.16
10690,20,44,2025-07-21,14.45,Quality Issue,1177.67
10691,20,58,2025-07-26,8.13,Preparation Error,283.25
10692,20,11,2025-07-13,7.89,Preparation Error,1715.05
10693,20,31,2025-08-06,2.61,Overproduction,584.25
10694,20,11,2025-08-22,10.32,Preparation Error,2686.5
10695,20,16,2025-08-17,14.23,Spoilage,2170.22
10696,20,63,2025-08-26,3.14,Spoilage,938.48
10697,20,60,2025-08-17,6.28,Preparation Error,1046.06
10698,20,56,2025-08-22,2.99,Quality Issue,354.14
10699,20,36,2025-08-09,1.18,Expired,382.01
10700,20,12,2025-08-09,8.48,Expired,214.88
10701,20,28,2025-08-04,13.71,Spoilage,750.49
10702,20,37,2025-08-17,5.11,Preparation Error,1422.62
10703,20,21,2025-08-16,3.12,Overproduction,435.12
10704,20,38,2025-08-21,6.62,Quality Issue,378.93
10705,20,55,2025-09-21,3.43,Storage Issue,803.34
10706,20,22,2025-09-15,7.1,Preparation Error,2377.43
10707,20,64,2025-09-23,3.5,Storage Issue,494.06
10708,20,44,2025-09-02,12.28,Quality Issue,904.3
10709,20,56,2025-09-26,2.5,Spoilage,597.62
10710,20,6,2025-09-28,1.14,Preparation Error,270.45
10711,20,4,2025-09-01,14.58,Storage Issue,4347.9
10712,20,54,2025-09-19,4.88,Expired,1705.95
10713,20,25,2025-09-08,14.42,Expired,1942.66
10714,20,26,2025-09-20,16.31,Spoilage,469.82
10715,20,16,2025-09-16,13.74,Overproduction,4363.14
10716,20,15,2025-09-09,14.46,Expired,1932.87
10717,20,24,2025-10-16,13.47,Expired,2969.19
10718,20,16,2025-10-26,4.93,Preparation Error,1189.51
10719,20,55,2025-10-05,11.6,Spoilage,2663.48
10720,20,8,2025-10-12,11.79,Preparation Error,3113.03
10721,20,38,2025-10-21,6.49,Storage Issue,1289.24
10722,20,36,2025-10-27,2.72,Storage Issue,935.14
10723,20,30,2025-10-19,13.11,Quality Issue,1035.3
10724,20,61,2025-10-25,9.18,Quality Issue,3095.68
10725,20,51,2025-10-25,1.67,Expired,332.3
10726,20,21,2025-10-17,12.85,Preparation Error,1588.39
10727,20,19,2025-10-22,10.85,Preparation Error,311.72
10728,20,3,2025-10-04,11.28,Storage Issue,1119.54
10729,20,19,2025-11-28,4.94,Quality Issue,172.95
10730,20,65,2025-11-09,1.49,Overproduction,59.64
10731,20,45,2025-11-12,9.7,Spoilage,854.08
10732,20,39,2025-11-15,1.16,SPOILAGE,132.46
10733,20,56,2025-11-27,8.5,Overproduction,2439.16
10734,20,15,2025-11-06,8.13,Expired,1792.99
10735,20,9,2025-11-21,14.97,Preparation Error,2667.65
10736,20,14,2025-11-24,1.44,Spoilage,383.72
10737,20,24,2025-11-03,7.71,Expired,1956.8
10738,20,12,2025-11-09,4.58,Overproduction,550.42
10739,20,58,2025-11-22,6.3,Preparation Error,1595.73
10740,20,34,2025-11-24,7.88,Expired,445.61
10741,20,47,2025-12-08,8.95,Spoilage,2518.26
10742,20,28,2025-12-04,9.89,Quality Issue,1939.13
10743,20,25,2025-12-07,8.29,Quality Issue,2325.68
10744,20,21,2025-12-17,5.45,EXPIRED,648.5
10745,20,44,2025-12-26,6.64,Storage Issue,1206.69
10746,20,62,2025-12-28,4.87,Storage Issue,171.76
10747,20,38,2025-12-08,10.48,Storage Issue,327.29
10748,20,24,2025-12-07,8.22,Quality Issue,1004.57
10749,20,34,2025-12-04,13.25,Overproduction,542.72
10750,20,51,2025-12-08,9.18,Storage Issue,2469.14
10751,20,39,2025-12-13,7.23,Overproduction,146.91
10752,20,35,2025-12-22,14.47,Quality Issue,1157.6
10753,20,28,2026-01-11,11.92,Expired,1627.32
10754,20,40,2026-01-23,10.28,Spoilage,3310.06
10755,20,18,2026-01-12,5.24,Overproduction,662.7
10756,20,62,2026-01-08,10.03,Storage Issue,271.81
10757,20,4,2026-01-20,6.56,Expired,781.89
10758,20,38,2026-01-25,11.32,Preparation Error,1129.51
10759,20,27,2026-01-13,1.32,Storage Issue,103.17
10760,20,15,2026-01-09,7.85,Spoilage,1563.41
10761,20,9,2026-01-05,1.37,Overproduction,199.8
10762,20,54,2026-01-22,2.04,Spoilage,421.2
10763,20,60,2026-01-07,9.01,Overproduction,1363.39
10764,20,23,2026-01-14,5.77,Spoilage,576.08
10765,20,60,2026-02-13,11.22,Preparation Error,2965.78
10766,20,19,2026-02-04,4.62,Expired,1139.85
10767,20,23,2026-02-18,2.87,Quality Issue,901.41
10768,20,33,2026-02-12,11.91,Overproduction,2084.49
10769,20,58,2026-02-19,14.55,Storage Issue,393.0
10770,20,56,2026-02-03,5.45,Expired,1853.16
10771,20,31,2026-02-19,5.83,Expired,164.58
10772,20,36,2026-02-03,5.53,Overproduction,513.52
10773,20,40,2026-02-08,2.25,Preparation Error,758.09
10774,20,12,2026-02-21,14.18,Preparation Error,4595.17
10775,20,55,2026-02-24,11.69,Preparation Error,2809.34
10776,20,37,2026-02-02,9.66,Expired,532.36
10777,20,16,2026-03-06,4.03,Quality Issue,745.67
10778,20,50,2026-03-13,13.01,Expired,1985.07
10779,20,29,2026-03-21,12.14,Spoilage,1356.28
10780,20,14,2026-03-03,9.23,Expired,3066.11
10781,20,1,2026-03-13,11.05,Preparation Error,3347.93
10782,20,47,2026-03-28,5.99,Preparation Error,1215.49
10783,20,4,2026-03-09,13.43,Quality Issue,1880.6
10784,20,56,2026-03-06,5.56,Expired,1253.11
10785,20,26,2026-03-26,10.11,Spoilage,1586.56
10786,20,9,2026-03-24,13.02,Quality Issue,4284.36
10787,20,57,2026-03-05,5.41,Expired,1696.85
10788,20,53,2026-03-14,12.29,Storage Issue,1273.61
10789,20,35,2026-04-24,3.43,Quality Issue,503.49
10790,20,25,2026-04-26,14.55,Overproduction,320.83
10791,20,36,2026-04-28,2.54,Storage Issue,334.98
10792,20,28,2026-04-15,6.94,Quality Issue,2293.74
10793,20,38,2026-04-25,13.4,Quality Issue,3385.78
10794,20,32,2026-04-18,13.25,Spoilage,3104.08
10795,20,30,2026-04-20,10.67,Storage Issue,2738.24
10796,20,44,2026-04-20,3.32,Overproduction,566.03
10797,20,65,2026-04-23,7.88,Preparation Error,2366.99
10798,20,21,2026-04-10,3.17,Spoilage,674.89
10799,20,4,2026-04-19,10.62,Spoilage,2725.09
10800,20,42,2026-04-19,12.33,Storage Issue,4289.61
10801,20,59,2026-05-03,1.97,Overproduction,611.61
10802,20,21,2026-05-06,5.96,Expired,1444.29
10803,20,52,2026-05-05,7.92,Spoilage,2291.1
10804,20,35,2026-05-22,8.02,preparation error,1151.59
10805,20,7,2026-05-18,7.29,Quality Issue,1970.05
10806,20,46,2026-05-20,2.47,Expired,71.75
10807,20,23,2026-05-06,8.41,Storage Issue,2159.35
10808,20,58,2026-05-26,5.22,Overproduction,767.76
10809,20,51,2026-05-28,3.24,Expired,286.06
10810,20,44,2026-05-17,6.82,Spoilage,2166.44
10811,20,32,2026-05-08,4.93,Preparation Error,1494.38
10812,20,60,2026-05-07,10.13,Spoilage,2589.33
10813,20,10,2026-06-22,13.96,Expired,2480.55
10814,20,1,2026-06-04,7.65,Storage Issue,204.1
10815,20,46,2026-06-10,6.32,Preparation Error,354.3
10816,20,36,2026-06-23,1.54,quality issue,462.38
10817,20,22,2026-06-15,4.97,Expired,556.14
10818,20,34,2026-06-07,6.89,Expired,714.56
10819,20,18,2026-06-09,11.42,Storage Issue,2415.22
10820,20,60,2026-06-13,11.23,Preparation Error,2080.47
10821,20,8,2026-06-02,14.37,Expired,2047.44
10822,20,65,2026-06-19,11.9,Overproduction,2340.97
10823,20,59,2026-06-20,6.09,Preparation Error,1984.85
10824,20,11,2026-06-24,14.64,Storage Issue,3129.59
10825,20,6,2026-07-17,13.13,Storage Issue,4494.14
10826,20,50,2026-07-25,4.46,Expired,927.01
10827,20,3,2026-07-26,8.88,Preparation Error,1494.33
10828,20,27,2026-07-13,6.41,Expired,466.97
10829,20,17,2026-07-02,1.08,Spoilage,59.44
10830,20,54,2026-07-05,13.13,Quality Issue,1100.95
10831,20,25,2026-07-19,13.66,Expired,3612.8
10832,20,43,2026-07-21,1.2,Expired,79.67
10833,20,29,2026-07-17,3.73,Overproduction,1257.38
10834,20,31,2026-07-02,5.3,Preparation Error,832.37
10835,20,59,2026-07-08,1.06,Overproduction,234.81
10836,20,41,2026-07-24,8.09,Quality Issue,2802.94
10837,20,6,2026-08-09,13.51,Expired,1767.78
10838,20,10,2026-08-09,13.31,Overproduction,4013.5
10839,20,58,2026-08-13,5.31,Spoilage,437.38
10840,20,39,2026-08-22,13.38,Overproduction,4383.02
10841,20,35,2026-08-17,3.49,Spoilage,743.79
10842,20,27,2026-08-24,4.57,Expired,429.31
10843,20,11,2026-08-06,8.88,Storage Issue,1936.37
10844,20,51,2026-08-03,12.37,Overproduction,3193.44
10845,20,46,2026-08-06,1.54,Expired,505.97
10846,20,61,2026-08-08,7.89,Preparation Error,506.85
10847,20,9,2026-08-14,5.13,Quality Issue,359.41
10848,20,20,2026-08-10,6.51,Overproduction,269.97
